DriverNumber,Abbreviation,TeamName,QualifyingPosition,RacePosition,FP1_BestLap,FP2_BestLap,FP3_BestLap,FP2_LongRunPace,AirTemp,TrackTemp,Humidity,WindSpeed,WindDirection,Circuit,Country,Round,Year
77,BOT,Mercedes,1.0,1.0,64.816,64.304,64.13,,21.31018518518518,32.00833333333333,54.679629629629616,1.4351851851851851,126.50925925925925,Austrian Grand Prix,Austria,1,2020
44,HAM,Mercedes,2.0,4.0,64.816,64.304,64.13,,21.31018518518518,32.00833333333333,54.679629629629616,1.4351851851851851,126.50925925925925,Austrian Grand Prix,Austria,1,2020
33,VER,Red Bull Racing,3.0,20.0,64.816,64.304,64.13,,21.31018518518518,32.00833333333333,54.679629629629616,1.4351851851851851,126.50925925925925,Austrian Grand Prix,Austria,1,2020
4,NOR,McLaren,4.0,3.0,64.816,64.304,64.13,,21.31018518518518,32.00833333333333,54.679629629629616,1.4351851851851851,126.50925925925925,Austrian Grand Prix,Austria,1,2020
23,ALB,Red Bull Racing,5.0,13.0,64.816,64.304,64.13,,21.31018518518518,32.00833333333333,54.679629629629616,1.4351851851851851,126.50925925925925,Austrian Grand Prix,Austria,1,2020
11,PER,Racing Point,6.0,6.0,64.816,64.304,64.13,,21.31018518518518,32.00833333333333,54.679629629629616,1.4351851851851851,126.50925925925925,Austrian Grand Prix,Austria,1,2020
16,LEC,Ferrari,7.0,2.0,64.816,64.304,64.13,,21.31018518518518,32.00833333333333,54.679629629629616,1.4351851851851851,126.50925925925925,Austrian Grand Prix,Austria,1,2020
55,SAI,McLaren,8.0,5.0,64.816,64.304,64.13,,21.31018518518518,32.00833333333333,54.679629629629616,1.4351851851851851,126.50925925925925,Austrian Grand Prix,Austria,1,2020
18,STR,Racing Point,9.0,18.0,64.816,64.304,64.13,,21.31018518518518,32.00833333333333,54.679629629629616,1.4351851851851851,126.50925925925925,Austrian Grand Prix,Austria,1,2020
3,RIC,Renault,10.0,19.0,64.816,64.304,64.13,,21.31018518518518,32.00833333333333,54.679629629629616,1.4351851851851851,126.50925925925925,Austrian Grand Prix,Austria,1,2020
5,VET,Ferrari,11.0,10.0,64.816,64.304,64.13,,21.31018518518518,32.00833333333333,54.679629629629616,1.4351851851851851,126.50925925925925,Austrian Grand Prix,Austria,1,2020
10,GAS,AlphaTauri,12.0,7.0,64.816,64.304,64.13,,21.31018518518518,32.00833333333333,54.679629629629616,1.4351851851851851,126.50925925925925,Austrian Grand Prix,Austria,1,2020
26,KVY,AlphaTauri,13.0,12.0,64.816,64.304,64.13,,21.31018518518518,32.00833333333333,54.679629629629616,1.4351851851851851,126.50925925925925,Austrian Grand Prix,Austria,1,2020
31,OCO,Renault,14.0,8.0,64.816,64.304,64.13,,21.31018518518518,32.00833333333333,54.679629629629616,1.4351851851851851,126.50925925925925,Austrian Grand Prix,Austria,1,2020
8,GRO,Haas F1 Team,15.0,16.0,64.816,64.304,64.13,,21.31018518518518,32.00833333333333,54.679629629629616,1.4351851851851851,126.50925925925925,Austrian Grand Prix,Austria,1,2020
20,MAG,Haas F1 Team,16.0,17.0,64.816,64.304,64.13,,21.31018518518518,32.00833333333333,54.679629629629616,1.4351851851851851,126.50925925925925,Austrian Grand Prix,Austria,1,2020
63,RUS,Williams,17.0,15.0,64.816,64.304,64.13,,21.31018518518518,32.00833333333333,54.679629629629616,1.4351851851851851,126.50925925925925,Austrian Grand Prix,Austria,1,2020
99,GIO,Alfa Romeo Racing,18.0,9.0,64.816,64.304,64.13,,21.31018518518518,32.00833333333333,54.679629629629616,1.4351851851851851,126.50925925925925,Austrian Grand Prix,Austria,1,2020
7,RAI,Alfa Romeo Racing,19.0,14.0,64.816,64.304,64.13,,21.31018518518518,32.00833333333333,54.679629629629616,1.4351851851851851,126.50925925925925,Austrian Grand Prix,Austria,1,2020
6,LAT,Williams,20.0,11.0,64.816,64.304,64.13,,21.31018518518518,32.00833333333333,54.679629629629616,1.4351851851851851,126.50925925925925,Austrian Grand Prix,Austria,1,2020
44,HAM,Mercedes,1.0,1.0,64.867,63.66,,,31.673831775700936,51.028971962616815,32.106542056074765,0.9467289719626166,147.3644859813084,Styrian Grand Prix,Austria,2,2020
33,VER,Red Bull Racing,2.0,3.0,64.867,63.66,,,31.673831775700936,51.028971962616815,32.106542056074765,0.9467289719626166,147.3644859813084,Styrian Grand Prix,Austria,2,2020
55,SAI,McLaren,3.0,9.0,64.867,63.66,,,31.673831775700936,51.028971962616815,32.106542056074765,0.9467289719626166,147.3644859813084,Styrian Grand Prix,Austria,2,2020
77,BOT,Mercedes,4.0,2.0,64.867,63.66,,,31.673831775700936,51.028971962616815,32.106542056074765,0.9467289719626166,147.3644859813084,Styrian Grand Prix,Austria,2,2020
31,OCO,Renault,5.0,18.0,64.867,63.66,,,31.673831775700936,51.028971962616815,32.106542056074765,0.9467289719626166,147.3644859813084,Styrian Grand Prix,Austria,2,2020
4,NOR,McLaren,6.0,5.0,64.867,63.66,,,31.673831775700936,51.028971962616815,32.106542056074765,0.9467289719626166,147.3644859813084,Styrian Grand Prix,Austria,2,2020
23,ALB,Red Bull Racing,7.0,4.0,64.867,63.66,,,31.673831775700936,51.028971962616815,32.106542056074765,0.9467289719626166,147.3644859813084,Styrian Grand Prix,Austria,2,2020
10,GAS,AlphaTauri,8.0,15.0,64.867,63.66,,,31.673831775700936,51.028971962616815,32.106542056074765,0.9467289719626166,147.3644859813084,Styrian Grand Prix,Austria,2,2020
3,RIC,Renault,9.0,8.0,64.867,63.66,,,31.673831775700936,51.028971962616815,32.106542056074765,0.9467289719626166,147.3644859813084,Styrian Grand Prix,Austria,2,2020
5,VET,Ferrari,10.0,20.0,64.867,63.66,,,31.673831775700936,51.028971962616815,32.106542056074765,0.9467289719626166,147.3644859813084,Styrian Grand Prix,Austria,2,2020
16,LEC,Ferrari,11.0,19.0,64.867,63.66,,,31.673831775700936,51.028971962616815,32.106542056074765,0.9467289719626166,147.3644859813084,Styrian Grand Prix,Austria,2,2020
63,RUS,Williams,12.0,16.0,64.867,63.66,,,31.673831775700936,51.028971962616815,32.106542056074765,0.9467289719626166,147.3644859813084,Styrian Grand Prix,Austria,2,2020
18,STR,Racing Point,13.0,7.0,64.867,63.66,,,31.673831775700936,51.028971962616815,32.106542056074765,0.9467289719626166,147.3644859813084,Styrian Grand Prix,Austria,2,2020
26,KVY,AlphaTauri,14.0,10.0,64.867,63.66,,,31.673831775700936,51.028971962616815,32.106542056074765,0.9467289719626166,147.3644859813084,Styrian Grand Prix,Austria,2,2020
20,MAG,Haas F1 Team,15.0,12.0,64.867,63.66,,,31.673831775700936,51.028971962616815,32.106542056074765,0.9467289719626166,147.3644859813084,Styrian Grand Prix,Austria,2,2020
7,RAI,Alfa Romeo Racing,16.0,11.0,64.867,63.66,,,31.673831775700936,51.028971962616815,32.106542056074765,0.9467289719626166,147.3644859813084,Styrian Grand Prix,Austria,2,2020
11,PER,Racing Point,17.0,6.0,64.867,63.66,,,31.673831775700936,51.028971962616815,32.106542056074765,0.9467289719626166,147.3644859813084,Styrian Grand Prix,Austria,2,2020
6,LAT,Williams,18.0,17.0,64.867,63.66,,,31.673831775700936,51.028971962616815,32.106542056074765,0.9467289719626166,147.3644859813084,Styrian Grand Prix,Austria,2,2020
99,GIO,Alfa Romeo Racing,19.0,14.0,64.867,63.66,,,31.673831775700936,51.028971962616815,32.106542056074765,0.9467289719626166,147.3644859813084,Styrian Grand Prix,Austria,2,2020
8,GRO,Haas F1 Team,20.0,13.0,64.867,63.66,,,31.673831775700936,51.028971962616815,32.106542056074765,0.9467289719626166,147.3644859813084,Styrian Grand Prix,Austria,2,2020
44,HAM,Mercedes,1.0,1.0,76.003,100.464,75.437,,16.10934579439252,19.992523364485983,89.57570093457943,1.358878504672897,99.99065420560747,Hungarian Grand Prix,Hungary,3,2020
77,BOT,Mercedes,2.0,3.0,76.003,100.464,75.437,,16.10934579439252,19.992523364485983,89.57570093457943,1.358878504672897,99.99065420560747,Hungarian Grand Prix,Hungary,3,2020
18,STR,Racing Point,3.0,4.0,76.003,100.464,75.437,,16.10934579439252,19.992523364485983,89.57570093457943,1.358878504672897,99.99065420560747,Hungarian Grand Prix,Hungary,3,2020
11,PER,Racing Point,4.0,7.0,76.003,100.464,75.437,,16.10934579439252,19.992523364485983,89.57570093457943,1.358878504672897,99.99065420560747,Hungarian Grand Prix,Hungary,3,2020
5,VET,Ferrari,5.0,6.0,76.003,100.464,75.437,,16.10934579439252,19.992523364485983,89.57570093457943,1.358878504672897,99.99065420560747,Hungarian Grand Prix,Hungary,3,2020
16,LEC,Ferrari,6.0,11.0,76.003,100.464,75.437,,16.10934579439252,19.992523364485983,89.57570093457943,1.358878504672897,99.99065420560747,Hungarian Grand Prix,Hungary,3,2020
33,VER,Red Bull Racing,7.0,2.0,76.003,100.464,75.437,,16.10934579439252,19.992523364485983,89.57570093457943,1.358878504672897,99.99065420560747,Hungarian Grand Prix,Hungary,3,2020
4,NOR,McLaren,8.0,13.0,76.003,100.464,75.437,,16.10934579439252,19.992523364485983,89.57570093457943,1.358878504672897,99.99065420560747,Hungarian Grand Prix,Hungary,3,2020
55,SAI,McLaren,9.0,9.0,76.003,100.464,75.437,,16.10934579439252,19.992523364485983,89.57570093457943,1.358878504672897,99.99065420560747,Hungarian Grand Prix,Hungary,3,2020
10,GAS,AlphaTauri,10.0,20.0,76.003,100.464,75.437,,16.10934579439252,19.992523364485983,89.57570093457943,1.358878504672897,99.99065420560747,Hungarian Grand Prix,Hungary,3,2020
3,RIC,Renault,11.0,8.0,76.003,100.464,75.437,,16.10934579439252,19.992523364485983,89.57570093457943,1.358878504672897,99.99065420560747,Hungarian Grand Prix,Hungary,3,2020
63,RUS,Williams,12.0,18.0,76.003,100.464,75.437,,16.10934579439252,19.992523364485983,89.57570093457943,1.358878504672897,99.99065420560747,Hungarian Grand Prix,Hungary,3,2020
23,ALB,Red Bull Racing,13.0,5.0,76.003,100.464,75.437,,16.10934579439252,19.992523364485983,89.57570093457943,1.358878504672897,99.99065420560747,Hungarian Grand Prix,Hungary,3,2020
31,OCO,Renault,14.0,14.0,76.003,100.464,75.437,,16.10934579439252,19.992523364485983,89.57570093457943,1.358878504672897,99.99065420560747,Hungarian Grand Prix,Hungary,3,2020
6,LAT,Williams,15.0,19.0,76.003,100.464,75.437,,16.10934579439252,19.992523364485983,89.57570093457943,1.358878504672897,99.99065420560747,Hungarian Grand Prix,Hungary,3,2020
20,MAG,Haas F1 Team,16.0,10.0,76.003,100.464,75.437,,16.10934579439252,19.992523364485983,89.57570093457943,1.358878504672897,99.99065420560747,Hungarian Grand Prix,Hungary,3,2020
26,KVY,AlphaTauri,17.0,12.0,76.003,100.464,75.437,,16.10934579439252,19.992523364485983,89.57570093457943,1.358878504672897,99.99065420560747,Hungarian Grand Prix,Hungary,3,2020
8,GRO,Haas F1 Team,18.0,16.0,76.003,100.464,75.437,,16.10934579439252,19.992523364485983,89.57570093457943,1.358878504672897,99.99065420560747,Hungarian Grand Prix,Hungary,3,2020
99,GIO,Alfa Romeo Racing,19.0,17.0,76.003,100.464,75.437,,16.10934579439252,19.992523364485983,89.57570093457943,1.358878504672897,99.99065420560747,Hungarian Grand Prix,Hungary,3,2020
7,RAI,Alfa Romeo Racing,20.0,15.0,76.003,100.464,75.437,,16.10934579439252,19.992523364485983,89.57570093457943,1.358878504672897,99.99065420560747,Hungarian Grand Prix,Hungary,3,2020
44,HAM,Mercedes,1.0,1.0,87.422,87.274,85.873,,35.31636363636363,48.477272727272734,28.12363636363636,2.6645454545454546,209.8181818181818,British Grand Prix,Great Britain,4,2020
77,BOT,Mercedes,2.0,11.0,87.422,87.274,85.873,,35.31636363636363,48.477272727272734,28.12363636363636,2.6645454545454546,209.8181818181818,British Grand Prix,Great Britain,4,2020
33,VER,Red Bull Racing,3.0,2.0,87.422,87.274,85.873,,35.31636363636363,48.477272727272734,28.12363636363636,2.6645454545454546,209.8181818181818,British Grand Prix,Great Britain,4,2020
16,LEC,Ferrari,4.0,3.0,87.422,87.274,85.873,,35.31636363636363,48.477272727272734,28.12363636363636,2.6645454545454546,209.8181818181818,British Grand Prix,Great Britain,4,2020
4,NOR,McLaren,5.0,5.0,87.422,87.274,85.873,,35.31636363636363,48.477272727272734,28.12363636363636,2.6645454545454546,209.8181818181818,British Grand Prix,Great Britain,4,2020
18,STR,Racing Point,6.0,9.0,87.422,87.274,85.873,,35.31636363636363,48.477272727272734,28.12363636363636,2.6645454545454546,209.8181818181818,British Grand Prix,Great Britain,4,2020
55,SAI,McLaren,7.0,13.0,87.422,87.274,85.873,,35.31636363636363,48.477272727272734,28.12363636363636,2.6645454545454546,209.8181818181818,British Grand Prix,Great Britain,4,2020
3,RIC,Renault,8.0,4.0,87.422,87.274,85.873,,35.31636363636363,48.477272727272734,28.12363636363636,2.6645454545454546,209.8181818181818,British Grand Prix,Great Britain,4,2020
31,OCO,Renault,9.0,6.0,87.422,87.274,85.873,,35.31636363636363,48.477272727272734,28.12363636363636,2.6645454545454546,209.8181818181818,British Grand Prix,Great Britain,4,2020
5,VET,Ferrari,10.0,10.0,87.422,87.274,85.873,,35.31636363636363,48.477272727272734,28.12363636363636,2.6645454545454546,209.8181818181818,British Grand Prix,Great Britain,4,2020
10,GAS,AlphaTauri,11.0,7.0,87.422,87.274,85.873,,35.31636363636363,48.477272727272734,28.12363636363636,2.6645454545454546,209.8181818181818,British Grand Prix,Great Britain,4,2020
23,ALB,Red Bull Racing,12.0,8.0,87.422,87.274,85.873,,35.31636363636363,48.477272727272734,28.12363636363636,2.6645454545454546,209.8181818181818,British Grand Prix,Great Britain,4,2020
27,HUL,Racing Point,13.0,20.0,87.422,87.274,85.873,,35.31636363636363,48.477272727272734,28.12363636363636,2.6645454545454546,209.8181818181818,British Grand Prix,Great Britain,4,2020
26,KVY,AlphaTauri,14.0,18.0,87.422,87.274,85.873,,35.31636363636363,48.477272727272734,28.12363636363636,2.6645454545454546,209.8181818181818,British Grand Prix,Great Britain,4,2020
63,RUS,Williams,15.0,12.0,87.422,87.274,85.873,,35.31636363636363,48.477272727272734,28.12363636363636,2.6645454545454546,209.8181818181818,British Grand Prix,Great Britain,4,2020
20,MAG,Haas F1 Team,16.0,19.0,87.422,87.274,85.873,,35.31636363636363,48.477272727272734,28.12363636363636,2.6645454545454546,209.8181818181818,British Grand Prix,Great Britain,4,2020
99,GIO,Alfa Romeo Racing,17.0,14.0,87.422,87.274,85.873,,35.31636363636363,48.477272727272734,28.12363636363636,2.6645454545454546,209.8181818181818,British Grand Prix,Great Britain,4,2020
7,RAI,Alfa Romeo Racing,18.0,17.0,87.422,87.274,85.873,,35.31636363636363,48.477272727272734,28.12363636363636,2.6645454545454546,209.8181818181818,British Grand Prix,Great Britain,4,2020
8,GRO,Haas F1 Team,19.0,16.0,87.422,87.274,85.873,,35.31636363636363,48.477272727272734,28.12363636363636,2.6645454545454546,209.8181818181818,British Grand Prix,Great Britain,4,2020
6,LAT,Williams,20.0,15.0,87.422,87.274,85.873,,35.31636363636363,48.477272727272734,28.12363636363636,2.6645454545454546,209.8181818181818,British Grand Prix,Great Britain,4,2020
77,BOT,Mercedes,1.0,3.0,86.166,85.606,86.621,,30.116999999999997,38.324999999999996,35.423,1.973,217.03,70th Anniversary Grand Prix,Great Britain,5,2020
44,HAM,Mercedes,2.0,2.0,86.166,85.606,86.621,,30.116999999999997,38.324999999999996,35.423,1.973,217.03,70th Anniversary Grand Prix,Great Britain,5,2020
27,HUL,Racing Point,3.0,7.0,86.166,85.606,86.621,,30.116999999999997,38.324999999999996,35.423,1.973,217.03,70th Anniversary Grand Prix,Great Britain,5,2020
33,VER,Red Bull Racing,4.0,1.0,86.166,85.606,86.621,,30.116999999999997,38.324999999999996,35.423,1.973,217.03,70th Anniversary Grand Prix,Great Britain,5,2020
3,RIC,Renault,5.0,14.0,86.166,85.606,86.621,,30.116999999999997,38.324999999999996,35.423,1.973,217.03,70th Anniversary Grand Prix,Great Britain,5,2020
18,STR,Racing Point,6.0,6.0,86.166,85.606,86.621,,30.116999999999997,38.324999999999996,35.423,1.973,217.03,70th Anniversary Grand Prix,Great Britain,5,2020
10,GAS,AlphaTauri,7.0,11.0,86.166,85.606,86.621,,30.116999999999997,38.324999999999996,35.423,1.973,217.03,70th Anniversary Grand Prix,Great Britain,5,2020
16,LEC,Ferrari,8.0,4.0,86.166,85.606,86.621,,30.116999999999997,38.324999999999996,35.423,1.973,217.03,70th Anniversary Grand Prix,Great Britain,5,2020
23,ALB,Red Bull Racing,9.0,5.0,86.166,85.606,86.621,,30.116999999999997,38.324999999999996,35.423,1.973,217.03,70th Anniversary Grand Prix,Great Britain,5,2020
4,NOR,McLaren,10.0,9.0,86.166,85.606,86.621,,30.116999999999997,38.324999999999996,35.423,1.973,217.03,70th Anniversary Grand Prix,Great Britain,5,2020
31,OCO,Renault,11.0,8.0,86.166,85.606,86.621,,30.116999999999997,38.324999999999996,35.423,1.973,217.03,70th Anniversary Grand Prix,Great Britain,5,2020
5,VET,Ferrari,12.0,12.0,86.166,85.606,86.621,,30.116999999999997,38.324999999999996,35.423,1.973,217.03,70th Anniversary Grand Prix,Great Britain,5,2020
55,SAI,McLaren,13.0,13.0,86.166,85.606,86.621,,30.116999999999997,38.324999999999996,35.423,1.973,217.03,70th Anniversary Grand Prix,Great Britain,5,2020
8,GRO,Haas F1 Team,14.0,16.0,86.166,85.606,86.621,,30.116999999999997,38.324999999999996,35.423,1.973,217.03,70th Anniversary Grand Prix,Great Britain,5,2020
63,RUS,Williams,15.0,18.0,86.166,85.606,86.621,,30.116999999999997,38.324999999999996,35.423,1.973,217.03,70th Anniversary Grand Prix,Great Britain,5,2020
26,KVY,AlphaTauri,16.0,10.0,86.166,85.606,86.621,,30.116999999999997,38.324999999999996,35.423,1.973,217.03,70th Anniversary Grand Prix,Great Britain,5,2020
20,MAG,Haas F1 Team,17.0,20.0,86.166,85.606,86.621,,30.116999999999997,38.324999999999996,35.423,1.973,217.03,70th Anniversary Grand Prix,Great Britain,5,2020
6,LAT,Williams,18.0,19.0,86.166,85.606,86.621,,30.116999999999997,38.324999999999996,35.423,1.973,217.03,70th Anniversary Grand Prix,Great Britain,5,2020
99,GIO,Alfa Romeo Racing,19.0,17.0,86.166,85.606,86.621,,30.116999999999997,38.324999999999996,35.423,1.973,217.03,70th Anniversary Grand Prix,Great Britain,5,2020
7,RAI,Alfa Romeo Racing,20.0,15.0,86.166,85.606,86.621,,30.116999999999997,38.324999999999996,35.423,1.973,217.03,70th Anniversary Grand Prix,Great Britain,5,2020
44,HAM,Mercedes,1.0,1.0,76.785,76.883,77.222,,30.38878504672897,48.11308411214954,51.021495327102805,1.7775700934579441,193.16822429906543,Spanish Grand Prix,Spain,6,2020
77,BOT,Mercedes,2.0,3.0,76.785,76.883,77.222,,30.38878504672897,48.11308411214954,51.021495327102805,1.7775700934579441,193.16822429906543,Spanish Grand Prix,Spain,6,2020
33,VER,Red Bull Racing,3.0,2.0,76.785,76.883,77.222,,30.38878504672897,48.11308411214954,51.021495327102805,1.7775700934579441,193.16822429906543,Spanish Grand Prix,Spain,6,2020
11,PER,Racing Point,4.0,5.0,76.785,76.883,77.222,,30.38878504672897,48.11308411214954,51.021495327102805,1.7775700934579441,193.16822429906543,Spanish Grand Prix,Spain,6,2020
18,STR,Racing Point,5.0,4.0,76.785,76.883,77.222,,30.38878504672897,48.11308411214954,51.021495327102805,1.7775700934579441,193.16822429906543,Spanish Grand Prix,Spain,6,2020
23,ALB,Red Bull Racing,6.0,8.0,76.785,76.883,77.222,,30.38878504672897,48.11308411214954,51.021495327102805,1.7775700934579441,193.16822429906543,Spanish Grand Prix,Spain,6,2020
55,SAI,McLaren,7.0,6.0,76.785,76.883,77.222,,30.38878504672897,48.11308411214954,51.021495327102805,1.7775700934579441,193.16822429906543,Spanish Grand Prix,Spain,6,2020
4,NOR,McLaren,8.0,10.0,76.785,76.883,77.222,,30.38878504672897,48.11308411214954,51.021495327102805,1.7775700934579441,193.16822429906543,Spanish Grand Prix,Spain,6,2020
16,LEC,Ferrari,9.0,20.0,76.785,76.883,77.222,,30.38878504672897,48.11308411214954,51.021495327102805,1.7775700934579441,193.16822429906543,Spanish Grand Prix,Spain,6,2020
10,GAS,AlphaTauri,10.0,9.0,76.785,76.883,77.222,,30.38878504672897,48.11308411214954,51.021495327102805,1.7775700934579441,193.16822429906543,Spanish Grand Prix,Spain,6,2020
5,VET,Ferrari,11.0,7.0,76.785,76.883,77.222,,30.38878504672897,48.11308411214954,51.021495327102805,1.7775700934579441,193.16822429906543,Spanish Grand Prix,Spain,6,2020
26,KVY,AlphaTauri,12.0,12.0,76.785,76.883,77.222,,30.38878504672897,48.11308411214954,51.021495327102805,1.7775700934579441,193.16822429906543,Spanish Grand Prix,Spain,6,2020
3,RIC,Renault,13.0,11.0,76.785,76.883,77.222,,30.38878504672897,48.11308411214954,51.021495327102805,1.7775700934579441,193.16822429906543,Spanish Grand Prix,Spain,6,2020
7,RAI,Alfa Romeo Racing,14.0,14.0,76.785,76.883,77.222,,30.38878504672897,48.11308411214954,51.021495327102805,1.7775700934579441,193.16822429906543,Spanish Grand Prix,Spain,6,2020
31,OCO,Renault,15.0,13.0,76.785,76.883,77.222,,30.38878504672897,48.11308411214954,51.021495327102805,1.7775700934579441,193.16822429906543,Spanish Grand Prix,Spain,6,2020
20,MAG,Haas F1 Team,16.0,15.0,76.785,76.883,77.222,,30.38878504672897,48.11308411214954,51.021495327102805,1.7775700934579441,193.16822429906543,Spanish Grand Prix,Spain,6,2020
8,GRO,Haas F1 Team,17.0,19.0,76.785,76.883,77.222,,30.38878504672897,48.11308411214954,51.021495327102805,1.7775700934579441,193.16822429906543,Spanish Grand Prix,Spain,6,2020
63,RUS,Williams,18.0,17.0,76.785,76.883,77.222,,30.38878504672897,48.11308411214954,51.021495327102805,1.7775700934579441,193.16822429906543,Spanish Grand Prix,Spain,6,2020
6,LAT,Williams,19.0,18.0,76.785,76.883,77.222,,30.38878504672897,48.11308411214954,51.021495327102805,1.7775700934579441,193.16822429906543,Spanish Grand Prix,Spain,6,2020
99,GIO,Alfa Romeo Racing,20.0,16.0,76.785,76.883,77.222,,30.38878504672897,48.11308411214954,51.021495327102805,1.7775700934579441,193.16822429906543,Spanish Grand Prix,Spain,6,2020
44,HAM,Mercedes,1.0,1.0,104.493,103.744,103.255,,17.715533980582524,24.42038834951456,62.5135922330097,1.5223300970873788,145.39805825242718,Belgian Grand Prix,Belgium,7,2020
77,BOT,Mercedes,2.0,2.0,104.493,103.744,103.255,,17.715533980582524,24.42038834951456,62.5135922330097,1.5223300970873788,145.39805825242718,Belgian Grand Prix,Belgium,7,2020
33,VER,Red Bull Racing,3.0,3.0,104.493,103.744,103.255,,17.715533980582524,24.42038834951456,62.5135922330097,1.5223300970873788,145.39805825242718,Belgian Grand Prix,Belgium,7,2020
3,RIC,Renault,4.0,4.0,104.493,103.744,103.255,,17.715533980582524,24.42038834951456,62.5135922330097,1.5223300970873788,145.39805825242718,Belgian Grand Prix,Belgium,7,2020
23,ALB,Red Bull Racing,5.0,6.0,104.493,103.744,103.255,,17.715533980582524,24.42038834951456,62.5135922330097,1.5223300970873788,145.39805825242718,Belgian Grand Prix,Belgium,7,2020
31,OCO,Renault,6.0,5.0,104.493,103.744,103.255,,17.715533980582524,24.42038834951456,62.5135922330097,1.5223300970873788,145.39805825242718,Belgian Grand Prix,Belgium,7,2020
55,SAI,McLaren,7.0,20.0,104.493,103.744,103.255,,17.715533980582524,24.42038834951456,62.5135922330097,1.5223300970873788,145.39805825242718,Belgian Grand Prix,Belgium,7,2020
11,PER,Racing Point,8.0,10.0,104.493,103.744,103.255,,17.715533980582524,24.42038834951456,62.5135922330097,1.5223300970873788,145.39805825242718,Belgian Grand Prix,Belgium,7,2020
18,STR,Racing Point,9.0,9.0,104.493,103.744,103.255,,17.715533980582524,24.42038834951456,62.5135922330097,1.5223300970873788,145.39805825242718,Belgian Grand Prix,Belgium,7,2020
4,NOR,McLaren,10.0,7.0,104.493,103.744,103.255,,17.715533980582524,24.42038834951456,62.5135922330097,1.5223300970873788,145.39805825242718,Belgian Grand Prix,Belgium,7,2020
26,KVY,AlphaTauri,11.0,11.0,104.493,103.744,103.255,,17.715533980582524,24.42038834951456,62.5135922330097,1.5223300970873788,145.39805825242718,Belgian Grand Prix,Belgium,7,2020
10,GAS,AlphaTauri,12.0,8.0,104.493,103.744,103.255,,17.715533980582524,24.42038834951456,62.5135922330097,1.5223300970873788,145.39805825242718,Belgian Grand Prix,Belgium,7,2020
16,LEC,Ferrari,13.0,14.0,104.493,103.744,103.255,,17.715533980582524,24.42038834951456,62.5135922330097,1.5223300970873788,145.39805825242718,Belgian Grand Prix,Belgium,7,2020
5,VET,Ferrari,14.0,13.0,104.493,103.744,103.255,,17.715533980582524,24.42038834951456,62.5135922330097,1.5223300970873788,145.39805825242718,Belgian Grand Prix,Belgium,7,2020
63,RUS,Williams,15.0,19.0,104.493,103.744,103.255,,17.715533980582524,24.42038834951456,62.5135922330097,1.5223300970873788,145.39805825242718,Belgian Grand Prix,Belgium,7,2020
7,RAI,Alfa Romeo Racing,16.0,12.0,104.493,103.744,103.255,,17.715533980582524,24.42038834951456,62.5135922330097,1.5223300970873788,145.39805825242718,Belgian Grand Prix,Belgium,7,2020
8,GRO,Haas F1 Team,17.0,15.0,104.493,103.744,103.255,,17.715533980582524,24.42038834951456,62.5135922330097,1.5223300970873788,145.39805825242718,Belgian Grand Prix,Belgium,7,2020
99,GIO,Alfa Romeo Racing,18.0,18.0,104.493,103.744,103.255,,17.715533980582524,24.42038834951456,62.5135922330097,1.5223300970873788,145.39805825242718,Belgian Grand Prix,Belgium,7,2020
6,LAT,Williams,19.0,16.0,104.493,103.744,103.255,,17.715533980582524,24.42038834951456,62.5135922330097,1.5223300970873788,145.39805825242718,Belgian Grand Prix,Belgium,7,2020
20,MAG,Haas F1 Team,20.0,17.0,104.493,103.744,103.255,,17.715533980582524,24.42038834951456,62.5135922330097,1.5223300970873788,145.39805825242718,Belgian Grand Prix,Belgium,7,2020
44,HAM,Mercedes,1.0,7.0,80.703,80.192,80.089,,27.819230769230767,42.598076923076924,43.388461538461534,1.5240384615384615,183.95192307692307,Italian Grand Prix,Italy,8,2020
77,BOT,Mercedes,2.0,5.0,80.703,80.192,80.089,,27.819230769230767,42.598076923076924,43.388461538461534,1.5240384615384615,183.95192307692307,Italian Grand Prix,Italy,8,2020
55,SAI,McLaren,3.0,2.0,80.703,80.192,80.089,,27.819230769230767,42.598076923076924,43.388461538461534,1.5240384615384615,183.95192307692307,Italian Grand Prix,Italy,8,2020
11,PER,Racing Point,4.0,10.0,80.703,80.192,80.089,,27.819230769230767,42.598076923076924,43.388461538461534,1.5240384615384615,183.95192307692307,Italian Grand Prix,Italy,8,2020
33,VER,Red Bull Racing,5.0,17.0,80.703,80.192,80.089,,27.819230769230767,42.598076923076924,43.388461538461534,1.5240384615384615,183.95192307692307,Italian Grand Prix,Italy,8,2020
4,NOR,McLaren,6.0,4.0,80.703,80.192,80.089,,27.819230769230767,42.598076923076924,43.388461538461534,1.5240384615384615,183.95192307692307,Italian Grand Prix,Italy,8,2020
3,RIC,Renault,7.0,6.0,80.703,80.192,80.089,,27.819230769230767,42.598076923076924,43.388461538461534,1.5240384615384615,183.95192307692307,Italian Grand Prix,Italy,8,2020
18,STR,Racing Point,8.0,3.0,80.703,80.192,80.089,,27.819230769230767,42.598076923076924,43.388461538461534,1.5240384615384615,183.95192307692307,Italian Grand Prix,Italy,8,2020
23,ALB,Red Bull Racing,9.0,15.0,80.703,80.192,80.089,,27.819230769230767,42.598076923076924,43.388461538461534,1.5240384615384615,183.95192307692307,Italian Grand Prix,Italy,8,2020
10,GAS,AlphaTauri,10.0,1.0,80.703,80.192,80.089,,27.819230769230767,42.598076923076924,43.388461538461534,1.5240384615384615,183.95192307692307,Italian Grand Prix,Italy,8,2020
26,KVY,AlphaTauri,11.0,9.0,80.703,80.192,80.089,,27.819230769230767,42.598076923076924,43.388461538461534,1.5240384615384615,183.95192307692307,Italian Grand Prix,Italy,8,2020
31,OCO,Renault,12.0,8.0,80.703,80.192,80.089,,27.819230769230767,42.598076923076924,43.388461538461534,1.5240384615384615,183.95192307692307,Italian Grand Prix,Italy,8,2020
16,LEC,Ferrari,13.0,18.0,80.703,80.192,80.089,,27.819230769230767,42.598076923076924,43.388461538461534,1.5240384615384615,183.95192307692307,Italian Grand Prix,Italy,8,2020
7,RAI,Alfa Romeo Racing,14.0,13.0,80.703,80.192,80.089,,27.819230769230767,42.598076923076924,43.388461538461534,1.5240384615384615,183.95192307692307,Italian Grand Prix,Italy,8,2020
20,MAG,Haas F1 Team,15.0,19.0,80.703,80.192,80.089,,27.819230769230767,42.598076923076924,43.388461538461534,1.5240384615384615,183.95192307692307,Italian Grand Prix,Italy,8,2020
8,GRO,Haas F1 Team,16.0,12.0,80.703,80.192,80.089,,27.819230769230767,42.598076923076924,43.388461538461534,1.5240384615384615,183.95192307692307,Italian Grand Prix,Italy,8,2020
5,VET,Ferrari,17.0,20.0,80.703,80.192,80.089,,27.819230769230767,42.598076923076924,43.388461538461534,1.5240384615384615,183.95192307692307,Italian Grand Prix,Italy,8,2020
99,GIO,Alfa Romeo Racing,18.0,16.0,80.703,80.192,80.089,,27.819230769230767,42.598076923076924,43.388461538461534,1.5240384615384615,183.95192307692307,Italian Grand Prix,Italy,8,2020
63,RUS,Williams,19.0,14.0,80.703,80.192,80.089,,27.819230769230767,42.598076923076924,43.388461538461534,1.5240384615384615,183.95192307692307,Italian Grand Prix,Italy,8,2020
6,LAT,Williams,20.0,11.0,80.703,80.192,80.089,,27.819230769230767,42.598076923076924,43.388461538461534,1.5240384615384615,183.95192307692307,Italian Grand Prix,Italy,8,2020
44,HAM,Mercedes,1.0,1.0,77.879,76.989,76.53,,28.90648148148148,42.42962962962964,46.85092592592592,2.352777777777778,66.08333333333333,Tuscan Grand Prix,Italy,9,2020
77,BOT,Mercedes,2.0,2.0,77.879,76.989,76.53,,28.90648148148148,42.42962962962964,46.85092592592592,2.352777777777778,66.08333333333333,Tuscan Grand Prix,Italy,9,2020
33,VER,Red Bull Racing,3.0,19.0,77.879,76.989,76.53,,28.90648148148148,42.42962962962964,46.85092592592592,2.352777777777778,66.08333333333333,Tuscan Grand Prix,Italy,9,2020
23,ALB,Red Bull Racing,4.0,3.0,77.879,76.989,76.53,,28.90648148148148,42.42962962962964,46.85092592592592,2.352777777777778,66.08333333333333,Tuscan Grand Prix,Italy,9,2020
16,LEC,Ferrari,5.0,8.0,77.879,76.989,76.53,,28.90648148148148,42.42962962962964,46.85092592592592,2.352777777777778,66.08333333333333,Tuscan Grand Prix,Italy,9,2020
11,PER,Racing Point,6.0,5.0,77.879,76.989,76.53,,28.90648148148148,42.42962962962964,46.85092592592592,2.352777777777778,66.08333333333333,Tuscan Grand Prix,Italy,9,2020
18,STR,Racing Point,7.0,13.0,77.879,76.989,76.53,,28.90648148148148,42.42962962962964,46.85092592592592,2.352777777777778,66.08333333333333,Tuscan Grand Prix,Italy,9,2020
3,RIC,Renault,8.0,4.0,77.879,76.989,76.53,,28.90648148148148,42.42962962962964,46.85092592592592,2.352777777777778,66.08333333333333,Tuscan Grand Prix,Italy,9,2020
55,SAI,McLaren,9.0,18.0,77.879,76.989,76.53,,28.90648148148148,42.42962962962964,46.85092592592592,2.352777777777778,66.08333333333333,Tuscan Grand Prix,Italy,9,2020
31,OCO,Renault,10.0,14.0,77.879,76.989,76.53,,28.90648148148148,42.42962962962964,46.85092592592592,2.352777777777778,66.08333333333333,Tuscan Grand Prix,Italy,9,2020
4,NOR,McLaren,11.0,6.0,77.879,76.989,76.53,,28.90648148148148,42.42962962962964,46.85092592592592,2.352777777777778,66.08333333333333,Tuscan Grand Prix,Italy,9,2020
26,KVY,AlphaTauri,12.0,7.0,77.879,76.989,76.53,,28.90648148148148,42.42962962962964,46.85092592592592,2.352777777777778,66.08333333333333,Tuscan Grand Prix,Italy,9,2020
7,RAI,Alfa Romeo Racing,13.0,9.0,77.879,76.989,76.53,,28.90648148148148,42.42962962962964,46.85092592592592,2.352777777777778,66.08333333333333,Tuscan Grand Prix,Italy,9,2020
5,VET,Ferrari,14.0,10.0,77.879,76.989,76.53,,28.90648148148148,42.42962962962964,46.85092592592592,2.352777777777778,66.08333333333333,Tuscan Grand Prix,Italy,9,2020
8,GRO,Haas F1 Team,15.0,12.0,77.879,76.989,76.53,,28.90648148148148,42.42962962962964,46.85092592592592,2.352777777777778,66.08333333333333,Tuscan Grand Prix,Italy,9,2020
10,GAS,AlphaTauri,16.0,20.0,77.879,76.989,76.53,,28.90648148148148,42.42962962962964,46.85092592592592,2.352777777777778,66.08333333333333,Tuscan Grand Prix,Italy,9,2020
99,GIO,Alfa Romeo Racing,17.0,17.0,77.879,76.989,76.53,,28.90648148148148,42.42962962962964,46.85092592592592,2.352777777777778,66.08333333333333,Tuscan Grand Prix,Italy,9,2020
63,RUS,Williams,18.0,11.0,77.879,76.989,76.53,,28.90648148148148,42.42962962962964,46.85092592592592,2.352777777777778,66.08333333333333,Tuscan Grand Prix,Italy,9,2020
6,LAT,Williams,19.0,15.0,77.879,76.989,76.53,,28.90648148148148,42.42962962962964,46.85092592592592,2.352777777777778,66.08333333333333,Tuscan Grand Prix,Italy,9,2020
20,MAG,Haas F1 Team,20.0,16.0,77.879,76.989,76.53,,28.90648148148148,42.42962962962964,46.85092592592592,2.352777777777778,66.08333333333333,Tuscan Grand Prix,Italy,9,2020
44,HAM,Mercedes,1.0,3.0,94.923,93.519,93.279,,27.96944444444445,36.46111111111111,51.951851851851856,2.8611111111111116,192.13888888888889,Russian Grand Prix,Russia,10,2020
33,VER,Red Bull Racing,2.0,2.0,94.923,93.519,93.279,,27.96944444444445,36.46111111111111,51.951851851851856,2.8611111111111116,192.13888888888889,Russian Grand Prix,Russia,10,2020
77,BOT,Mercedes,3.0,1.0,94.923,93.519,93.279,,27.96944444444445,36.46111111111111,51.951851851851856,2.8611111111111116,192.13888888888889,Russian Grand Prix,Russia,10,2020
11,PER,Racing Point,4.0,4.0,94.923,93.519,93.279,,27.96944444444445,36.46111111111111,51.951851851851856,2.8611111111111116,192.13888888888889,Russian Grand Prix,Russia,10,2020
3,RIC,Renault,5.0,5.0,94.923,93.519,93.279,,27.96944444444445,36.46111111111111,51.951851851851856,2.8611111111111116,192.13888888888889,Russian Grand Prix,Russia,10,2020
55,SAI,McLaren,6.0,19.0,94.923,93.519,93.279,,27.96944444444445,36.46111111111111,51.951851851851856,2.8611111111111116,192.13888888888889,Russian Grand Prix,Russia,10,2020
31,OCO,Renault,7.0,7.0,94.923,93.519,93.279,,27.96944444444445,36.46111111111111,51.951851851851856,2.8611111111111116,192.13888888888889,Russian Grand Prix,Russia,10,2020
4,NOR,McLaren,8.0,15.0,94.923,93.519,93.279,,27.96944444444445,36.46111111111111,51.951851851851856,2.8611111111111116,192.13888888888889,Russian Grand Prix,Russia,10,2020
10,GAS,AlphaTauri,9.0,9.0,94.923,93.519,93.279,,27.96944444444445,36.46111111111111,51.951851851851856,2.8611111111111116,192.13888888888889,Russian Grand Prix,Russia,10,2020
23,ALB,Red Bull Racing,10.0,10.0,94.923,93.519,93.279,,27.96944444444445,36.46111111111111,51.951851851851856,2.8611111111111116,192.13888888888889,Russian Grand Prix,Russia,10,2020
16,LEC,Ferrari,11.0,6.0,94.923,93.519,93.279,,27.96944444444445,36.46111111111111,51.951851851851856,2.8611111111111116,192.13888888888889,Russian Grand Prix,Russia,10,2020
26,KVY,AlphaTauri,12.0,8.0,94.923,93.519,93.279,,27.96944444444445,36.46111111111111,51.951851851851856,2.8611111111111116,192.13888888888889,Russian Grand Prix,Russia,10,2020
18,STR,Racing Point,13.0,20.0,94.923,93.519,93.279,,27.96944444444445,36.46111111111111,51.951851851851856,2.8611111111111116,192.13888888888889,Russian Grand Prix,Russia,10,2020
63,RUS,Williams,14.0,18.0,94.923,93.519,93.279,,27.96944444444445,36.46111111111111,51.951851851851856,2.8611111111111116,192.13888888888889,Russian Grand Prix,Russia,10,2020
5,VET,Ferrari,15.0,13.0,94.923,93.519,93.279,,27.96944444444445,36.46111111111111,51.951851851851856,2.8611111111111116,192.13888888888889,Russian Grand Prix,Russia,10,2020
8,GRO,Haas F1 Team,16.0,17.0,94.923,93.519,93.279,,27.96944444444445,36.46111111111111,51.951851851851856,2.8611111111111116,192.13888888888889,Russian Grand Prix,Russia,10,2020
99,GIO,Alfa Romeo Racing,17.0,11.0,94.923,93.519,93.279,,27.96944444444445,36.46111111111111,51.951851851851856,2.8611111111111116,192.13888888888889,Russian Grand Prix,Russia,10,2020
20,MAG,Haas F1 Team,18.0,12.0,94.923,93.519,93.279,,27.96944444444445,36.46111111111111,51.951851851851856,2.8611111111111116,192.13888888888889,Russian Grand Prix,Russia,10,2020
6,LAT,Williams,19.0,16.0,94.923,93.519,93.279,,27.96944444444445,36.46111111111111,51.951851851851856,2.8611111111111116,192.13888888888889,Russian Grand Prix,Russia,10,2020
7,RAI,Alfa Romeo Racing,20.0,14.0,94.923,93.519,93.279,,27.96944444444445,36.46111111111111,51.951851851851856,2.8611111111111116,192.13888888888889,Russian Grand Prix,Russia,10,2020
77,BOT,Mercedes,1.0,19.0,,,86.225,,10.464761904761904,13.280952380952384,95.22857142857143,1.9104761904761907,185.45714285714286,Eifel Grand Prix,Germany,11,2020
44,HAM,Mercedes,2.0,1.0,,,86.225,,10.464761904761904,13.280952380952384,95.22857142857143,1.9104761904761907,185.45714285714286,Eifel Grand Prix,Germany,11,2020
33,VER,Red Bull Racing,3.0,2.0,,,86.225,,10.464761904761904,13.280952380952384,95.22857142857143,1.9104761904761907,185.45714285714286,Eifel Grand Prix,Germany,11,2020
16,LEC,Ferrari,4.0,7.0,,,86.225,,10.464761904761904,13.280952380952384,95.22857142857143,1.9104761904761907,185.45714285714286,Eifel Grand Prix,Germany,11,2020
23,ALB,Red Bull Racing,5.0,17.0,,,86.225,,10.464761904761904,13.280952380952384,95.22857142857143,1.9104761904761907,185.45714285714286,Eifel Grand Prix,Germany,11,2020
3,RIC,Renault,6.0,3.0,,,86.225,,10.464761904761904,13.280952380952384,95.22857142857143,1.9104761904761907,185.45714285714286,Eifel Grand Prix,Germany,11,2020
31,OCO,Renault,7.0,18.0,,,86.225,,10.464761904761904,13.280952380952384,95.22857142857143,1.9104761904761907,185.45714285714286,Eifel Grand Prix,Germany,11,2020
4,NOR,McLaren,8.0,16.0,,,86.225,,10.464761904761904,13.280952380952384,95.22857142857143,1.9104761904761907,185.45714285714286,Eifel Grand Prix,Germany,11,2020
11,PER,Racing Point,9.0,4.0,,,86.225,,10.464761904761904,13.280952380952384,95.22857142857143,1.9104761904761907,185.45714285714286,Eifel Grand Prix,Germany,11,2020
55,SAI,McLaren,10.0,5.0,,,86.225,,10.464761904761904,13.280952380952384,95.22857142857143,1.9104761904761907,185.45714285714286,Eifel Grand Prix,Germany,11,2020
5,VET,Ferrari,11.0,11.0,,,86.225,,10.464761904761904,13.280952380952384,95.22857142857143,1.9104761904761907,185.45714285714286,Eifel Grand Prix,Germany,11,2020
10,GAS,AlphaTauri,12.0,6.0,,,86.225,,10.464761904761904,13.280952380952384,95.22857142857143,1.9104761904761907,185.45714285714286,Eifel Grand Prix,Germany,11,2020
26,KVY,AlphaTauri,13.0,15.0,,,86.225,,10.464761904761904,13.280952380952384,95.22857142857143,1.9104761904761907,185.45714285714286,Eifel Grand Prix,Germany,11,2020
99,GIO,Alfa Romeo Racing,14.0,10.0,,,86.225,,10.464761904761904,13.280952380952384,95.22857142857143,1.9104761904761907,185.45714285714286,Eifel Grand Prix,Germany,11,2020
20,MAG,Haas F1 Team,15.0,13.0,,,86.225,,10.464761904761904,13.280952380952384,95.22857142857143,1.9104761904761907,185.45714285714286,Eifel Grand Prix,Germany,11,2020
8,GRO,Haas F1 Team,16.0,9.0,,,86.225,,10.464761904761904,13.280952380952384,95.22857142857143,1.9104761904761907,185.45714285714286,Eifel Grand Prix,Germany,11,2020
63,RUS,Williams,17.0,20.0,,,86.225,,10.464761904761904,13.280952380952384,95.22857142857143,1.9104761904761907,185.45714285714286,Eifel Grand Prix,Germany,11,2020
6,LAT,Williams,18.0,14.0,,,86.225,,10.464761904761904,13.280952380952384,95.22857142857143,1.9104761904761907,185.45714285714286,Eifel Grand Prix,Germany,11,2020
7,RAI,Alfa Romeo Racing,19.0,12.0,,,86.225,,10.464761904761904,13.280952380952384,95.22857142857143,1.9104761904761907,185.45714285714286,Eifel Grand Prix,Germany,11,2020
27,HUL,Racing Point,20.0,8.0,,,86.225,,10.464761904761904,13.280952380952384,95.22857142857143,1.9104761904761907,185.45714285714286,Eifel Grand Prix,Germany,11,2020
44,HAM,Mercedes,1.0,1.0,78.41,77.94,76.654,,20.955000000000002,33.4625,52.42333333333333,2.6333333333333333,297.4583333333333,Portuguese Grand Prix,Portugal,12,2020
77,BOT,Mercedes,2.0,2.0,78.41,77.94,76.654,,20.955000000000002,33.4625,52.42333333333333,2.6333333333333333,297.4583333333333,Portuguese Grand Prix,Portugal,12,2020
33,VER,Red Bull Racing,3.0,3.0,78.41,77.94,76.654,,20.955000000000002,33.4625,52.42333333333333,2.6333333333333333,297.4583333333333,Portuguese Grand Prix,Portugal,12,2020
16,LEC,Ferrari,4.0,4.0,78.41,77.94,76.654,,20.955000000000002,33.4625,52.42333333333333,2.6333333333333333,297.4583333333333,Portuguese Grand Prix,Portugal,12,2020
11,PER,Racing Point,5.0,7.0,78.41,77.94,76.654,,20.955000000000002,33.4625,52.42333333333333,2.6333333333333333,297.4583333333333,Portuguese Grand Prix,Portugal,12,2020
23,ALB,Red Bull Racing,6.0,12.0,78.41,77.94,76.654,,20.955000000000002,33.4625,52.42333333333333,2.6333333333333333,297.4583333333333,Portuguese Grand Prix,Portugal,12,2020
55,SAI,McLaren,7.0,6.0,78.41,77.94,76.654,,20.955000000000002,33.4625,52.42333333333333,2.6333333333333333,297.4583333333333,Portuguese Grand Prix,Portugal,12,2020
4,NOR,McLaren,8.0,13.0,78.41,77.94,76.654,,20.955000000000002,33.4625,52.42333333333333,2.6333333333333333,297.4583333333333,Portuguese Grand Prix,Portugal,12,2020
10,GAS,AlphaTauri,9.0,5.0,78.41,77.94,76.654,,20.955000000000002,33.4625,52.42333333333333,2.6333333333333333,297.4583333333333,Portuguese Grand Prix,Portugal,12,2020
3,RIC,Renault,10.0,9.0,78.41,77.94,76.654,,20.955000000000002,33.4625,52.42333333333333,2.6333333333333333,297.4583333333333,Portuguese Grand Prix,Portugal,12,2020
31,OCO,Renault,11.0,8.0,78.41,77.94,76.654,,20.955000000000002,33.4625,52.42333333333333,2.6333333333333333,297.4583333333333,Portuguese Grand Prix,Portugal,12,2020
18,STR,Racing Point,12.0,20.0,78.41,77.94,76.654,,20.955000000000002,33.4625,52.42333333333333,2.6333333333333333,297.4583333333333,Portuguese Grand Prix,Portugal,12,2020
26,KVY,AlphaTauri,13.0,19.0,78.41,77.94,76.654,,20.955000000000002,33.4625,52.42333333333333,2.6333333333333333,297.4583333333333,Portuguese Grand Prix,Portugal,12,2020
63,RUS,Williams,14.0,14.0,78.41,77.94,76.654,,20.955000000000002,33.4625,52.42333333333333,2.6333333333333333,297.4583333333333,Portuguese Grand Prix,Portugal,12,2020
5,VET,Ferrari,15.0,10.0,78.41,77.94,76.654,,20.955000000000002,33.4625,52.42333333333333,2.6333333333333333,297.4583333333333,Portuguese Grand Prix,Portugal,12,2020
7,RAI,Alfa Romeo Racing,16.0,11.0,78.41,77.94,76.654,,20.955000000000002,33.4625,52.42333333333333,2.6333333333333333,297.4583333333333,Portuguese Grand Prix,Portugal,12,2020
99,GIO,Alfa Romeo Racing,17.0,15.0,78.41,77.94,76.654,,20.955000000000002,33.4625,52.42333333333333,2.6333333333333333,297.4583333333333,Portuguese Grand Prix,Portugal,12,2020
8,GRO,Haas F1 Team,18.0,17.0,78.41,77.94,76.654,,20.955000000000002,33.4625,52.42333333333333,2.6333333333333333,297.4583333333333,Portuguese Grand Prix,Portugal,12,2020
20,MAG,Haas F1 Team,19.0,16.0,78.41,77.94,76.654,,20.955000000000002,33.4625,52.42333333333333,2.6333333333333333,297.4583333333333,Portuguese Grand Prix,Portugal,12,2020
6,LAT,Williams,20.0,18.0,78.41,77.94,76.654,,20.955000000000002,33.4625,52.42333333333333,2.6333333333333333,297.4583333333333,Portuguese Grand Prix,Portugal,12,2020
77,BOT,Mercedes,1.0,2.0,74.726,,,,16.952727272727273,20.516363636363632,70.90636363636362,1.4681818181818185,109.56363636363636,Emilia Romagna Grand Prix,Italy,13,2020
44,HAM,Mercedes,2.0,1.0,74.726,,,,16.952727272727273,20.516363636363632,70.90636363636362,1.4681818181818185,109.56363636363636,Emilia Romagna Grand Prix,Italy,13,2020
33,VER,Red Bull Racing,3.0,17.0,74.726,,,,16.952727272727273,20.516363636363632,70.90636363636362,1.4681818181818185,109.56363636363636,Emilia Romagna Grand Prix,Italy,13,2020
10,GAS,AlphaTauri,4.0,20.0,74.726,,,,16.952727272727273,20.516363636363632,70.90636363636362,1.4681818181818185,109.56363636363636,Emilia Romagna Grand Prix,Italy,13,2020
3,RIC,Renault,5.0,3.0,74.726,,,,16.952727272727273,20.516363636363632,70.90636363636362,1.4681818181818185,109.56363636363636,Emilia Romagna Grand Prix,Italy,13,2020
23,ALB,Red Bull Racing,6.0,15.0,74.726,,,,16.952727272727273,20.516363636363632,70.90636363636362,1.4681818181818185,109.56363636363636,Emilia Romagna Grand Prix,Italy,13,2020
16,LEC,Ferrari,7.0,5.0,74.726,,,,16.952727272727273,20.516363636363632,70.90636363636362,1.4681818181818185,109.56363636363636,Emilia Romagna Grand Prix,Italy,13,2020
26,KVY,AlphaTauri,8.0,4.0,74.726,,,,16.952727272727273,20.516363636363632,70.90636363636362,1.4681818181818185,109.56363636363636,Emilia Romagna Grand Prix,Italy,13,2020
4,NOR,McLaren,9.0,8.0,74.726,,,,16.952727272727273,20.516363636363632,70.90636363636362,1.4681818181818185,109.56363636363636,Emilia Romagna Grand Prix,Italy,13,2020
55,SAI,McLaren,10.0,7.0,74.726,,,,16.952727272727273,20.516363636363632,70.90636363636362,1.4681818181818185,109.56363636363636,Emilia Romagna Grand Prix,Italy,13,2020
11,PER,Racing Point,11.0,6.0,74.726,,,,16.952727272727273,20.516363636363632,70.90636363636362,1.4681818181818185,109.56363636363636,Emilia Romagna Grand Prix,Italy,13,2020
31,OCO,Renault,12.0,19.0,74.726,,,,16.952727272727273,20.516363636363632,70.90636363636362,1.4681818181818185,109.56363636363636,Emilia Romagna Grand Prix,Italy,13,2020
63,RUS,Williams,13.0,16.0,74.726,,,,16.952727272727273,20.516363636363632,70.90636363636362,1.4681818181818185,109.56363636363636,Emilia Romagna Grand Prix,Italy,13,2020
5,VET,Ferrari,14.0,12.0,74.726,,,,16.952727272727273,20.516363636363632,70.90636363636362,1.4681818181818185,109.56363636363636,Emilia Romagna Grand Prix,Italy,13,2020
18,STR,Racing Point,15.0,13.0,74.726,,,,16.952727272727273,20.516363636363632,70.90636363636362,1.4681818181818185,109.56363636363636,Emilia Romagna Grand Prix,Italy,13,2020
8,GRO,Haas F1 Team,16.0,14.0,74.726,,,,16.952727272727273,20.516363636363632,70.90636363636362,1.4681818181818185,109.56363636363636,Emilia Romagna Grand Prix,Italy,13,2020
20,MAG,Haas F1 Team,17.0,18.0,74.726,,,,16.952727272727273,20.516363636363632,70.90636363636362,1.4681818181818185,109.56363636363636,Emilia Romagna Grand Prix,Italy,13,2020
7,RAI,Alfa Romeo Racing,18.0,9.0,74.726,,,,16.952727272727273,20.516363636363632,70.90636363636362,1.4681818181818185,109.56363636363636,Emilia Romagna Grand Prix,Italy,13,2020
6,LAT,Williams,19.0,11.0,74.726,,,,16.952727272727273,20.516363636363632,70.90636363636362,1.4681818181818185,109.56363636363636,Emilia Romagna Grand Prix,Italy,13,2020
99,GIO,Alfa Romeo Racing,20.0,10.0,74.726,,,,16.952727272727273,20.516363636363632,70.90636363636362,1.4681818181818185,109.56363636363636,Emilia Romagna Grand Prix,Italy,13,2020
18,STR,Racing Point,1.0,9.0,95.077,88.33,108.485,,15.976785714285715,19.09017857142857,64.52857142857144,2.4982142857142855,91.79464285714286,Turkish Grand Prix,Turkey,14,2020
33,VER,Red Bull Racing,2.0,6.0,95.077,88.33,108.485,,15.976785714285715,19.09017857142857,64.52857142857144,2.4982142857142855,91.79464285714286,Turkish Grand Prix,Turkey,14,2020
11,PER,Racing Point,3.0,2.0,95.077,88.33,108.485,,15.976785714285715,19.09017857142857,64.52857142857144,2.4982142857142855,91.79464285714286,Turkish Grand Prix,Turkey,14,2020
23,ALB,Red Bull Racing,4.0,7.0,95.077,88.33,108.485,,15.976785714285715,19.09017857142857,64.52857142857144,2.4982142857142855,91.79464285714286,Turkish Grand Prix,Turkey,14,2020
3,RIC,Renault,5.0,10.0,95.077,88.33,108.485,,15.976785714285715,19.09017857142857,64.52857142857144,2.4982142857142855,91.79464285714286,Turkish Grand Prix,Turkey,14,2020
44,HAM,Mercedes,6.0,1.0,95.077,88.33,108.485,,15.976785714285715,19.09017857142857,64.52857142857144,2.4982142857142855,91.79464285714286,Turkish Grand Prix,Turkey,14,2020
31,OCO,Renault,7.0,11.0,95.077,88.33,108.485,,15.976785714285715,19.09017857142857,64.52857142857144,2.4982142857142855,91.79464285714286,Turkish Grand Prix,Turkey,14,2020
7,RAI,Alfa Romeo Racing,8.0,15.0,95.077,88.33,108.485,,15.976785714285715,19.09017857142857,64.52857142857144,2.4982142857142855,91.79464285714286,Turkish Grand Prix,Turkey,14,2020
77,BOT,Mercedes,9.0,14.0,95.077,88.33,108.485,,15.976785714285715,19.09017857142857,64.52857142857144,2.4982142857142855,91.79464285714286,Turkish Grand Prix,Turkey,14,2020
99,GIO,Alfa Romeo Racing,10.0,20.0,95.077,88.33,108.485,,15.976785714285715,19.09017857142857,64.52857142857144,2.4982142857142855,91.79464285714286,Turkish Grand Prix,Turkey,14,2020
4,NOR,McLaren,11.0,8.0,95.077,88.33,108.485,,15.976785714285715,19.09017857142857,64.52857142857144,2.4982142857142855,91.79464285714286,Turkish Grand Prix,Turkey,14,2020
5,VET,Ferrari,12.0,3.0,95.077,88.33,108.485,,15.976785714285715,19.09017857142857,64.52857142857144,2.4982142857142855,91.79464285714286,Turkish Grand Prix,Turkey,14,2020
55,SAI,McLaren,13.0,5.0,95.077,88.33,108.485,,15.976785714285715,19.09017857142857,64.52857142857144,2.4982142857142855,91.79464285714286,Turkish Grand Prix,Turkey,14,2020
16,LEC,Ferrari,14.0,4.0,95.077,88.33,108.485,,15.976785714285715,19.09017857142857,64.52857142857144,2.4982142857142855,91.79464285714286,Turkish Grand Prix,Turkey,14,2020
10,GAS,AlphaTauri,15.0,13.0,95.077,88.33,108.485,,15.976785714285715,19.09017857142857,64.52857142857144,2.4982142857142855,91.79464285714286,Turkish Grand Prix,Turkey,14,2020
20,MAG,Haas F1 Team,16.0,17.0,95.077,88.33,108.485,,15.976785714285715,19.09017857142857,64.52857142857144,2.4982142857142855,91.79464285714286,Turkish Grand Prix,Turkey,14,2020
26,KVY,AlphaTauri,17.0,12.0,95.077,88.33,108.485,,15.976785714285715,19.09017857142857,64.52857142857144,2.4982142857142855,91.79464285714286,Turkish Grand Prix,Turkey,14,2020
63,RUS,Williams,18.0,16.0,95.077,88.33,108.485,,15.976785714285715,19.09017857142857,64.52857142857144,2.4982142857142855,91.79464285714286,Turkish Grand Prix,Turkey,14,2020
8,GRO,Haas F1 Team,19.0,18.0,95.077,88.33,108.485,,15.976785714285715,19.09017857142857,64.52857142857144,2.4982142857142855,91.79464285714286,Turkish Grand Prix,Turkey,14,2020
6,LAT,Williams,20.0,19.0,95.077,88.33,108.485,,15.976785714285715,19.09017857142857,64.52857142857144,2.4982142857142855,91.79464285714286,Turkish Grand Prix,Turkey,14,2020
44,HAM,Mercedes,1.0,1.0,89.033,88.971,88.355,,25.646788990825684,26.03302752293578,52.1605504587156,0.6559633027522935,202.76146788990826,Bahrain Grand Prix,Bahrain,15,2020
77,BOT,Mercedes,2.0,8.0,89.033,88.971,88.355,,25.646788990825684,26.03302752293578,52.1605504587156,0.6559633027522935,202.76146788990826,Bahrain Grand Prix,Bahrain,15,2020
33,VER,Red Bull Racing,3.0,2.0,89.033,88.971,88.355,,25.646788990825684,26.03302752293578,52.1605504587156,0.6559633027522935,202.76146788990826,Bahrain Grand Prix,Bahrain,15,2020
23,ALB,Red Bull Racing,4.0,3.0,89.033,88.971,88.355,,25.646788990825684,26.03302752293578,52.1605504587156,0.6559633027522935,202.76146788990826,Bahrain Grand Prix,Bahrain,15,2020
11,PER,Racing Point,5.0,18.0,89.033,88.971,88.355,,25.646788990825684,26.03302752293578,52.1605504587156,0.6559633027522935,202.76146788990826,Bahrain Grand Prix,Bahrain,15,2020
3,RIC,Renault,6.0,7.0,89.033,88.971,88.355,,25.646788990825684,26.03302752293578,52.1605504587156,0.6559633027522935,202.76146788990826,Bahrain Grand Prix,Bahrain,15,2020
31,OCO,Renault,7.0,9.0,89.033,88.971,88.355,,25.646788990825684,26.03302752293578,52.1605504587156,0.6559633027522935,202.76146788990826,Bahrain Grand Prix,Bahrain,15,2020
10,GAS,AlphaTauri,8.0,6.0,89.033,88.971,88.355,,25.646788990825684,26.03302752293578,52.1605504587156,0.6559633027522935,202.76146788990826,Bahrain Grand Prix,Bahrain,15,2020
4,NOR,McLaren,9.0,4.0,89.033,88.971,88.355,,25.646788990825684,26.03302752293578,52.1605504587156,0.6559633027522935,202.76146788990826,Bahrain Grand Prix,Bahrain,15,2020
26,KVY,AlphaTauri,10.0,11.0,89.033,88.971,88.355,,25.646788990825684,26.03302752293578,52.1605504587156,0.6559633027522935,202.76146788990826,Bahrain Grand Prix,Bahrain,15,2020
5,VET,Ferrari,11.0,13.0,89.033,88.971,88.355,,25.646788990825684,26.03302752293578,52.1605504587156,0.6559633027522935,202.76146788990826,Bahrain Grand Prix,Bahrain,15,2020
16,LEC,Ferrari,12.0,10.0,89.033,88.971,88.355,,25.646788990825684,26.03302752293578,52.1605504587156,0.6559633027522935,202.76146788990826,Bahrain Grand Prix,Bahrain,15,2020
18,STR,Racing Point,13.0,19.0,89.033,88.971,88.355,,25.646788990825684,26.03302752293578,52.1605504587156,0.6559633027522935,202.76146788990826,Bahrain Grand Prix,Bahrain,15,2020
63,RUS,Williams,14.0,12.0,89.033,88.971,88.355,,25.646788990825684,26.03302752293578,52.1605504587156,0.6559633027522935,202.76146788990826,Bahrain Grand Prix,Bahrain,15,2020
55,SAI,McLaren,15.0,5.0,89.033,88.971,88.355,,25.646788990825684,26.03302752293578,52.1605504587156,0.6559633027522935,202.76146788990826,Bahrain Grand Prix,Bahrain,15,2020
99,GIO,Alfa Romeo Racing,16.0,16.0,89.033,88.971,88.355,,25.646788990825684,26.03302752293578,52.1605504587156,0.6559633027522935,202.76146788990826,Bahrain Grand Prix,Bahrain,15,2020
7,RAI,Alfa Romeo Racing,17.0,15.0,89.033,88.971,88.355,,25.646788990825684,26.03302752293578,52.1605504587156,0.6559633027522935,202.76146788990826,Bahrain Grand Prix,Bahrain,15,2020
20,MAG,Haas F1 Team,18.0,17.0,89.033,88.971,88.355,,25.646788990825684,26.03302752293578,52.1605504587156,0.6559633027522935,202.76146788990826,Bahrain Grand Prix,Bahrain,15,2020
8,GRO,Haas F1 Team,19.0,20.0,89.033,88.971,88.355,,25.646788990825684,26.03302752293578,52.1605504587156,0.6559633027522935,202.76146788990826,Bahrain Grand Prix,Bahrain,15,2020
6,LAT,Williams,20.0,14.0,89.033,88.971,88.355,,25.646788990825684,26.03302752293578,52.1605504587156,0.6559633027522935,202.76146788990826,Bahrain Grand Prix,Bahrain,15,2020
77,BOT,Mercedes,1.0,8.0,54.546,54.713,54.064,,24.64166666666667,26.453703703703702,71.35648148148147,1.568518518518518,313.1296296296296,Sakhir Grand Prix,Bahrain,16,2020
63,RUS,Mercedes,2.0,9.0,54.546,54.713,54.064,,24.64166666666667,26.453703703703702,71.35648148148147,1.568518518518518,313.1296296296296,Sakhir Grand Prix,Bahrain,16,2020
33,VER,Red Bull Racing,3.0,19.0,54.546,54.713,54.064,,24.64166666666667,26.453703703703702,71.35648148148147,1.568518518518518,313.1296296296296,Sakhir Grand Prix,Bahrain,16,2020
16,LEC,Ferrari,4.0,20.0,54.546,54.713,54.064,,24.64166666666667,26.453703703703702,71.35648148148147,1.568518518518518,313.1296296296296,Sakhir Grand Prix,Bahrain,16,2020
11,PER,Racing Point,5.0,1.0,54.546,54.713,54.064,,24.64166666666667,26.453703703703702,71.35648148148147,1.568518518518518,313.1296296296296,Sakhir Grand Prix,Bahrain,16,2020
26,KVY,AlphaTauri,6.0,7.0,54.546,54.713,54.064,,24.64166666666667,26.453703703703702,71.35648148148147,1.568518518518518,313.1296296296296,Sakhir Grand Prix,Bahrain,16,2020
3,RIC,Renault,7.0,5.0,54.546,54.713,54.064,,24.64166666666667,26.453703703703702,71.35648148148147,1.568518518518518,313.1296296296296,Sakhir Grand Prix,Bahrain,16,2020
55,SAI,McLaren,8.0,4.0,54.546,54.713,54.064,,24.64166666666667,26.453703703703702,71.35648148148147,1.568518518518518,313.1296296296296,Sakhir Grand Prix,Bahrain,16,2020
10,GAS,AlphaTauri,9.0,11.0,54.546,54.713,54.064,,24.64166666666667,26.453703703703702,71.35648148148147,1.568518518518518,313.1296296296296,Sakhir Grand Prix,Bahrain,16,2020
18,STR,Racing Point,10.0,3.0,54.546,54.713,54.064,,24.64166666666667,26.453703703703702,71.35648148148147,1.568518518518518,313.1296296296296,Sakhir Grand Prix,Bahrain,16,2020
31,OCO,Renault,11.0,2.0,54.546,54.713,54.064,,24.64166666666667,26.453703703703702,71.35648148148147,1.568518518518518,313.1296296296296,Sakhir Grand Prix,Bahrain,16,2020
23,ALB,Red Bull Racing,12.0,6.0,54.546,54.713,54.064,,24.64166666666667,26.453703703703702,71.35648148148147,1.568518518518518,313.1296296296296,Sakhir Grand Prix,Bahrain,16,2020
5,VET,Ferrari,13.0,12.0,54.546,54.713,54.064,,24.64166666666667,26.453703703703702,71.35648148148147,1.568518518518518,313.1296296296296,Sakhir Grand Prix,Bahrain,16,2020
99,GIO,Alfa Romeo Racing,14.0,13.0,54.546,54.713,54.064,,24.64166666666667,26.453703703703702,71.35648148148147,1.568518518518518,313.1296296296296,Sakhir Grand Prix,Bahrain,16,2020
4,NOR,McLaren,15.0,10.0,54.546,54.713,54.064,,24.64166666666667,26.453703703703702,71.35648148148147,1.568518518518518,313.1296296296296,Sakhir Grand Prix,Bahrain,16,2020
20,MAG,Haas F1 Team,16.0,15.0,54.546,54.713,54.064,,24.64166666666667,26.453703703703702,71.35648148148147,1.568518518518518,313.1296296296296,Sakhir Grand Prix,Bahrain,16,2020
6,LAT,Williams,17.0,18.0,54.546,54.713,54.064,,24.64166666666667,26.453703703703702,71.35648148148147,1.568518518518518,313.1296296296296,Sakhir Grand Prix,Bahrain,16,2020
89,AIT,Williams,18.0,16.0,54.546,54.713,54.064,,24.64166666666667,26.453703703703702,71.35648148148147,1.568518518518518,313.1296296296296,Sakhir Grand Prix,Bahrain,16,2020
7,RAI,Alfa Romeo Racing,19.0,14.0,54.546,54.713,54.064,,24.64166666666667,26.453703703703702,71.35648148148147,1.568518518518518,313.1296296296296,Sakhir Grand Prix,Bahrain,16,2020
51,FIT,Haas F1 Team,20.0,17.0,54.546,54.713,54.064,,24.64166666666667,26.453703703703702,71.35648148148147,1.568518518518518,313.1296296296296,Sakhir Grand Prix,Bahrain,16,2020
33,VER,Red Bull Racing,1.0,1.0,97.378,96.276,96.251,,24.15913043478261,29.30347826086956,44.27478260869564,1.8304347826086953,253.47826086956522,Abu Dhabi Grand Prix,Abu Dhabi,17,2020
77,BOT,Mercedes,2.0,2.0,97.378,96.276,96.251,,24.15913043478261,29.30347826086956,44.27478260869564,1.8304347826086953,253.47826086956522,Abu Dhabi Grand Prix,Abu Dhabi,17,2020
44,HAM,Mercedes,3.0,3.0,97.378,96.276,96.251,,24.15913043478261,29.30347826086956,44.27478260869564,1.8304347826086953,253.47826086956522,Abu Dhabi Grand Prix,Abu Dhabi,17,2020
4,NOR,McLaren,4.0,5.0,97.378,96.276,96.251,,24.15913043478261,29.30347826086956,44.27478260869564,1.8304347826086953,253.47826086956522,Abu Dhabi Grand Prix,Abu Dhabi,17,2020
23,ALB,Red Bull Racing,5.0,4.0,97.378,96.276,96.251,,24.15913043478261,29.30347826086956,44.27478260869564,1.8304347826086953,253.47826086956522,Abu Dhabi Grand Prix,Abu Dhabi,17,2020
55,SAI,McLaren,6.0,6.0,97.378,96.276,96.251,,24.15913043478261,29.30347826086956,44.27478260869564,1.8304347826086953,253.47826086956522,Abu Dhabi Grand Prix,Abu Dhabi,17,2020
26,KVY,AlphaTauri,7.0,11.0,97.378,96.276,96.251,,24.15913043478261,29.30347826086956,44.27478260869564,1.8304347826086953,253.47826086956522,Abu Dhabi Grand Prix,Abu Dhabi,17,2020
18,STR,Racing Point,8.0,10.0,97.378,96.276,96.251,,24.15913043478261,29.30347826086956,44.27478260869564,1.8304347826086953,253.47826086956522,Abu Dhabi Grand Prix,Abu Dhabi,17,2020
16,LEC,Ferrari,9.0,13.0,97.378,96.276,96.251,,24.15913043478261,29.30347826086956,44.27478260869564,1.8304347826086953,253.47826086956522,Abu Dhabi Grand Prix,Abu Dhabi,17,2020
10,GAS,AlphaTauri,10.0,8.0,97.378,96.276,96.251,,24.15913043478261,29.30347826086956,44.27478260869564,1.8304347826086953,253.47826086956522,Abu Dhabi Grand Prix,Abu Dhabi,17,2020
31,OCO,Renault,11.0,9.0,97.378,96.276,96.251,,24.15913043478261,29.30347826086956,44.27478260869564,1.8304347826086953,253.47826086956522,Abu Dhabi Grand Prix,Abu Dhabi,17,2020
3,RIC,Renault,12.0,7.0,97.378,96.276,96.251,,24.15913043478261,29.30347826086956,44.27478260869564,1.8304347826086953,253.47826086956522,Abu Dhabi Grand Prix,Abu Dhabi,17,2020
5,VET,Ferrari,13.0,14.0,97.378,96.276,96.251,,24.15913043478261,29.30347826086956,44.27478260869564,1.8304347826086953,253.47826086956522,Abu Dhabi Grand Prix,Abu Dhabi,17,2020
99,GIO,Alfa Romeo Racing,14.0,16.0,97.378,96.276,96.251,,24.15913043478261,29.30347826086956,44.27478260869564,1.8304347826086953,253.47826086956522,Abu Dhabi Grand Prix,Abu Dhabi,17,2020
11,PER,Racing Point,15.0,20.0,97.378,96.276,96.251,,24.15913043478261,29.30347826086956,44.27478260869564,1.8304347826086953,253.47826086956522,Abu Dhabi Grand Prix,Abu Dhabi,17,2020
7,RAI,Alfa Romeo Racing,16.0,12.0,97.378,96.276,96.251,,24.15913043478261,29.30347826086956,44.27478260869564,1.8304347826086953,253.47826086956522,Abu Dhabi Grand Prix,Abu Dhabi,17,2020
20,MAG,Haas F1 Team,17.0,18.0,97.378,96.276,96.251,,24.15913043478261,29.30347826086956,44.27478260869564,1.8304347826086953,253.47826086956522,Abu Dhabi Grand Prix,Abu Dhabi,17,2020
63,RUS,Williams,18.0,15.0,97.378,96.276,96.251,,24.15913043478261,29.30347826086956,44.27478260869564,1.8304347826086953,253.47826086956522,Abu Dhabi Grand Prix,Abu Dhabi,17,2020
51,FIT,Haas F1 Team,19.0,19.0,97.378,96.276,96.251,,24.15913043478261,29.30347826086956,44.27478260869564,1.8304347826086953,253.47826086956522,Abu Dhabi Grand Prix,Abu Dhabi,17,2020
6,LAT,Williams,20.0,17.0,97.378,96.276,96.251,,24.15913043478261,29.30347826086956,44.27478260869564,1.8304347826086953,253.47826086956522,Abu Dhabi Grand Prix,Abu Dhabi,17,2020
33,VER,Red Bull Racing,1.0,2.0,91.394,90.847,90.577,,28.262025316455706,32.617721518987345,43.184810126582285,0.7708860759493672,295.4177215189873,Bahrain Grand Prix,Bahrain,1,2021
44,HAM,Mercedes,2.0,1.0,91.394,90.847,90.577,,28.262025316455706,32.617721518987345,43.184810126582285,0.7708860759493672,295.4177215189873,Bahrain Grand Prix,Bahrain,1,2021
77,BOT,Mercedes,3.0,3.0,91.394,90.847,90.577,,28.262025316455706,32.617721518987345,43.184810126582285,0.7708860759493672,295.4177215189873,Bahrain Grand Prix,Bahrain,1,2021
16,LEC,Ferrari,4.0,6.0,91.394,90.847,90.577,,28.262025316455706,32.617721518987345,43.184810126582285,0.7708860759493672,295.4177215189873,Bahrain Grand Prix,Bahrain,1,2021
10,GAS,AlphaTauri,5.0,17.0,91.394,90.847,90.577,,28.262025316455706,32.617721518987345,43.184810126582285,0.7708860759493672,295.4177215189873,Bahrain Grand Prix,Bahrain,1,2021
3,RIC,McLaren,6.0,7.0,91.394,90.847,90.577,,28.262025316455706,32.617721518987345,43.184810126582285,0.7708860759493672,295.4177215189873,Bahrain Grand Prix,Bahrain,1,2021
4,NOR,McLaren,7.0,4.0,91.394,90.847,90.577,,28.262025316455706,32.617721518987345,43.184810126582285,0.7708860759493672,295.4177215189873,Bahrain Grand Prix,Bahrain,1,2021
55,SAI,Ferrari,8.0,8.0,91.394,90.847,90.577,,28.262025316455706,32.617721518987345,43.184810126582285,0.7708860759493672,295.4177215189873,Bahrain Grand Prix,Bahrain,1,2021
14,ALO,Alpine,9.0,19.0,91.394,90.847,90.577,,28.262025316455706,32.617721518987345,43.184810126582285,0.7708860759493672,295.4177215189873,Bahrain Grand Prix,Bahrain,1,2021
18,STR,Aston Martin,10.0,10.0,91.394,90.847,90.577,,28.262025316455706,32.617721518987345,43.184810126582285,0.7708860759493672,295.4177215189873,Bahrain Grand Prix,Bahrain,1,2021
11,PER,Red Bull Racing,11.0,5.0,91.394,90.847,90.577,,28.262025316455706,32.617721518987345,43.184810126582285,0.7708860759493672,295.4177215189873,Bahrain Grand Prix,Bahrain,1,2021
99,GIO,Alfa Romeo Racing,12.0,12.0,91.394,90.847,90.577,,28.262025316455706,32.617721518987345,43.184810126582285,0.7708860759493672,295.4177215189873,Bahrain Grand Prix,Bahrain,1,2021
22,TSU,AlphaTauri,13.0,9.0,91.394,90.847,90.577,,28.262025316455706,32.617721518987345,43.184810126582285,0.7708860759493672,295.4177215189873,Bahrain Grand Prix,Bahrain,1,2021
7,RAI,Alfa Romeo Racing,14.0,11.0,91.394,90.847,90.577,,28.262025316455706,32.617721518987345,43.184810126582285,0.7708860759493672,295.4177215189873,Bahrain Grand Prix,Bahrain,1,2021
63,RUS,Williams,15.0,14.0,91.394,90.847,90.577,,28.262025316455706,32.617721518987345,43.184810126582285,0.7708860759493672,295.4177215189873,Bahrain Grand Prix,Bahrain,1,2021
31,OCO,Alpine,16.0,13.0,91.394,90.847,90.577,,28.262025316455706,32.617721518987345,43.184810126582285,0.7708860759493672,295.4177215189873,Bahrain Grand Prix,Bahrain,1,2021
6,LAT,Williams,17.0,18.0,91.394,90.847,90.577,,28.262025316455706,32.617721518987345,43.184810126582285,0.7708860759493672,295.4177215189873,Bahrain Grand Prix,Bahrain,1,2021
5,VET,Aston Martin,18.0,15.0,91.394,90.847,90.577,,28.262025316455706,32.617721518987345,43.184810126582285,0.7708860759493672,295.4177215189873,Bahrain Grand Prix,Bahrain,1,2021
47,MSC,Haas F1 Team,19.0,16.0,91.394,90.847,90.577,,28.262025316455706,32.617721518987345,43.184810126582285,0.7708860759493672,295.4177215189873,Bahrain Grand Prix,Bahrain,1,2021
9,MAZ,Haas F1 Team,20.0,20.0,91.394,90.847,90.577,,28.262025316455706,32.617721518987345,43.184810126582285,0.7708860759493672,295.4177215189873,Bahrain Grand Prix,Bahrain,1,2021
44,HAM,Mercedes,1.0,2.0,76.564,75.551,74.958,,13.530263157894737,24.142105263157898,37.797368421052624,1.0250000000000001,82.60526315789474,Emilia Romagna Grand Prix,Italy,2,2021
11,PER,Red Bull Racing,2.0,11.0,76.564,75.551,74.958,,13.530263157894737,24.142105263157898,37.797368421052624,1.0250000000000001,82.60526315789474,Emilia Romagna Grand Prix,Italy,2,2021
33,VER,Red Bull Racing,3.0,1.0,76.564,75.551,74.958,,13.530263157894737,24.142105263157898,37.797368421052624,1.0250000000000001,82.60526315789474,Emilia Romagna Grand Prix,Italy,2,2021
16,LEC,Ferrari,4.0,4.0,76.564,75.551,74.958,,13.530263157894737,24.142105263157898,37.797368421052624,1.0250000000000001,82.60526315789474,Emilia Romagna Grand Prix,Italy,2,2021
10,GAS,AlphaTauri,5.0,7.0,76.564,75.551,74.958,,13.530263157894737,24.142105263157898,37.797368421052624,1.0250000000000001,82.60526315789474,Emilia Romagna Grand Prix,Italy,2,2021
3,RIC,McLaren,6.0,6.0,76.564,75.551,74.958,,13.530263157894737,24.142105263157898,37.797368421052624,1.0250000000000001,82.60526315789474,Emilia Romagna Grand Prix,Italy,2,2021
4,NOR,McLaren,7.0,3.0,76.564,75.551,74.958,,13.530263157894737,24.142105263157898,37.797368421052624,1.0250000000000001,82.60526315789474,Emilia Romagna Grand Prix,Italy,2,2021
77,BOT,Mercedes,8.0,18.0,76.564,75.551,74.958,,13.530263157894737,24.142105263157898,37.797368421052624,1.0250000000000001,82.60526315789474,Emilia Romagna Grand Prix,Italy,2,2021
31,OCO,Alpine,9.0,9.0,76.564,75.551,74.958,,13.530263157894737,24.142105263157898,37.797368421052624,1.0250000000000001,82.60526315789474,Emilia Romagna Grand Prix,Italy,2,2021
18,STR,Aston Martin,10.0,8.0,76.564,75.551,74.958,,13.530263157894737,24.142105263157898,37.797368421052624,1.0250000000000001,82.60526315789474,Emilia Romagna Grand Prix,Italy,2,2021
55,SAI,Ferrari,11.0,5.0,76.564,75.551,74.958,,13.530263157894737,24.142105263157898,37.797368421052624,1.0250000000000001,82.60526315789474,Emilia Romagna Grand Prix,Italy,2,2021
63,RUS,Williams,12.0,19.0,76.564,75.551,74.958,,13.530263157894737,24.142105263157898,37.797368421052624,1.0250000000000001,82.60526315789474,Emilia Romagna Grand Prix,Italy,2,2021
5,VET,Aston Martin,13.0,15.0,76.564,75.551,74.958,,13.530263157894737,24.142105263157898,37.797368421052624,1.0250000000000001,82.60526315789474,Emilia Romagna Grand Prix,Italy,2,2021
6,LAT,Williams,14.0,20.0,76.564,75.551,74.958,,13.530263157894737,24.142105263157898,37.797368421052624,1.0250000000000001,82.60526315789474,Emilia Romagna Grand Prix,Italy,2,2021
14,ALO,Alpine,15.0,10.0,76.564,75.551,74.958,,13.530263157894737,24.142105263157898,37.797368421052624,1.0250000000000001,82.60526315789474,Emilia Romagna Grand Prix,Italy,2,2021
7,RAI,Alfa Romeo Racing,16.0,13.0,76.564,75.551,74.958,,13.530263157894737,24.142105263157898,37.797368421052624,1.0250000000000001,82.60526315789474,Emilia Romagna Grand Prix,Italy,2,2021
99,GIO,Alfa Romeo Racing,17.0,14.0,76.564,75.551,74.958,,13.530263157894737,24.142105263157898,37.797368421052624,1.0250000000000001,82.60526315789474,Emilia Romagna Grand Prix,Italy,2,2021
47,MSC,Haas F1 Team,18.0,16.0,76.564,75.551,74.958,,13.530263157894737,24.142105263157898,37.797368421052624,1.0250000000000001,82.60526315789474,Emilia Romagna Grand Prix,Italy,2,2021
9,MAZ,Haas F1 Team,19.0,17.0,76.564,75.551,74.958,,13.530263157894737,24.142105263157898,37.797368421052624,1.0250000000000001,82.60526315789474,Emilia Romagna Grand Prix,Italy,2,2021
22,TSU,AlphaTauri,20.0,12.0,76.564,75.551,74.958,,13.530263157894737,24.142105263157898,37.797368421052624,1.0250000000000001,82.60526315789474,Emilia Romagna Grand Prix,Italy,2,2021
77,BOT,Mercedes,1.0,3.0,79.648,79.837,78.489,,18.965934065934068,38.919780219780215,44.78351648351648,0.8351648351648353,101.89010989010988,Portuguese Grand Prix,Portugal,3,2021
44,HAM,Mercedes,2.0,1.0,79.648,79.837,78.489,,18.965934065934068,38.919780219780215,44.78351648351648,0.8351648351648353,101.89010989010988,Portuguese Grand Prix,Portugal,3,2021
33,VER,Red Bull Racing,3.0,2.0,79.648,79.837,78.489,,18.965934065934068,38.919780219780215,44.78351648351648,0.8351648351648353,101.89010989010988,Portuguese Grand Prix,Portugal,3,2021
11,PER,Red Bull Racing,4.0,4.0,79.648,79.837,78.489,,18.965934065934068,38.919780219780215,44.78351648351648,0.8351648351648353,101.89010989010988,Portuguese Grand Prix,Portugal,3,2021
55,SAI,Ferrari,5.0,11.0,79.648,79.837,78.489,,18.965934065934068,38.919780219780215,44.78351648351648,0.8351648351648353,101.89010989010988,Portuguese Grand Prix,Portugal,3,2021
31,OCO,Alpine,6.0,7.0,79.648,79.837,78.489,,18.965934065934068,38.919780219780215,44.78351648351648,0.8351648351648353,101.89010989010988,Portuguese Grand Prix,Portugal,3,2021
4,NOR,McLaren,7.0,5.0,79.648,79.837,78.489,,18.965934065934068,38.919780219780215,44.78351648351648,0.8351648351648353,101.89010989010988,Portuguese Grand Prix,Portugal,3,2021
16,LEC,Ferrari,8.0,6.0,79.648,79.837,78.489,,18.965934065934068,38.919780219780215,44.78351648351648,0.8351648351648353,101.89010989010988,Portuguese Grand Prix,Portugal,3,2021
10,GAS,AlphaTauri,9.0,10.0,79.648,79.837,78.489,,18.965934065934068,38.919780219780215,44.78351648351648,0.8351648351648353,101.89010989010988,Portuguese Grand Prix,Portugal,3,2021
5,VET,Aston Martin,10.0,13.0,79.648,79.837,78.489,,18.965934065934068,38.919780219780215,44.78351648351648,0.8351648351648353,101.89010989010988,Portuguese Grand Prix,Portugal,3,2021
63,RUS,Williams,11.0,16.0,79.648,79.837,78.489,,18.965934065934068,38.919780219780215,44.78351648351648,0.8351648351648353,101.89010989010988,Portuguese Grand Prix,Portugal,3,2021
99,GIO,Alfa Romeo Racing,12.0,12.0,79.648,79.837,78.489,,18.965934065934068,38.919780219780215,44.78351648351648,0.8351648351648353,101.89010989010988,Portuguese Grand Prix,Portugal,3,2021
14,ALO,Alpine,13.0,8.0,79.648,79.837,78.489,,18.965934065934068,38.919780219780215,44.78351648351648,0.8351648351648353,101.89010989010988,Portuguese Grand Prix,Portugal,3,2021
22,TSU,AlphaTauri,14.0,15.0,79.648,79.837,78.489,,18.965934065934068,38.919780219780215,44.78351648351648,0.8351648351648353,101.89010989010988,Portuguese Grand Prix,Portugal,3,2021
7,RAI,Alfa Romeo Racing,15.0,20.0,79.648,79.837,78.489,,18.965934065934068,38.919780219780215,44.78351648351648,0.8351648351648353,101.89010989010988,Portuguese Grand Prix,Portugal,3,2021
3,RIC,McLaren,16.0,9.0,79.648,79.837,78.489,,18.965934065934068,38.919780219780215,44.78351648351648,0.8351648351648353,101.89010989010988,Portuguese Grand Prix,Portugal,3,2021
18,STR,Aston Martin,17.0,14.0,79.648,79.837,78.489,,18.965934065934068,38.919780219780215,44.78351648351648,0.8351648351648353,101.89010989010988,Portuguese Grand Prix,Portugal,3,2021
6,LAT,Williams,18.0,18.0,79.648,79.837,78.489,,18.965934065934068,38.919780219780215,44.78351648351648,0.8351648351648353,101.89010989010988,Portuguese Grand Prix,Portugal,3,2021
47,MSC,Haas F1 Team,19.0,17.0,79.648,79.837,78.489,,18.965934065934068,38.919780219780215,44.78351648351648,0.8351648351648353,101.89010989010988,Portuguese Grand Prix,Portugal,3,2021
9,MAZ,Haas F1 Team,20.0,19.0,79.648,79.837,78.489,,18.965934065934068,38.919780219780215,44.78351648351648,0.8351648351648353,101.89010989010988,Portuguese Grand Prix,Portugal,3,2021
44,HAM,Mercedes,1.0,1.0,78.504,78.17,77.835,,20.95061728395062,40.961728395061726,62.21604938271604,0.38641975308641974,170.54320987654322,Spanish Grand Prix,Spain,4,2021
33,VER,Red Bull Racing,2.0,2.0,78.504,78.17,77.835,,20.95061728395062,40.961728395061726,62.21604938271604,0.38641975308641974,170.54320987654322,Spanish Grand Prix,Spain,4,2021
77,BOT,Mercedes,3.0,3.0,78.504,78.17,77.835,,20.95061728395062,40.961728395061726,62.21604938271604,0.38641975308641974,170.54320987654322,Spanish Grand Prix,Spain,4,2021
16,LEC,Ferrari,4.0,4.0,78.504,78.17,77.835,,20.95061728395062,40.961728395061726,62.21604938271604,0.38641975308641974,170.54320987654322,Spanish Grand Prix,Spain,4,2021
31,OCO,Alpine,5.0,9.0,78.504,78.17,77.835,,20.95061728395062,40.961728395061726,62.21604938271604,0.38641975308641974,170.54320987654322,Spanish Grand Prix,Spain,4,2021
55,SAI,Ferrari,6.0,7.0,78.504,78.17,77.835,,20.95061728395062,40.961728395061726,62.21604938271604,0.38641975308641974,170.54320987654322,Spanish Grand Prix,Spain,4,2021
3,RIC,McLaren,7.0,6.0,78.504,78.17,77.835,,20.95061728395062,40.961728395061726,62.21604938271604,0.38641975308641974,170.54320987654322,Spanish Grand Prix,Spain,4,2021
11,PER,Red Bull Racing,8.0,5.0,78.504,78.17,77.835,,20.95061728395062,40.961728395061726,62.21604938271604,0.38641975308641974,170.54320987654322,Spanish Grand Prix,Spain,4,2021
4,NOR,McLaren,9.0,8.0,78.504,78.17,77.835,,20.95061728395062,40.961728395061726,62.21604938271604,0.38641975308641974,170.54320987654322,Spanish Grand Prix,Spain,4,2021
14,ALO,Alpine,10.0,17.0,78.504,78.17,77.835,,20.95061728395062,40.961728395061726,62.21604938271604,0.38641975308641974,170.54320987654322,Spanish Grand Prix,Spain,4,2021
18,STR,Aston Martin,11.0,11.0,78.504,78.17,77.835,,20.95061728395062,40.961728395061726,62.21604938271604,0.38641975308641974,170.54320987654322,Spanish Grand Prix,Spain,4,2021
10,GAS,AlphaTauri,12.0,10.0,78.504,78.17,77.835,,20.95061728395062,40.961728395061726,62.21604938271604,0.38641975308641974,170.54320987654322,Spanish Grand Prix,Spain,4,2021
5,VET,Aston Martin,13.0,13.0,78.504,78.17,77.835,,20.95061728395062,40.961728395061726,62.21604938271604,0.38641975308641974,170.54320987654322,Spanish Grand Prix,Spain,4,2021
99,GIO,Alfa Romeo Racing,14.0,15.0,78.504,78.17,77.835,,20.95061728395062,40.961728395061726,62.21604938271604,0.38641975308641974,170.54320987654322,Spanish Grand Prix,Spain,4,2021
63,RUS,Williams,15.0,14.0,78.504,78.17,77.835,,20.95061728395062,40.961728395061726,62.21604938271604,0.38641975308641974,170.54320987654322,Spanish Grand Prix,Spain,4,2021
22,TSU,AlphaTauri,16.0,20.0,78.504,78.17,77.835,,20.95061728395062,40.961728395061726,62.21604938271604,0.38641975308641974,170.54320987654322,Spanish Grand Prix,Spain,4,2021
7,RAI,Alfa Romeo Racing,17.0,12.0,78.504,78.17,77.835,,20.95061728395062,40.961728395061726,62.21604938271604,0.38641975308641974,170.54320987654322,Spanish Grand Prix,Spain,4,2021
47,MSC,Haas F1 Team,18.0,18.0,78.504,78.17,77.835,,20.95061728395062,40.961728395061726,62.21604938271604,0.38641975308641974,170.54320987654322,Spanish Grand Prix,Spain,4,2021
6,LAT,Williams,19.0,16.0,78.504,78.17,77.835,,20.95061728395062,40.961728395061726,62.21604938271604,0.38641975308641974,170.54320987654322,Spanish Grand Prix,Spain,4,2021
9,MAZ,Haas F1 Team,20.0,19.0,78.504,78.17,77.835,,20.95061728395062,40.961728395061726,62.21604938271604,0.38641975308641974,170.54320987654322,Spanish Grand Prix,Spain,4,2021
16,LEC,Ferrari,1.0,20.0,72.487,71.684,71.294,,22.16,47.99466666666667,34.376000000000005,0.20533333333333334,127.96,Monaco Grand Prix,Monaco,5,2021
33,VER,Red Bull Racing,2.0,1.0,72.487,71.684,71.294,,22.16,47.99466666666667,34.376000000000005,0.20533333333333334,127.96,Monaco Grand Prix,Monaco,5,2021
77,BOT,Mercedes,3.0,19.0,72.487,71.684,71.294,,22.16,47.99466666666667,34.376000000000005,0.20533333333333334,127.96,Monaco Grand Prix,Monaco,5,2021
55,SAI,Ferrari,4.0,2.0,72.487,71.684,71.294,,22.16,47.99466666666667,34.376000000000005,0.20533333333333334,127.96,Monaco Grand Prix,Monaco,5,2021
4,NOR,McLaren,5.0,3.0,72.487,71.684,71.294,,22.16,47.99466666666667,34.376000000000005,0.20533333333333334,127.96,Monaco Grand Prix,Monaco,5,2021
10,GAS,AlphaTauri,6.0,6.0,72.487,71.684,71.294,,22.16,47.99466666666667,34.376000000000005,0.20533333333333334,127.96,Monaco Grand Prix,Monaco,5,2021
44,HAM,Mercedes,7.0,7.0,72.487,71.684,71.294,,22.16,47.99466666666667,34.376000000000005,0.20533333333333334,127.96,Monaco Grand Prix,Monaco,5,2021
5,VET,Aston Martin,8.0,5.0,72.487,71.684,71.294,,22.16,47.99466666666667,34.376000000000005,0.20533333333333334,127.96,Monaco Grand Prix,Monaco,5,2021
11,PER,Red Bull Racing,9.0,4.0,72.487,71.684,71.294,,22.16,47.99466666666667,34.376000000000005,0.20533333333333334,127.96,Monaco Grand Prix,Monaco,5,2021
99,GIO,Alfa Romeo Racing,10.0,10.0,72.487,71.684,71.294,,22.16,47.99466666666667,34.376000000000005,0.20533333333333334,127.96,Monaco Grand Prix,Monaco,5,2021
31,OCO,Alpine,11.0,9.0,72.487,71.684,71.294,,22.16,47.99466666666667,34.376000000000005,0.20533333333333334,127.96,Monaco Grand Prix,Monaco,5,2021
3,RIC,McLaren,12.0,12.0,72.487,71.684,71.294,,22.16,47.99466666666667,34.376000000000005,0.20533333333333334,127.96,Monaco Grand Prix,Monaco,5,2021
18,STR,Aston Martin,13.0,8.0,72.487,71.684,71.294,,22.16,47.99466666666667,34.376000000000005,0.20533333333333334,127.96,Monaco Grand Prix,Monaco,5,2021
7,RAI,Alfa Romeo Racing,14.0,11.0,72.487,71.684,71.294,,22.16,47.99466666666667,34.376000000000005,0.20533333333333334,127.96,Monaco Grand Prix,Monaco,5,2021
63,RUS,Williams,15.0,14.0,72.487,71.684,71.294,,22.16,47.99466666666667,34.376000000000005,0.20533333333333334,127.96,Monaco Grand Prix,Monaco,5,2021
22,TSU,AlphaTauri,16.0,16.0,72.487,71.684,71.294,,22.16,47.99466666666667,34.376000000000005,0.20533333333333334,127.96,Monaco Grand Prix,Monaco,5,2021
14,ALO,Alpine,17.0,13.0,72.487,71.684,71.294,,22.16,47.99466666666667,34.376000000000005,0.20533333333333334,127.96,Monaco Grand Prix,Monaco,5,2021
6,LAT,Williams,18.0,15.0,72.487,71.684,71.294,,22.16,47.99466666666667,34.376000000000005,0.20533333333333334,127.96,Monaco Grand Prix,Monaco,5,2021
9,MAZ,Haas F1 Team,19.0,17.0,72.487,71.684,71.294,,22.16,47.99466666666667,34.376000000000005,0.20533333333333334,127.96,Monaco Grand Prix,Monaco,5,2021
47,MSC,Haas F1 Team,,18.0,72.487,71.684,71.294,,22.16,47.99466666666667,34.376000000000005,0.20533333333333334,127.96,Monaco Grand Prix,Monaco,5,2021
16,LEC,Ferrari,1.0,4.0,103.184,102.115,102.251,,27.41898734177215,46.9367088607595,47.401265822784815,0.3278481012658228,199.25316455696202,Azerbaijan Grand Prix,Azerbaijan,6,2021
44,HAM,Mercedes,2.0,15.0,103.184,102.115,102.251,,27.41898734177215,46.9367088607595,47.401265822784815,0.3278481012658228,199.25316455696202,Azerbaijan Grand Prix,Azerbaijan,6,2021
33,VER,Red Bull Racing,3.0,18.0,103.184,102.115,102.251,,27.41898734177215,46.9367088607595,47.401265822784815,0.3278481012658228,199.25316455696202,Azerbaijan Grand Prix,Azerbaijan,6,2021
10,GAS,AlphaTauri,4.0,3.0,103.184,102.115,102.251,,27.41898734177215,46.9367088607595,47.401265822784815,0.3278481012658228,199.25316455696202,Azerbaijan Grand Prix,Azerbaijan,6,2021
55,SAI,Ferrari,5.0,8.0,103.184,102.115,102.251,,27.41898734177215,46.9367088607595,47.401265822784815,0.3278481012658228,199.25316455696202,Azerbaijan Grand Prix,Azerbaijan,6,2021
4,NOR,McLaren,6.0,5.0,103.184,102.115,102.251,,27.41898734177215,46.9367088607595,47.401265822784815,0.3278481012658228,199.25316455696202,Azerbaijan Grand Prix,Azerbaijan,6,2021
11,PER,Red Bull Racing,7.0,1.0,103.184,102.115,102.251,,27.41898734177215,46.9367088607595,47.401265822784815,0.3278481012658228,199.25316455696202,Azerbaijan Grand Prix,Azerbaijan,6,2021
22,TSU,AlphaTauri,8.0,7.0,103.184,102.115,102.251,,27.41898734177215,46.9367088607595,47.401265822784815,0.3278481012658228,199.25316455696202,Azerbaijan Grand Prix,Azerbaijan,6,2021
14,ALO,Alpine,9.0,6.0,103.184,102.115,102.251,,27.41898734177215,46.9367088607595,47.401265822784815,0.3278481012658228,199.25316455696202,Azerbaijan Grand Prix,Azerbaijan,6,2021
77,BOT,Mercedes,10.0,12.0,103.184,102.115,102.251,,27.41898734177215,46.9367088607595,47.401265822784815,0.3278481012658228,199.25316455696202,Azerbaijan Grand Prix,Azerbaijan,6,2021
5,VET,Aston Martin,11.0,2.0,103.184,102.115,102.251,,27.41898734177215,46.9367088607595,47.401265822784815,0.3278481012658228,199.25316455696202,Azerbaijan Grand Prix,Azerbaijan,6,2021
31,OCO,Alpine,12.0,20.0,103.184,102.115,102.251,,27.41898734177215,46.9367088607595,47.401265822784815,0.3278481012658228,199.25316455696202,Azerbaijan Grand Prix,Azerbaijan,6,2021
3,RIC,McLaren,13.0,9.0,103.184,102.115,102.251,,27.41898734177215,46.9367088607595,47.401265822784815,0.3278481012658228,199.25316455696202,Azerbaijan Grand Prix,Azerbaijan,6,2021
7,RAI,Alfa Romeo Racing,14.0,10.0,103.184,102.115,102.251,,27.41898734177215,46.9367088607595,47.401265822784815,0.3278481012658228,199.25316455696202,Azerbaijan Grand Prix,Azerbaijan,6,2021
63,RUS,Williams,15.0,17.0,103.184,102.115,102.251,,27.41898734177215,46.9367088607595,47.401265822784815,0.3278481012658228,199.25316455696202,Azerbaijan Grand Prix,Azerbaijan,6,2021
6,LAT,Williams,16.0,16.0,103.184,102.115,102.251,,27.41898734177215,46.9367088607595,47.401265822784815,0.3278481012658228,199.25316455696202,Azerbaijan Grand Prix,Azerbaijan,6,2021
47,MSC,Haas F1 Team,17.0,13.0,103.184,102.115,102.251,,27.41898734177215,46.9367088607595,47.401265822784815,0.3278481012658228,199.25316455696202,Azerbaijan Grand Prix,Azerbaijan,6,2021
9,MAZ,Haas F1 Team,18.0,14.0,103.184,102.115,102.251,,27.41898734177215,46.9367088607595,47.401265822784815,0.3278481012658228,199.25316455696202,Azerbaijan Grand Prix,Azerbaijan,6,2021
18,STR,Aston Martin,19.0,19.0,103.184,102.115,102.251,,27.41898734177215,46.9367088607595,47.401265822784815,0.3278481012658228,199.25316455696202,Azerbaijan Grand Prix,Azerbaijan,6,2021
99,GIO,Alfa Romeo Racing,20.0,11.0,103.184,102.115,102.251,,27.41898734177215,46.9367088607595,47.401265822784815,0.3278481012658228,199.25316455696202,Azerbaijan Grand Prix,Azerbaijan,6,2021
33,VER,Red Bull Racing,1.0,1.0,93.448,92.872,91.3,,27.331578947368417,47.26052631578948,43.72894736842105,1.0065789473684208,124.40789473684211,French Grand Prix,France,7,2021
44,HAM,Mercedes,2.0,2.0,93.448,92.872,91.3,,27.331578947368417,47.26052631578948,43.72894736842105,1.0065789473684208,124.40789473684211,French Grand Prix,France,7,2021
77,BOT,Mercedes,3.0,4.0,93.448,92.872,91.3,,27.331578947368417,47.26052631578948,43.72894736842105,1.0065789473684208,124.40789473684211,French Grand Prix,France,7,2021
11,PER,Red Bull Racing,4.0,3.0,93.448,92.872,91.3,,27.331578947368417,47.26052631578948,43.72894736842105,1.0065789473684208,124.40789473684211,French Grand Prix,France,7,2021
55,SAI,Ferrari,5.0,11.0,93.448,92.872,91.3,,27.331578947368417,47.26052631578948,43.72894736842105,1.0065789473684208,124.40789473684211,French Grand Prix,France,7,2021
10,GAS,AlphaTauri,6.0,7.0,93.448,92.872,91.3,,27.331578947368417,47.26052631578948,43.72894736842105,1.0065789473684208,124.40789473684211,French Grand Prix,France,7,2021
16,LEC,Ferrari,7.0,16.0,93.448,92.872,91.3,,27.331578947368417,47.26052631578948,43.72894736842105,1.0065789473684208,124.40789473684211,French Grand Prix,France,7,2021
4,NOR,McLaren,8.0,5.0,93.448,92.872,91.3,,27.331578947368417,47.26052631578948,43.72894736842105,1.0065789473684208,124.40789473684211,French Grand Prix,France,7,2021
14,ALO,Alpine,9.0,8.0,93.448,92.872,91.3,,27.331578947368417,47.26052631578948,43.72894736842105,1.0065789473684208,124.40789473684211,French Grand Prix,France,7,2021
3,RIC,McLaren,10.0,6.0,93.448,92.872,91.3,,27.331578947368417,47.26052631578948,43.72894736842105,1.0065789473684208,124.40789473684211,French Grand Prix,France,7,2021
31,OCO,Alpine,11.0,14.0,93.448,92.872,91.3,,27.331578947368417,47.26052631578948,43.72894736842105,1.0065789473684208,124.40789473684211,French Grand Prix,France,7,2021
5,VET,Aston Martin,12.0,9.0,93.448,92.872,91.3,,27.331578947368417,47.26052631578948,43.72894736842105,1.0065789473684208,124.40789473684211,French Grand Prix,France,7,2021
99,GIO,Alfa Romeo Racing,13.0,15.0,93.448,92.872,91.3,,27.331578947368417,47.26052631578948,43.72894736842105,1.0065789473684208,124.40789473684211,French Grand Prix,France,7,2021
63,RUS,Williams,14.0,12.0,93.448,92.872,91.3,,27.331578947368417,47.26052631578948,43.72894736842105,1.0065789473684208,124.40789473684211,French Grand Prix,France,7,2021
47,MSC,Haas F1 Team,15.0,19.0,93.448,92.872,91.3,,27.331578947368417,47.26052631578948,43.72894736842105,1.0065789473684208,124.40789473684211,French Grand Prix,France,7,2021
6,LAT,Williams,16.0,18.0,93.448,92.872,91.3,,27.331578947368417,47.26052631578948,43.72894736842105,1.0065789473684208,124.40789473684211,French Grand Prix,France,7,2021
7,RAI,Alfa Romeo Racing,17.0,17.0,93.448,92.872,91.3,,27.331578947368417,47.26052631578948,43.72894736842105,1.0065789473684208,124.40789473684211,French Grand Prix,France,7,2021
9,MAZ,Haas F1 Team,18.0,20.0,93.448,92.872,91.3,,27.331578947368417,47.26052631578948,43.72894736842105,1.0065789473684208,124.40789473684211,French Grand Prix,France,7,2021
18,STR,Aston Martin,19.0,10.0,93.448,92.872,91.3,,27.331578947368417,47.26052631578948,43.72894736842105,1.0065789473684208,124.40789473684211,French Grand Prix,France,7,2021
22,TSU,AlphaTauri,20.0,13.0,93.448,92.872,91.3,,27.331578947368417,47.26052631578948,43.72894736842105,1.0065789473684208,124.40789473684211,French Grand Prix,France,7,2021
33,VER,Red Bull Racing,1.0,1.0,65.91,65.412,64.369,,21.977777777777774,43.91975308641975,55.251851851851846,0.7024691358024692,71.81481481481481,Styrian Grand Prix,Austria,8,2021
77,BOT,Mercedes,2.0,3.0,65.91,65.412,64.369,,21.977777777777774,43.91975308641975,55.251851851851846,0.7024691358024692,71.81481481481481,Styrian Grand Prix,Austria,8,2021
44,HAM,Mercedes,3.0,2.0,65.91,65.412,64.369,,21.977777777777774,43.91975308641975,55.251851851851846,0.7024691358024692,71.81481481481481,Styrian Grand Prix,Austria,8,2021
4,NOR,McLaren,4.0,5.0,65.91,65.412,64.369,,21.977777777777774,43.91975308641975,55.251851851851846,0.7024691358024692,71.81481481481481,Styrian Grand Prix,Austria,8,2021
11,PER,Red Bull Racing,5.0,4.0,65.91,65.412,64.369,,21.977777777777774,43.91975308641975,55.251851851851846,0.7024691358024692,71.81481481481481,Styrian Grand Prix,Austria,8,2021
10,GAS,AlphaTauri,6.0,20.0,65.91,65.412,64.369,,21.977777777777774,43.91975308641975,55.251851851851846,0.7024691358024692,71.81481481481481,Styrian Grand Prix,Austria,8,2021
16,LEC,Ferrari,7.0,7.0,65.91,65.412,64.369,,21.977777777777774,43.91975308641975,55.251851851851846,0.7024691358024692,71.81481481481481,Styrian Grand Prix,Austria,8,2021
22,TSU,AlphaTauri,8.0,10.0,65.91,65.412,64.369,,21.977777777777774,43.91975308641975,55.251851851851846,0.7024691358024692,71.81481481481481,Styrian Grand Prix,Austria,8,2021
14,ALO,Alpine,9.0,9.0,65.91,65.412,64.369,,21.977777777777774,43.91975308641975,55.251851851851846,0.7024691358024692,71.81481481481481,Styrian Grand Prix,Austria,8,2021
18,STR,Aston Martin,10.0,8.0,65.91,65.412,64.369,,21.977777777777774,43.91975308641975,55.251851851851846,0.7024691358024692,71.81481481481481,Styrian Grand Prix,Austria,8,2021
63,RUS,Williams,11.0,19.0,65.91,65.412,64.369,,21.977777777777774,43.91975308641975,55.251851851851846,0.7024691358024692,71.81481481481481,Styrian Grand Prix,Austria,8,2021
55,SAI,Ferrari,12.0,6.0,65.91,65.412,64.369,,21.977777777777774,43.91975308641975,55.251851851851846,0.7024691358024692,71.81481481481481,Styrian Grand Prix,Austria,8,2021
3,RIC,McLaren,13.0,13.0,65.91,65.412,64.369,,21.977777777777774,43.91975308641975,55.251851851851846,0.7024691358024692,71.81481481481481,Styrian Grand Prix,Austria,8,2021
5,VET,Aston Martin,14.0,12.0,65.91,65.412,64.369,,21.977777777777774,43.91975308641975,55.251851851851846,0.7024691358024692,71.81481481481481,Styrian Grand Prix,Austria,8,2021
99,GIO,Alfa Romeo Racing,15.0,15.0,65.91,65.412,64.369,,21.977777777777774,43.91975308641975,55.251851851851846,0.7024691358024692,71.81481481481481,Styrian Grand Prix,Austria,8,2021
6,LAT,Williams,16.0,17.0,65.91,65.412,64.369,,21.977777777777774,43.91975308641975,55.251851851851846,0.7024691358024692,71.81481481481481,Styrian Grand Prix,Austria,8,2021
31,OCO,Alpine,17.0,14.0,65.91,65.412,64.369,,21.977777777777774,43.91975308641975,55.251851851851846,0.7024691358024692,71.81481481481481,Styrian Grand Prix,Austria,8,2021
7,RAI,Alfa Romeo Racing,18.0,11.0,65.91,65.412,64.369,,21.977777777777774,43.91975308641975,55.251851851851846,0.7024691358024692,71.81481481481481,Styrian Grand Prix,Austria,8,2021
47,MSC,Haas F1 Team,19.0,16.0,65.91,65.412,64.369,,21.977777777777774,43.91975308641975,55.251851851851846,0.7024691358024692,71.81481481481481,Styrian Grand Prix,Austria,8,2021
9,MAZ,Haas F1 Team,20.0,18.0,65.91,65.412,64.369,,21.977777777777774,43.91975308641975,55.251851851851846,0.7024691358024692,71.81481481481481,Styrian Grand Prix,Austria,8,2021
33,VER,Red Bull Racing,1.0,1.0,65.143,64.523,64.591,,19.639506172839507,31.250617283950618,42.02592592592593,0.3888888888888889,204.01234567901236,Austrian Grand Prix,Austria,9,2021
4,NOR,McLaren,2.0,3.0,65.143,64.523,64.591,,19.639506172839507,31.250617283950618,42.02592592592593,0.3888888888888889,204.01234567901236,Austrian Grand Prix,Austria,9,2021
11,PER,Red Bull Racing,3.0,6.0,65.143,64.523,64.591,,19.639506172839507,31.250617283950618,42.02592592592593,0.3888888888888889,204.01234567901236,Austrian Grand Prix,Austria,9,2021
44,HAM,Mercedes,4.0,4.0,65.143,64.523,64.591,,19.639506172839507,31.250617283950618,42.02592592592593,0.3888888888888889,204.01234567901236,Austrian Grand Prix,Austria,9,2021
77,BOT,Mercedes,5.0,2.0,65.143,64.523,64.591,,19.639506172839507,31.250617283950618,42.02592592592593,0.3888888888888889,204.01234567901236,Austrian Grand Prix,Austria,9,2021
10,GAS,AlphaTauri,6.0,9.0,65.143,64.523,64.591,,19.639506172839507,31.250617283950618,42.02592592592593,0.3888888888888889,204.01234567901236,Austrian Grand Prix,Austria,9,2021
22,TSU,AlphaTauri,7.0,12.0,65.143,64.523,64.591,,19.639506172839507,31.250617283950618,42.02592592592593,0.3888888888888889,204.01234567901236,Austrian Grand Prix,Austria,9,2021
5,VET,Aston Martin,8.0,17.0,65.143,64.523,64.591,,19.639506172839507,31.250617283950618,42.02592592592593,0.3888888888888889,204.01234567901236,Austrian Grand Prix,Austria,9,2021
63,RUS,Williams,9.0,11.0,65.143,64.523,64.591,,19.639506172839507,31.250617283950618,42.02592592592593,0.3888888888888889,204.01234567901236,Austrian Grand Prix,Austria,9,2021
18,STR,Aston Martin,10.0,13.0,65.143,64.523,64.591,,19.639506172839507,31.250617283950618,42.02592592592593,0.3888888888888889,204.01234567901236,Austrian Grand Prix,Austria,9,2021
55,SAI,Ferrari,11.0,5.0,65.143,64.523,64.591,,19.639506172839507,31.250617283950618,42.02592592592593,0.3888888888888889,204.01234567901236,Austrian Grand Prix,Austria,9,2021
16,LEC,Ferrari,12.0,8.0,65.143,64.523,64.591,,19.639506172839507,31.250617283950618,42.02592592592593,0.3888888888888889,204.01234567901236,Austrian Grand Prix,Austria,9,2021
3,RIC,McLaren,13.0,7.0,65.143,64.523,64.591,,19.639506172839507,31.250617283950618,42.02592592592593,0.3888888888888889,204.01234567901236,Austrian Grand Prix,Austria,9,2021
14,ALO,Alpine,14.0,10.0,65.143,64.523,64.591,,19.639506172839507,31.250617283950618,42.02592592592593,0.3888888888888889,204.01234567901236,Austrian Grand Prix,Austria,9,2021
99,GIO,Alfa Romeo Racing,15.0,14.0,65.143,64.523,64.591,,19.639506172839507,31.250617283950618,42.02592592592593,0.3888888888888889,204.01234567901236,Austrian Grand Prix,Austria,9,2021
7,RAI,Alfa Romeo Racing,16.0,15.0,65.143,64.523,64.591,,19.639506172839507,31.250617283950618,42.02592592592593,0.3888888888888889,204.01234567901236,Austrian Grand Prix,Austria,9,2021
31,OCO,Alpine,17.0,20.0,65.143,64.523,64.591,,19.639506172839507,31.250617283950618,42.02592592592593,0.3888888888888889,204.01234567901236,Austrian Grand Prix,Austria,9,2021
6,LAT,Williams,18.0,16.0,65.143,64.523,64.591,,19.639506172839507,31.250617283950618,42.02592592592593,0.3888888888888889,204.01234567901236,Austrian Grand Prix,Austria,9,2021
47,MSC,Haas F1 Team,19.0,18.0,65.143,64.523,64.591,,19.639506172839507,31.250617283950618,42.02592592592593,0.3888888888888889,204.01234567901236,Austrian Grand Prix,Austria,9,2021
9,MAZ,Haas F1 Team,20.0,19.0,65.143,64.523,64.591,,19.639506172839507,31.250617283950618,42.02592592592593,0.3888888888888889,204.01234567901236,Austrian Grand Prix,Austria,9,2021
44,HAM,Mercedes,1.0,1.0,87.035,89.902,,,25.003614457831322,43.492771084337356,50.55060240963855,0.5349397590361445,145.87951807228916,British Grand Prix,Great Britain,10,2021
33,VER,Red Bull Racing,2.0,20.0,87.035,89.902,,,25.003614457831322,43.492771084337356,50.55060240963855,0.5349397590361445,145.87951807228916,British Grand Prix,Great Britain,10,2021
77,BOT,Mercedes,3.0,3.0,87.035,89.902,,,25.003614457831322,43.492771084337356,50.55060240963855,0.5349397590361445,145.87951807228916,British Grand Prix,Great Britain,10,2021
16,LEC,Ferrari,4.0,2.0,87.035,89.902,,,25.003614457831322,43.492771084337356,50.55060240963855,0.5349397590361445,145.87951807228916,British Grand Prix,Great Britain,10,2021
11,PER,Red Bull Racing,5.0,16.0,87.035,89.902,,,25.003614457831322,43.492771084337356,50.55060240963855,0.5349397590361445,145.87951807228916,British Grand Prix,Great Britain,10,2021
4,NOR,McLaren,6.0,4.0,87.035,89.902,,,25.003614457831322,43.492771084337356,50.55060240963855,0.5349397590361445,145.87951807228916,British Grand Prix,Great Britain,10,2021
3,RIC,McLaren,7.0,5.0,87.035,89.902,,,25.003614457831322,43.492771084337356,50.55060240963855,0.5349397590361445,145.87951807228916,British Grand Prix,Great Britain,10,2021
63,RUS,Williams,8.0,12.0,87.035,89.902,,,25.003614457831322,43.492771084337356,50.55060240963855,0.5349397590361445,145.87951807228916,British Grand Prix,Great Britain,10,2021
55,SAI,Ferrari,9.0,6.0,87.035,89.902,,,25.003614457831322,43.492771084337356,50.55060240963855,0.5349397590361445,145.87951807228916,British Grand Prix,Great Britain,10,2021
5,VET,Aston Martin,10.0,19.0,87.035,89.902,,,25.003614457831322,43.492771084337356,50.55060240963855,0.5349397590361445,145.87951807228916,British Grand Prix,Great Britain,10,2021
14,ALO,Alpine,11.0,7.0,87.035,89.902,,,25.003614457831322,43.492771084337356,50.55060240963855,0.5349397590361445,145.87951807228916,British Grand Prix,Great Britain,10,2021
10,GAS,AlphaTauri,12.0,11.0,87.035,89.902,,,25.003614457831322,43.492771084337356,50.55060240963855,0.5349397590361445,145.87951807228916,British Grand Prix,Great Britain,10,2021
31,OCO,Alpine,13.0,9.0,87.035,89.902,,,25.003614457831322,43.492771084337356,50.55060240963855,0.5349397590361445,145.87951807228916,British Grand Prix,Great Britain,10,2021
99,GIO,Alfa Romeo Racing,14.0,13.0,87.035,89.902,,,25.003614457831322,43.492771084337356,50.55060240963855,0.5349397590361445,145.87951807228916,British Grand Prix,Great Britain,10,2021
18,STR,Aston Martin,15.0,8.0,87.035,89.902,,,25.003614457831322,43.492771084337356,50.55060240963855,0.5349397590361445,145.87951807228916,British Grand Prix,Great Britain,10,2021
22,TSU,AlphaTauri,16.0,10.0,87.035,89.902,,,25.003614457831322,43.492771084337356,50.55060240963855,0.5349397590361445,145.87951807228916,British Grand Prix,Great Britain,10,2021
7,RAI,Alfa Romeo Racing,17.0,15.0,87.035,89.902,,,25.003614457831322,43.492771084337356,50.55060240963855,0.5349397590361445,145.87951807228916,British Grand Prix,Great Britain,10,2021
6,LAT,Williams,18.0,14.0,87.035,89.902,,,25.003614457831322,43.492771084337356,50.55060240963855,0.5349397590361445,145.87951807228916,British Grand Prix,Great Britain,10,2021
47,MSC,Haas F1 Team,19.0,18.0,87.035,89.902,,,25.003614457831322,43.492771084337356,50.55060240963855,0.5349397590361445,145.87951807228916,British Grand Prix,Great Britain,10,2021
9,MAZ,Haas F1 Team,20.0,17.0,87.035,89.902,,,25.003614457831322,43.492771084337356,50.55060240963855,0.5349397590361445,145.87951807228916,British Grand Prix,Great Britain,10,2021
44,HAM,Mercedes,1.0,2.0,77.555,77.012,76.826,,32.42025316455697,61.5,33.32658227848103,0.3518987341772152,212.7594936708861,Hungarian Grand Prix,Hungary,11,2021
77,BOT,Mercedes,2.0,16.0,77.555,77.012,76.826,,32.42025316455697,61.5,33.32658227848103,0.3518987341772152,212.7594936708861,Hungarian Grand Prix,Hungary,11,2021
33,VER,Red Bull Racing,3.0,9.0,77.555,77.012,76.826,,32.42025316455697,61.5,33.32658227848103,0.3518987341772152,212.7594936708861,Hungarian Grand Prix,Hungary,11,2021
11,PER,Red Bull Racing,4.0,17.0,77.555,77.012,76.826,,32.42025316455697,61.5,33.32658227848103,0.3518987341772152,212.7594936708861,Hungarian Grand Prix,Hungary,11,2021
10,GAS,AlphaTauri,5.0,5.0,77.555,77.012,76.826,,32.42025316455697,61.5,33.32658227848103,0.3518987341772152,212.7594936708861,Hungarian Grand Prix,Hungary,11,2021
4,NOR,McLaren,6.0,15.0,77.555,77.012,76.826,,32.42025316455697,61.5,33.32658227848103,0.3518987341772152,212.7594936708861,Hungarian Grand Prix,Hungary,11,2021
16,LEC,Ferrari,7.0,18.0,77.555,77.012,76.826,,32.42025316455697,61.5,33.32658227848103,0.3518987341772152,212.7594936708861,Hungarian Grand Prix,Hungary,11,2021
31,OCO,Alpine,8.0,1.0,77.555,77.012,76.826,,32.42025316455697,61.5,33.32658227848103,0.3518987341772152,212.7594936708861,Hungarian Grand Prix,Hungary,11,2021
14,ALO,Alpine,9.0,4.0,77.555,77.012,76.826,,32.42025316455697,61.5,33.32658227848103,0.3518987341772152,212.7594936708861,Hungarian Grand Prix,Hungary,11,2021
5,VET,Aston Martin,10.0,20.0,77.555,77.012,76.826,,32.42025316455697,61.5,33.32658227848103,0.3518987341772152,212.7594936708861,Hungarian Grand Prix,Hungary,11,2021
3,RIC,McLaren,11.0,11.0,77.555,77.012,76.826,,32.42025316455697,61.5,33.32658227848103,0.3518987341772152,212.7594936708861,Hungarian Grand Prix,Hungary,11,2021
18,STR,Aston Martin,12.0,19.0,77.555,77.012,76.826,,32.42025316455697,61.5,33.32658227848103,0.3518987341772152,212.7594936708861,Hungarian Grand Prix,Hungary,11,2021
7,RAI,Alfa Romeo Racing,13.0,10.0,77.555,77.012,76.826,,32.42025316455697,61.5,33.32658227848103,0.3518987341772152,212.7594936708861,Hungarian Grand Prix,Hungary,11,2021
99,GIO,Alfa Romeo Racing,14.0,13.0,77.555,77.012,76.826,,32.42025316455697,61.5,33.32658227848103,0.3518987341772152,212.7594936708861,Hungarian Grand Prix,Hungary,11,2021
55,SAI,Ferrari,15.0,3.0,77.555,77.012,76.826,,32.42025316455697,61.5,33.32658227848103,0.3518987341772152,212.7594936708861,Hungarian Grand Prix,Hungary,11,2021
22,TSU,AlphaTauri,16.0,6.0,77.555,77.012,76.826,,32.42025316455697,61.5,33.32658227848103,0.3518987341772152,212.7594936708861,Hungarian Grand Prix,Hungary,11,2021
63,RUS,Williams,17.0,8.0,77.555,77.012,76.826,,32.42025316455697,61.5,33.32658227848103,0.3518987341772152,212.7594936708861,Hungarian Grand Prix,Hungary,11,2021
6,LAT,Williams,18.0,7.0,77.555,77.012,76.826,,32.42025316455697,61.5,33.32658227848103,0.3518987341772152,212.7594936708861,Hungarian Grand Prix,Hungary,11,2021
9,MAZ,Haas F1 Team,19.0,14.0,77.555,77.012,76.826,,32.42025316455697,61.5,33.32658227848103,0.3518987341772152,212.7594936708861,Hungarian Grand Prix,Hungary,11,2021
47,MSC,Haas F1 Team,20.0,12.0,77.555,77.012,76.826,,32.42025316455697,61.5,33.32658227848103,0.3518987341772152,212.7594936708861,Hungarian Grand Prix,Hungary,11,2021
33,VER,Red Bull Racing,1.0,1.0,105.199,104.472,116.924,,14.832894736842105,19.530263157894733,82.04868421052632,0.4934210526315789,287.8157894736842,Belgian Grand Prix,Belgium,12,2021
63,RUS,Williams,2.0,2.0,105.199,104.472,116.924,,14.832894736842105,19.530263157894733,82.04868421052632,0.4934210526315789,287.8157894736842,Belgian Grand Prix,Belgium,12,2021
44,HAM,Mercedes,3.0,3.0,105.199,104.472,116.924,,14.832894736842105,19.530263157894733,82.04868421052632,0.4934210526315789,287.8157894736842,Belgian Grand Prix,Belgium,12,2021
3,RIC,McLaren,4.0,4.0,105.199,104.472,116.924,,14.832894736842105,19.530263157894733,82.04868421052632,0.4934210526315789,287.8157894736842,Belgian Grand Prix,Belgium,12,2021
5,VET,Aston Martin,5.0,5.0,105.199,104.472,116.924,,14.832894736842105,19.530263157894733,82.04868421052632,0.4934210526315789,287.8157894736842,Belgian Grand Prix,Belgium,12,2021
10,GAS,AlphaTauri,6.0,6.0,105.199,104.472,116.924,,14.832894736842105,19.530263157894733,82.04868421052632,0.4934210526315789,287.8157894736842,Belgian Grand Prix,Belgium,12,2021
11,PER,Red Bull Racing,7.0,19.0,105.199,104.472,116.924,,14.832894736842105,19.530263157894733,82.04868421052632,0.4934210526315789,287.8157894736842,Belgian Grand Prix,Belgium,12,2021
77,BOT,Mercedes,8.0,12.0,105.199,104.472,116.924,,14.832894736842105,19.530263157894733,82.04868421052632,0.4934210526315789,287.8157894736842,Belgian Grand Prix,Belgium,12,2021
31,OCO,Alpine,9.0,7.0,105.199,104.472,116.924,,14.832894736842105,19.530263157894733,82.04868421052632,0.4934210526315789,287.8157894736842,Belgian Grand Prix,Belgium,12,2021
4,NOR,McLaren,10.0,14.0,105.199,104.472,116.924,,14.832894736842105,19.530263157894733,82.04868421052632,0.4934210526315789,287.8157894736842,Belgian Grand Prix,Belgium,12,2021
16,LEC,Ferrari,11.0,8.0,105.199,104.472,116.924,,14.832894736842105,19.530263157894733,82.04868421052632,0.4934210526315789,287.8157894736842,Belgian Grand Prix,Belgium,12,2021
6,LAT,Williams,12.0,9.0,105.199,104.472,116.924,,14.832894736842105,19.530263157894733,82.04868421052632,0.4934210526315789,287.8157894736842,Belgian Grand Prix,Belgium,12,2021
55,SAI,Ferrari,13.0,10.0,105.199,104.472,116.924,,14.832894736842105,19.530263157894733,82.04868421052632,0.4934210526315789,287.8157894736842,Belgian Grand Prix,Belgium,12,2021
14,ALO,Alpine,14.0,11.0,105.199,104.472,116.924,,14.832894736842105,19.530263157894733,82.04868421052632,0.4934210526315789,287.8157894736842,Belgian Grand Prix,Belgium,12,2021
18,STR,Aston Martin,15.0,20.0,105.199,104.472,116.924,,14.832894736842105,19.530263157894733,82.04868421052632,0.4934210526315789,287.8157894736842,Belgian Grand Prix,Belgium,12,2021
99,GIO,Alfa Romeo Racing,16.0,13.0,105.199,104.472,116.924,,14.832894736842105,19.530263157894733,82.04868421052632,0.4934210526315789,287.8157894736842,Belgian Grand Prix,Belgium,12,2021
22,TSU,AlphaTauri,17.0,15.0,105.199,104.472,116.924,,14.832894736842105,19.530263157894733,82.04868421052632,0.4934210526315789,287.8157894736842,Belgian Grand Prix,Belgium,12,2021
47,MSC,Haas F1 Team,18.0,16.0,105.199,104.472,116.924,,14.832894736842105,19.530263157894733,82.04868421052632,0.4934210526315789,287.8157894736842,Belgian Grand Prix,Belgium,12,2021
7,RAI,Alfa Romeo Racing,19.0,18.0,105.199,104.472,116.924,,14.832894736842105,19.530263157894733,82.04868421052632,0.4934210526315789,287.8157894736842,Belgian Grand Prix,Belgium,12,2021
9,MAZ,Haas F1 Team,20.0,17.0,105.199,104.472,116.924,,14.832894736842105,19.530263157894733,82.04868421052632,0.4934210526315789,287.8157894736842,Belgian Grand Prix,Belgium,12,2021
33,VER,Red Bull Racing,1.0,1.0,71.5,70.902,69.623,,20.70119047619048,34.996428571428574,65.5142857142857,0.5857142857142857,52.714285714285715,Dutch Grand Prix,Netherlands,13,2021
44,HAM,Mercedes,2.0,2.0,71.5,70.902,69.623,,20.70119047619048,34.996428571428574,65.5142857142857,0.5857142857142857,52.714285714285715,Dutch Grand Prix,Netherlands,13,2021
77,BOT,Mercedes,3.0,3.0,71.5,70.902,69.623,,20.70119047619048,34.996428571428574,65.5142857142857,0.5857142857142857,52.714285714285715,Dutch Grand Prix,Netherlands,13,2021
10,GAS,AlphaTauri,4.0,4.0,71.5,70.902,69.623,,20.70119047619048,34.996428571428574,65.5142857142857,0.5857142857142857,52.714285714285715,Dutch Grand Prix,Netherlands,13,2021
16,LEC,Ferrari,5.0,5.0,71.5,70.902,69.623,,20.70119047619048,34.996428571428574,65.5142857142857,0.5857142857142857,52.714285714285715,Dutch Grand Prix,Netherlands,13,2021
55,SAI,Ferrari,6.0,7.0,71.5,70.902,69.623,,20.70119047619048,34.996428571428574,65.5142857142857,0.5857142857142857,52.714285714285715,Dutch Grand Prix,Netherlands,13,2021
99,GIO,Alfa Romeo Racing,7.0,14.0,71.5,70.902,69.623,,20.70119047619048,34.996428571428574,65.5142857142857,0.5857142857142857,52.714285714285715,Dutch Grand Prix,Netherlands,13,2021
31,OCO,Alpine,8.0,9.0,71.5,70.902,69.623,,20.70119047619048,34.996428571428574,65.5142857142857,0.5857142857142857,52.714285714285715,Dutch Grand Prix,Netherlands,13,2021
14,ALO,Alpine,9.0,6.0,71.5,70.902,69.623,,20.70119047619048,34.996428571428574,65.5142857142857,0.5857142857142857,52.714285714285715,Dutch Grand Prix,Netherlands,13,2021
3,RIC,McLaren,10.0,11.0,71.5,70.902,69.623,,20.70119047619048,34.996428571428574,65.5142857142857,0.5857142857142857,52.714285714285715,Dutch Grand Prix,Netherlands,13,2021
63,RUS,Williams,11.0,17.0,71.5,70.902,69.623,,20.70119047619048,34.996428571428574,65.5142857142857,0.5857142857142857,52.714285714285715,Dutch Grand Prix,Netherlands,13,2021
18,STR,Aston Martin,12.0,12.0,71.5,70.902,69.623,,20.70119047619048,34.996428571428574,65.5142857142857,0.5857142857142857,52.714285714285715,Dutch Grand Prix,Netherlands,13,2021
4,NOR,McLaren,13.0,10.0,71.5,70.902,69.623,,20.70119047619048,34.996428571428574,65.5142857142857,0.5857142857142857,52.714285714285715,Dutch Grand Prix,Netherlands,13,2021
6,LAT,Williams,14.0,16.0,71.5,70.902,69.623,,20.70119047619048,34.996428571428574,65.5142857142857,0.5857142857142857,52.714285714285715,Dutch Grand Prix,Netherlands,13,2021
22,TSU,AlphaTauri,15.0,19.0,71.5,70.902,69.623,,20.70119047619048,34.996428571428574,65.5142857142857,0.5857142857142857,52.714285714285715,Dutch Grand Prix,Netherlands,13,2021
11,PER,Red Bull Racing,16.0,8.0,71.5,70.902,69.623,,20.70119047619048,34.996428571428574,65.5142857142857,0.5857142857142857,52.714285714285715,Dutch Grand Prix,Netherlands,13,2021
5,VET,Aston Martin,17.0,13.0,71.5,70.902,69.623,,20.70119047619048,34.996428571428574,65.5142857142857,0.5857142857142857,52.714285714285715,Dutch Grand Prix,Netherlands,13,2021
88,KUB,Alfa Romeo Racing,18.0,15.0,71.5,70.902,69.623,,20.70119047619048,34.996428571428574,65.5142857142857,0.5857142857142857,52.714285714285715,Dutch Grand Prix,Netherlands,13,2021
47,MSC,Haas F1 Team,19.0,18.0,71.5,70.902,69.623,,20.70119047619048,34.996428571428574,65.5142857142857,0.5857142857142857,52.714285714285715,Dutch Grand Prix,Netherlands,13,2021
9,MAZ,Haas F1 Team,20.0,20.0,71.5,70.902,69.623,,20.70119047619048,34.996428571428574,65.5142857142857,0.5857142857142857,52.714285714285715,Dutch Grand Prix,Netherlands,13,2021
77,BOT,Mercedes,1.0,3.0,80.926,83.246,,,25.468354430379748,37.469620253164564,49.074683544303795,0.3518987341772152,159.39240506329114,Italian Grand Prix,Italy,14,2021
44,HAM,Mercedes,2.0,17.0,80.926,83.246,,,25.468354430379748,37.469620253164564,49.074683544303795,0.3518987341772152,159.39240506329114,Italian Grand Prix,Italy,14,2021
33,VER,Red Bull Racing,3.0,18.0,80.926,83.246,,,25.468354430379748,37.469620253164564,49.074683544303795,0.3518987341772152,159.39240506329114,Italian Grand Prix,Italy,14,2021
4,NOR,McLaren,4.0,2.0,80.926,83.246,,,25.468354430379748,37.469620253164564,49.074683544303795,0.3518987341772152,159.39240506329114,Italian Grand Prix,Italy,14,2021
3,RIC,McLaren,5.0,1.0,80.926,83.246,,,25.468354430379748,37.469620253164564,49.074683544303795,0.3518987341772152,159.39240506329114,Italian Grand Prix,Italy,14,2021
10,GAS,AlphaTauri,6.0,19.0,80.926,83.246,,,25.468354430379748,37.469620253164564,49.074683544303795,0.3518987341772152,159.39240506329114,Italian Grand Prix,Italy,14,2021
55,SAI,Ferrari,7.0,6.0,80.926,83.246,,,25.468354430379748,37.469620253164564,49.074683544303795,0.3518987341772152,159.39240506329114,Italian Grand Prix,Italy,14,2021
16,LEC,Ferrari,8.0,4.0,80.926,83.246,,,25.468354430379748,37.469620253164564,49.074683544303795,0.3518987341772152,159.39240506329114,Italian Grand Prix,Italy,14,2021
11,PER,Red Bull Racing,9.0,5.0,80.926,83.246,,,25.468354430379748,37.469620253164564,49.074683544303795,0.3518987341772152,159.39240506329114,Italian Grand Prix,Italy,14,2021
99,GIO,Alfa Romeo Racing,10.0,13.0,80.926,83.246,,,25.468354430379748,37.469620253164564,49.074683544303795,0.3518987341772152,159.39240506329114,Italian Grand Prix,Italy,14,2021
5,VET,Aston Martin,11.0,12.0,80.926,83.246,,,25.468354430379748,37.469620253164564,49.074683544303795,0.3518987341772152,159.39240506329114,Italian Grand Prix,Italy,14,2021
18,STR,Aston Martin,12.0,7.0,80.926,83.246,,,25.468354430379748,37.469620253164564,49.074683544303795,0.3518987341772152,159.39240506329114,Italian Grand Prix,Italy,14,2021
14,ALO,Alpine,13.0,8.0,80.926,83.246,,,25.468354430379748,37.469620253164564,49.074683544303795,0.3518987341772152,159.39240506329114,Italian Grand Prix,Italy,14,2021
31,OCO,Alpine,14.0,10.0,80.926,83.246,,,25.468354430379748,37.469620253164564,49.074683544303795,0.3518987341772152,159.39240506329114,Italian Grand Prix,Italy,14,2021
63,RUS,Williams,15.0,9.0,80.926,83.246,,,25.468354430379748,37.469620253164564,49.074683544303795,0.3518987341772152,159.39240506329114,Italian Grand Prix,Italy,14,2021
6,LAT,Williams,16.0,11.0,80.926,83.246,,,25.468354430379748,37.469620253164564,49.074683544303795,0.3518987341772152,159.39240506329114,Italian Grand Prix,Italy,14,2021
22,TSU,AlphaTauri,17.0,20.0,80.926,83.246,,,25.468354430379748,37.469620253164564,49.074683544303795,0.3518987341772152,159.39240506329114,Italian Grand Prix,Italy,14,2021
47,MSC,Haas F1 Team,18.0,15.0,80.926,83.246,,,25.468354430379748,37.469620253164564,49.074683544303795,0.3518987341772152,159.39240506329114,Italian Grand Prix,Italy,14,2021
88,KUB,Alfa Romeo Racing,19.0,14.0,80.926,83.246,,,25.468354430379748,37.469620253164564,49.074683544303795,0.3518987341772152,159.39240506329114,Italian Grand Prix,Italy,14,2021
9,MAZ,Haas F1 Team,20.0,16.0,80.926,83.246,,,25.468354430379748,37.469620253164564,49.074683544303795,0.3518987341772152,159.39240506329114,Italian Grand Prix,Italy,14,2021
4,NOR,McLaren,1.0,7.0,94.427,93.593,,,19.153164556962025,31.712658227848102,50.23670886075949,0.8354430379746833,289.26582278481015,Russian Grand Prix,Russia,15,2021
55,SAI,Ferrari,2.0,3.0,94.427,93.593,,,19.153164556962025,31.712658227848102,50.23670886075949,0.8354430379746833,289.26582278481015,Russian Grand Prix,Russia,15,2021
63,RUS,Williams,3.0,10.0,94.427,93.593,,,19.153164556962025,31.712658227848102,50.23670886075949,0.8354430379746833,289.26582278481015,Russian Grand Prix,Russia,15,2021
44,HAM,Mercedes,4.0,1.0,94.427,93.593,,,19.153164556962025,31.712658227848102,50.23670886075949,0.8354430379746833,289.26582278481015,Russian Grand Prix,Russia,15,2021
3,RIC,McLaren,5.0,4.0,94.427,93.593,,,19.153164556962025,31.712658227848102,50.23670886075949,0.8354430379746833,289.26582278481015,Russian Grand Prix,Russia,15,2021
14,ALO,Alpine,6.0,6.0,94.427,93.593,,,19.153164556962025,31.712658227848102,50.23670886075949,0.8354430379746833,289.26582278481015,Russian Grand Prix,Russia,15,2021
77,BOT,Mercedes,7.0,5.0,94.427,93.593,,,19.153164556962025,31.712658227848102,50.23670886075949,0.8354430379746833,289.26582278481015,Russian Grand Prix,Russia,15,2021
18,STR,Aston Martin,8.0,11.0,94.427,93.593,,,19.153164556962025,31.712658227848102,50.23670886075949,0.8354430379746833,289.26582278481015,Russian Grand Prix,Russia,15,2021
11,PER,Red Bull Racing,9.0,9.0,94.427,93.593,,,19.153164556962025,31.712658227848102,50.23670886075949,0.8354430379746833,289.26582278481015,Russian Grand Prix,Russia,15,2021
31,OCO,Alpine,10.0,14.0,94.427,93.593,,,19.153164556962025,31.712658227848102,50.23670886075949,0.8354430379746833,289.26582278481015,Russian Grand Prix,Russia,15,2021
5,VET,Aston Martin,11.0,12.0,94.427,93.593,,,19.153164556962025,31.712658227848102,50.23670886075949,0.8354430379746833,289.26582278481015,Russian Grand Prix,Russia,15,2021
10,GAS,AlphaTauri,12.0,13.0,94.427,93.593,,,19.153164556962025,31.712658227848102,50.23670886075949,0.8354430379746833,289.26582278481015,Russian Grand Prix,Russia,15,2021
22,TSU,AlphaTauri,13.0,17.0,94.427,93.593,,,19.153164556962025,31.712658227848102,50.23670886075949,0.8354430379746833,289.26582278481015,Russian Grand Prix,Russia,15,2021
6,LAT,Williams,14.0,19.0,94.427,93.593,,,19.153164556962025,31.712658227848102,50.23670886075949,0.8354430379746833,289.26582278481015,Russian Grand Prix,Russia,15,2021
16,LEC,Ferrari,15.0,15.0,94.427,93.593,,,19.153164556962025,31.712658227848102,50.23670886075949,0.8354430379746833,289.26582278481015,Russian Grand Prix,Russia,15,2021
7,RAI,Alfa Romeo Racing,16.0,8.0,94.427,93.593,,,19.153164556962025,31.712658227848102,50.23670886075949,0.8354430379746833,289.26582278481015,Russian Grand Prix,Russia,15,2021
47,MSC,Haas F1 Team,17.0,20.0,94.427,93.593,,,19.153164556962025,31.712658227848102,50.23670886075949,0.8354430379746833,289.26582278481015,Russian Grand Prix,Russia,15,2021
99,GIO,Alfa Romeo Racing,18.0,16.0,94.427,93.593,,,19.153164556962025,31.712658227848102,50.23670886075949,0.8354430379746833,289.26582278481015,Russian Grand Prix,Russia,15,2021
9,MAZ,Haas F1 Team,19.0,18.0,94.427,93.593,,,19.153164556962025,31.712658227848102,50.23670886075949,0.8354430379746833,289.26582278481015,Russian Grand Prix,Russia,15,2021
33,VER,Red Bull Racing,20.0,2.0,94.427,93.593,,,19.153164556962025,31.712658227848102,50.23670886075949,0.8354430379746833,289.26582278481015,Russian Grand Prix,Russia,15,2021
44,HAM,Mercedes,1.0,5.0,84.178,83.804,90.447,,19.652439024390244,28.32682926829268,66.88170731707318,1.2634146341463415,81.2560975609756,Turkish Grand Prix,Turkey,16,2021
77,BOT,Mercedes,2.0,1.0,84.178,83.804,90.447,,19.652439024390244,28.32682926829268,66.88170731707318,1.2634146341463415,81.2560975609756,Turkish Grand Prix,Turkey,16,2021
33,VER,Red Bull Racing,3.0,2.0,84.178,83.804,90.447,,19.652439024390244,28.32682926829268,66.88170731707318,1.2634146341463415,81.2560975609756,Turkish Grand Prix,Turkey,16,2021
16,LEC,Ferrari,4.0,4.0,84.178,83.804,90.447,,19.652439024390244,28.32682926829268,66.88170731707318,1.2634146341463415,81.2560975609756,Turkish Grand Prix,Turkey,16,2021
10,GAS,AlphaTauri,5.0,6.0,84.178,83.804,90.447,,19.652439024390244,28.32682926829268,66.88170731707318,1.2634146341463415,81.2560975609756,Turkish Grand Prix,Turkey,16,2021
14,ALO,Alpine,6.0,16.0,84.178,83.804,90.447,,19.652439024390244,28.32682926829268,66.88170731707318,1.2634146341463415,81.2560975609756,Turkish Grand Prix,Turkey,16,2021
11,PER,Red Bull Racing,7.0,3.0,84.178,83.804,90.447,,19.652439024390244,28.32682926829268,66.88170731707318,1.2634146341463415,81.2560975609756,Turkish Grand Prix,Turkey,16,2021
4,NOR,McLaren,8.0,7.0,84.178,83.804,90.447,,19.652439024390244,28.32682926829268,66.88170731707318,1.2634146341463415,81.2560975609756,Turkish Grand Prix,Turkey,16,2021
18,STR,Aston Martin,9.0,9.0,84.178,83.804,90.447,,19.652439024390244,28.32682926829268,66.88170731707318,1.2634146341463415,81.2560975609756,Turkish Grand Prix,Turkey,16,2021
22,TSU,AlphaTauri,10.0,14.0,84.178,83.804,90.447,,19.652439024390244,28.32682926829268,66.88170731707318,1.2634146341463415,81.2560975609756,Turkish Grand Prix,Turkey,16,2021
5,VET,Aston Martin,11.0,18.0,84.178,83.804,90.447,,19.652439024390244,28.32682926829268,66.88170731707318,1.2634146341463415,81.2560975609756,Turkish Grand Prix,Turkey,16,2021
31,OCO,Alpine,12.0,10.0,84.178,83.804,90.447,,19.652439024390244,28.32682926829268,66.88170731707318,1.2634146341463415,81.2560975609756,Turkish Grand Prix,Turkey,16,2021
63,RUS,Williams,13.0,15.0,84.178,83.804,90.447,,19.652439024390244,28.32682926829268,66.88170731707318,1.2634146341463415,81.2560975609756,Turkish Grand Prix,Turkey,16,2021
47,MSC,Haas F1 Team,14.0,19.0,84.178,83.804,90.447,,19.652439024390244,28.32682926829268,66.88170731707318,1.2634146341463415,81.2560975609756,Turkish Grand Prix,Turkey,16,2021
55,SAI,Ferrari,15.0,8.0,84.178,83.804,90.447,,19.652439024390244,28.32682926829268,66.88170731707318,1.2634146341463415,81.2560975609756,Turkish Grand Prix,Turkey,16,2021
3,RIC,McLaren,16.0,13.0,84.178,83.804,90.447,,19.652439024390244,28.32682926829268,66.88170731707318,1.2634146341463415,81.2560975609756,Turkish Grand Prix,Turkey,16,2021
6,LAT,Williams,17.0,17.0,84.178,83.804,90.447,,19.652439024390244,28.32682926829268,66.88170731707318,1.2634146341463415,81.2560975609756,Turkish Grand Prix,Turkey,16,2021
99,GIO,Alfa Romeo Racing,18.0,11.0,84.178,83.804,90.447,,19.652439024390244,28.32682926829268,66.88170731707318,1.2634146341463415,81.2560975609756,Turkish Grand Prix,Turkey,16,2021
7,RAI,Alfa Romeo Racing,19.0,12.0,84.178,83.804,90.447,,19.652439024390244,28.32682926829268,66.88170731707318,1.2634146341463415,81.2560975609756,Turkish Grand Prix,Turkey,16,2021
9,MAZ,Haas F1 Team,20.0,20.0,84.178,83.804,90.447,,19.652439024390244,28.32682926829268,66.88170731707318,1.2634146341463415,81.2560975609756,Turkish Grand Prix,Turkey,16,2021
33,VER,Red Bull Racing,1.0,1.0,94.874,94.946,94.701,,29.096202531645563,36.28987341772153,51.98101265822785,0.5417721518987342,143.31645569620252,United States Grand Prix,United States,17,2021
44,HAM,Mercedes,2.0,2.0,94.874,94.946,94.701,,29.096202531645563,36.28987341772153,51.98101265822785,0.5417721518987342,143.31645569620252,United States Grand Prix,United States,17,2021
11,PER,Red Bull Racing,3.0,3.0,94.874,94.946,94.701,,29.096202531645563,36.28987341772153,51.98101265822785,0.5417721518987342,143.31645569620252,United States Grand Prix,United States,17,2021
77,BOT,Mercedes,4.0,6.0,94.874,94.946,94.701,,29.096202531645563,36.28987341772153,51.98101265822785,0.5417721518987342,143.31645569620252,United States Grand Prix,United States,17,2021
16,LEC,Ferrari,5.0,4.0,94.874,94.946,94.701,,29.096202531645563,36.28987341772153,51.98101265822785,0.5417721518987342,143.31645569620252,United States Grand Prix,United States,17,2021
55,SAI,Ferrari,6.0,7.0,94.874,94.946,94.701,,29.096202531645563,36.28987341772153,51.98101265822785,0.5417721518987342,143.31645569620252,United States Grand Prix,United States,17,2021
3,RIC,McLaren,7.0,5.0,94.874,94.946,94.701,,29.096202531645563,36.28987341772153,51.98101265822785,0.5417721518987342,143.31645569620252,United States Grand Prix,United States,17,2021
4,NOR,McLaren,8.0,8.0,94.874,94.946,94.701,,29.096202531645563,36.28987341772153,51.98101265822785,0.5417721518987342,143.31645569620252,United States Grand Prix,United States,17,2021
10,GAS,AlphaTauri,9.0,20.0,94.874,94.946,94.701,,29.096202531645563,36.28987341772153,51.98101265822785,0.5417721518987342,143.31645569620252,United States Grand Prix,United States,17,2021
22,TSU,AlphaTauri,10.0,9.0,94.874,94.946,94.701,,29.096202531645563,36.28987341772153,51.98101265822785,0.5417721518987342,143.31645569620252,United States Grand Prix,United States,17,2021
31,OCO,Alpine,11.0,19.0,94.874,94.946,94.701,,29.096202531645563,36.28987341772153,51.98101265822785,0.5417721518987342,143.31645569620252,United States Grand Prix,United States,17,2021
5,VET,Aston Martin,12.0,10.0,94.874,94.946,94.701,,29.096202531645563,36.28987341772153,51.98101265822785,0.5417721518987342,143.31645569620252,United States Grand Prix,United States,17,2021
99,GIO,Alfa Romeo Racing,13.0,11.0,94.874,94.946,94.701,,29.096202531645563,36.28987341772153,51.98101265822785,0.5417721518987342,143.31645569620252,United States Grand Prix,United States,17,2021
14,ALO,Alpine,14.0,18.0,94.874,94.946,94.701,,29.096202531645563,36.28987341772153,51.98101265822785,0.5417721518987342,143.31645569620252,United States Grand Prix,United States,17,2021
63,RUS,Williams,15.0,14.0,94.874,94.946,94.701,,29.096202531645563,36.28987341772153,51.98101265822785,0.5417721518987342,143.31645569620252,United States Grand Prix,United States,17,2021
18,STR,Aston Martin,16.0,12.0,94.874,94.946,94.701,,29.096202531645563,36.28987341772153,51.98101265822785,0.5417721518987342,143.31645569620252,United States Grand Prix,United States,17,2021
6,LAT,Williams,17.0,15.0,94.874,94.946,94.701,,29.096202531645563,36.28987341772153,51.98101265822785,0.5417721518987342,143.31645569620252,United States Grand Prix,United States,17,2021
7,RAI,Alfa Romeo Racing,18.0,13.0,94.874,94.946,94.701,,29.096202531645563,36.28987341772153,51.98101265822785,0.5417721518987342,143.31645569620252,United States Grand Prix,United States,17,2021
47,MSC,Haas F1 Team,19.0,16.0,94.874,94.946,94.701,,29.096202531645563,36.28987341772153,51.98101265822785,0.5417721518987342,143.31645569620252,United States Grand Prix,United States,17,2021
9,MAZ,Haas F1 Team,20.0,17.0,94.874,94.946,94.701,,29.096202531645563,36.28987341772153,51.98101265822785,0.5417721518987342,143.31645569620252,United States Grand Prix,United States,17,2021
77,BOT,Mercedes,1.0,15.0,78.341,77.301,77.024,,21.7875,41.322500000000005,29.294999999999995,0.41875,246.4375,Mexico City Grand Prix,Mexico,18,2021
44,HAM,Mercedes,2.0,2.0,78.341,77.301,77.024,,21.7875,41.322500000000005,29.294999999999995,0.41875,246.4375,Mexico City Grand Prix,Mexico,18,2021
33,VER,Red Bull Racing,3.0,1.0,78.341,77.301,77.024,,21.7875,41.322500000000005,29.294999999999995,0.41875,246.4375,Mexico City Grand Prix,Mexico,18,2021
11,PER,Red Bull Racing,4.0,3.0,78.341,77.301,77.024,,21.7875,41.322500000000005,29.294999999999995,0.41875,246.4375,Mexico City Grand Prix,Mexico,18,2021
10,GAS,AlphaTauri,5.0,4.0,78.341,77.301,77.024,,21.7875,41.322500000000005,29.294999999999995,0.41875,246.4375,Mexico City Grand Prix,Mexico,18,2021
55,SAI,Ferrari,6.0,6.0,78.341,77.301,77.024,,21.7875,41.322500000000005,29.294999999999995,0.41875,246.4375,Mexico City Grand Prix,Mexico,18,2021
3,RIC,McLaren,7.0,12.0,78.341,77.301,77.024,,21.7875,41.322500000000005,29.294999999999995,0.41875,246.4375,Mexico City Grand Prix,Mexico,18,2021
16,LEC,Ferrari,8.0,5.0,78.341,77.301,77.024,,21.7875,41.322500000000005,29.294999999999995,0.41875,246.4375,Mexico City Grand Prix,Mexico,18,2021
22,TSU,AlphaTauri,9.0,20.0,78.341,77.301,77.024,,21.7875,41.322500000000005,29.294999999999995,0.41875,246.4375,Mexico City Grand Prix,Mexico,18,2021
4,NOR,McLaren,10.0,10.0,78.341,77.301,77.024,,21.7875,41.322500000000005,29.294999999999995,0.41875,246.4375,Mexico City Grand Prix,Mexico,18,2021
5,VET,Aston Martin,11.0,7.0,78.341,77.301,77.024,,21.7875,41.322500000000005,29.294999999999995,0.41875,246.4375,Mexico City Grand Prix,Mexico,18,2021
7,RAI,Alfa Romeo Racing,12.0,8.0,78.341,77.301,77.024,,21.7875,41.322500000000005,29.294999999999995,0.41875,246.4375,Mexico City Grand Prix,Mexico,18,2021
63,RUS,Williams,13.0,16.0,78.341,77.301,77.024,,21.7875,41.322500000000005,29.294999999999995,0.41875,246.4375,Mexico City Grand Prix,Mexico,18,2021
99,GIO,Alfa Romeo Racing,14.0,11.0,78.341,77.301,77.024,,21.7875,41.322500000000005,29.294999999999995,0.41875,246.4375,Mexico City Grand Prix,Mexico,18,2021
31,OCO,Alpine,15.0,13.0,78.341,77.301,77.024,,21.7875,41.322500000000005,29.294999999999995,0.41875,246.4375,Mexico City Grand Prix,Mexico,18,2021
14,ALO,Alpine,16.0,9.0,78.341,77.301,77.024,,21.7875,41.322500000000005,29.294999999999995,0.41875,246.4375,Mexico City Grand Prix,Mexico,18,2021
6,LAT,Williams,17.0,17.0,78.341,77.301,77.024,,21.7875,41.322500000000005,29.294999999999995,0.41875,246.4375,Mexico City Grand Prix,Mexico,18,2021
47,MSC,Haas F1 Team,18.0,19.0,78.341,77.301,77.024,,21.7875,41.322500000000005,29.294999999999995,0.41875,246.4375,Mexico City Grand Prix,Mexico,18,2021
9,MAZ,Haas F1 Team,19.0,18.0,78.341,77.301,77.024,,21.7875,41.322500000000005,29.294999999999995,0.41875,246.4375,Mexico City Grand Prix,Mexico,18,2021
18,STR,Aston Martin,20.0,14.0,78.341,77.301,77.024,,21.7875,41.322500000000005,29.294999999999995,0.41875,246.4375,Mexico City Grand Prix,Mexico,18,2021
44,HAM,Mercedes,1.0,1.0,69.05,71.238,,,19.037037037037035,50.455555555555556,54.11481481481481,0.3728395061728395,181.4814814814815,São Paulo Grand Prix,Brazil,19,2021
33,VER,Red Bull Racing,2.0,2.0,69.05,71.238,,,19.037037037037035,50.455555555555556,54.11481481481481,0.3728395061728395,181.4814814814815,São Paulo Grand Prix,Brazil,19,2021
77,BOT,Mercedes,3.0,3.0,69.05,71.238,,,19.037037037037035,50.455555555555556,54.11481481481481,0.3728395061728395,181.4814814814815,São Paulo Grand Prix,Brazil,19,2021
11,PER,Red Bull Racing,4.0,4.0,69.05,71.238,,,19.037037037037035,50.455555555555556,54.11481481481481,0.3728395061728395,181.4814814814815,São Paulo Grand Prix,Brazil,19,2021
10,GAS,AlphaTauri,5.0,7.0,69.05,71.238,,,19.037037037037035,50.455555555555556,54.11481481481481,0.3728395061728395,181.4814814814815,São Paulo Grand Prix,Brazil,19,2021
55,SAI,Ferrari,6.0,6.0,69.05,71.238,,,19.037037037037035,50.455555555555556,54.11481481481481,0.3728395061728395,181.4814814814815,São Paulo Grand Prix,Brazil,19,2021
16,LEC,Ferrari,7.0,5.0,69.05,71.238,,,19.037037037037035,50.455555555555556,54.11481481481481,0.3728395061728395,181.4814814814815,São Paulo Grand Prix,Brazil,19,2021
4,NOR,McLaren,8.0,10.0,69.05,71.238,,,19.037037037037035,50.455555555555556,54.11481481481481,0.3728395061728395,181.4814814814815,São Paulo Grand Prix,Brazil,19,2021
3,RIC,McLaren,9.0,19.0,69.05,71.238,,,19.037037037037035,50.455555555555556,54.11481481481481,0.3728395061728395,181.4814814814815,São Paulo Grand Prix,Brazil,19,2021
14,ALO,Alpine,10.0,9.0,69.05,71.238,,,19.037037037037035,50.455555555555556,54.11481481481481,0.3728395061728395,181.4814814814815,São Paulo Grand Prix,Brazil,19,2021
31,OCO,Alpine,11.0,8.0,69.05,71.238,,,19.037037037037035,50.455555555555556,54.11481481481481,0.3728395061728395,181.4814814814815,São Paulo Grand Prix,Brazil,19,2021
5,VET,Aston Martin,12.0,11.0,69.05,71.238,,,19.037037037037035,50.455555555555556,54.11481481481481,0.3728395061728395,181.4814814814815,São Paulo Grand Prix,Brazil,19,2021
22,TSU,AlphaTauri,13.0,15.0,69.05,71.238,,,19.037037037037035,50.455555555555556,54.11481481481481,0.3728395061728395,181.4814814814815,São Paulo Grand Prix,Brazil,19,2021
7,RAI,Alfa Romeo Racing,14.0,12.0,69.05,71.238,,,19.037037037037035,50.455555555555556,54.11481481481481,0.3728395061728395,181.4814814814815,São Paulo Grand Prix,Brazil,19,2021
99,GIO,Alfa Romeo Racing,15.0,14.0,69.05,71.238,,,19.037037037037035,50.455555555555556,54.11481481481481,0.3728395061728395,181.4814814814815,São Paulo Grand Prix,Brazil,19,2021
18,STR,Aston Martin,16.0,20.0,69.05,71.238,,,19.037037037037035,50.455555555555556,54.11481481481481,0.3728395061728395,181.4814814814815,São Paulo Grand Prix,Brazil,19,2021
6,LAT,Williams,17.0,16.0,69.05,71.238,,,19.037037037037035,50.455555555555556,54.11481481481481,0.3728395061728395,181.4814814814815,São Paulo Grand Prix,Brazil,19,2021
63,RUS,Williams,18.0,13.0,69.05,71.238,,,19.037037037037035,50.455555555555556,54.11481481481481,0.3728395061728395,181.4814814814815,São Paulo Grand Prix,Brazil,19,2021
47,MSC,Haas F1 Team,19.0,18.0,69.05,71.238,,,19.037037037037035,50.455555555555556,54.11481481481481,0.3728395061728395,181.4814814814815,São Paulo Grand Prix,Brazil,19,2021
9,MAZ,Haas F1 Team,20.0,17.0,69.05,71.238,,,19.037037037037035,50.455555555555556,54.11481481481481,0.3728395061728395,181.4814814814815,São Paulo Grand Prix,Brazil,19,2021
44,HAM,Mercedes,1.0,1.0,83.723,83.148,82.31,,26.35316455696202,30.45949367088609,50.986075949367084,0.339240506329114,266.0379746835443,Qatar Grand Prix,Qatar,20,2021
33,VER,Red Bull Racing,2.0,2.0,83.723,83.148,82.31,,26.35316455696202,30.45949367088609,50.986075949367084,0.339240506329114,266.0379746835443,Qatar Grand Prix,Qatar,20,2021
77,BOT,Mercedes,3.0,20.0,83.723,83.148,82.31,,26.35316455696202,30.45949367088609,50.986075949367084,0.339240506329114,266.0379746835443,Qatar Grand Prix,Qatar,20,2021
10,GAS,AlphaTauri,4.0,11.0,83.723,83.148,82.31,,26.35316455696202,30.45949367088609,50.986075949367084,0.339240506329114,266.0379746835443,Qatar Grand Prix,Qatar,20,2021
14,ALO,Alpine,5.0,3.0,83.723,83.148,82.31,,26.35316455696202,30.45949367088609,50.986075949367084,0.339240506329114,266.0379746835443,Qatar Grand Prix,Qatar,20,2021
4,NOR,McLaren,6.0,9.0,83.723,83.148,82.31,,26.35316455696202,30.45949367088609,50.986075949367084,0.339240506329114,266.0379746835443,Qatar Grand Prix,Qatar,20,2021
55,SAI,Ferrari,7.0,7.0,83.723,83.148,82.31,,26.35316455696202,30.45949367088609,50.986075949367084,0.339240506329114,266.0379746835443,Qatar Grand Prix,Qatar,20,2021
22,TSU,AlphaTauri,8.0,13.0,83.723,83.148,82.31,,26.35316455696202,30.45949367088609,50.986075949367084,0.339240506329114,266.0379746835443,Qatar Grand Prix,Qatar,20,2021
31,OCO,Alpine,9.0,5.0,83.723,83.148,82.31,,26.35316455696202,30.45949367088609,50.986075949367084,0.339240506329114,266.0379746835443,Qatar Grand Prix,Qatar,20,2021
5,VET,Aston Martin,10.0,10.0,83.723,83.148,82.31,,26.35316455696202,30.45949367088609,50.986075949367084,0.339240506329114,266.0379746835443,Qatar Grand Prix,Qatar,20,2021
11,PER,Red Bull Racing,11.0,4.0,83.723,83.148,82.31,,26.35316455696202,30.45949367088609,50.986075949367084,0.339240506329114,266.0379746835443,Qatar Grand Prix,Qatar,20,2021
18,STR,Aston Martin,12.0,6.0,83.723,83.148,82.31,,26.35316455696202,30.45949367088609,50.986075949367084,0.339240506329114,266.0379746835443,Qatar Grand Prix,Qatar,20,2021
16,LEC,Ferrari,13.0,8.0,83.723,83.148,82.31,,26.35316455696202,30.45949367088609,50.986075949367084,0.339240506329114,266.0379746835443,Qatar Grand Prix,Qatar,20,2021
3,RIC,McLaren,14.0,12.0,83.723,83.148,82.31,,26.35316455696202,30.45949367088609,50.986075949367084,0.339240506329114,266.0379746835443,Qatar Grand Prix,Qatar,20,2021
63,RUS,Williams,15.0,17.0,83.723,83.148,82.31,,26.35316455696202,30.45949367088609,50.986075949367084,0.339240506329114,266.0379746835443,Qatar Grand Prix,Qatar,20,2021
7,RAI,Alfa Romeo Racing,16.0,14.0,83.723,83.148,82.31,,26.35316455696202,30.45949367088609,50.986075949367084,0.339240506329114,266.0379746835443,Qatar Grand Prix,Qatar,20,2021
6,LAT,Williams,17.0,19.0,83.723,83.148,82.31,,26.35316455696202,30.45949367088609,50.986075949367084,0.339240506329114,266.0379746835443,Qatar Grand Prix,Qatar,20,2021
99,GIO,Alfa Romeo Racing,18.0,15.0,83.723,83.148,82.31,,26.35316455696202,30.45949367088609,50.986075949367084,0.339240506329114,266.0379746835443,Qatar Grand Prix,Qatar,20,2021
47,MSC,Haas F1 Team,19.0,16.0,83.723,83.148,82.31,,26.35316455696202,30.45949367088609,50.986075949367084,0.339240506329114,266.0379746835443,Qatar Grand Prix,Qatar,20,2021
9,MAZ,Haas F1 Team,20.0,18.0,83.723,83.148,82.31,,26.35316455696202,30.45949367088609,50.986075949367084,0.339240506329114,266.0379746835443,Qatar Grand Prix,Qatar,20,2021
44,HAM,Mercedes,1.0,1.0,89.786,89.018,88.1,,28.561842105263157,30.485526315789468,60.32631578947369,0.27368421052631586,166.6184210526316,Saudi Arabian Grand Prix,Saudi Arabia,21,2021
77,BOT,Mercedes,2.0,3.0,89.786,89.018,88.1,,28.561842105263157,30.485526315789468,60.32631578947369,0.27368421052631586,166.6184210526316,Saudi Arabian Grand Prix,Saudi Arabia,21,2021
33,VER,Red Bull Racing,3.0,2.0,89.786,89.018,88.1,,28.561842105263157,30.485526315789468,60.32631578947369,0.27368421052631586,166.6184210526316,Saudi Arabian Grand Prix,Saudi Arabia,21,2021
16,LEC,Ferrari,4.0,7.0,89.786,89.018,88.1,,28.561842105263157,30.485526315789468,60.32631578947369,0.27368421052631586,166.6184210526316,Saudi Arabian Grand Prix,Saudi Arabia,21,2021
11,PER,Red Bull Racing,5.0,17.0,89.786,89.018,88.1,,28.561842105263157,30.485526315789468,60.32631578947369,0.27368421052631586,166.6184210526316,Saudi Arabian Grand Prix,Saudi Arabia,21,2021
10,GAS,AlphaTauri,6.0,6.0,89.786,89.018,88.1,,28.561842105263157,30.485526315789468,60.32631578947369,0.27368421052631586,166.6184210526316,Saudi Arabian Grand Prix,Saudi Arabia,21,2021
4,NOR,McLaren,7.0,10.0,89.786,89.018,88.1,,28.561842105263157,30.485526315789468,60.32631578947369,0.27368421052631586,166.6184210526316,Saudi Arabian Grand Prix,Saudi Arabia,21,2021
22,TSU,AlphaTauri,8.0,14.0,89.786,89.018,88.1,,28.561842105263157,30.485526315789468,60.32631578947369,0.27368421052631586,166.6184210526316,Saudi Arabian Grand Prix,Saudi Arabia,21,2021
31,OCO,Alpine,9.0,4.0,89.786,89.018,88.1,,28.561842105263157,30.485526315789468,60.32631578947369,0.27368421052631586,166.6184210526316,Saudi Arabian Grand Prix,Saudi Arabia,21,2021
99,GIO,Alfa Romeo Racing,10.0,9.0,89.786,89.018,88.1,,28.561842105263157,30.485526315789468,60.32631578947369,0.27368421052631586,166.6184210526316,Saudi Arabian Grand Prix,Saudi Arabia,21,2021
3,RIC,McLaren,11.0,5.0,89.786,89.018,88.1,,28.561842105263157,30.485526315789468,60.32631578947369,0.27368421052631586,166.6184210526316,Saudi Arabian Grand Prix,Saudi Arabia,21,2021
7,RAI,Alfa Romeo Racing,12.0,15.0,89.786,89.018,88.1,,28.561842105263157,30.485526315789468,60.32631578947369,0.27368421052631586,166.6184210526316,Saudi Arabian Grand Prix,Saudi Arabia,21,2021
14,ALO,Alpine,13.0,13.0,89.786,89.018,88.1,,28.561842105263157,30.485526315789468,60.32631578947369,0.27368421052631586,166.6184210526316,Saudi Arabian Grand Prix,Saudi Arabia,21,2021
63,RUS,Williams,14.0,19.0,89.786,89.018,88.1,,28.561842105263157,30.485526315789468,60.32631578947369,0.27368421052631586,166.6184210526316,Saudi Arabian Grand Prix,Saudi Arabia,21,2021
55,SAI,Ferrari,15.0,8.0,89.786,89.018,88.1,,28.561842105263157,30.485526315789468,60.32631578947369,0.27368421052631586,166.6184210526316,Saudi Arabian Grand Prix,Saudi Arabia,21,2021
6,LAT,Williams,16.0,12.0,89.786,89.018,88.1,,28.561842105263157,30.485526315789468,60.32631578947369,0.27368421052631586,166.6184210526316,Saudi Arabian Grand Prix,Saudi Arabia,21,2021
5,VET,Aston Martin,17.0,16.0,89.786,89.018,88.1,,28.561842105263157,30.485526315789468,60.32631578947369,0.27368421052631586,166.6184210526316,Saudi Arabian Grand Prix,Saudi Arabia,21,2021
18,STR,Aston Martin,18.0,11.0,89.786,89.018,88.1,,28.561842105263157,30.485526315789468,60.32631578947369,0.27368421052631586,166.6184210526316,Saudi Arabian Grand Prix,Saudi Arabia,21,2021
47,MSC,Haas F1 Team,19.0,20.0,89.786,89.018,88.1,,28.561842105263157,30.485526315789468,60.32631578947369,0.27368421052631586,166.6184210526316,Saudi Arabian Grand Prix,Saudi Arabia,21,2021
9,MAZ,Haas F1 Team,20.0,18.0,89.786,89.018,88.1,,28.561842105263157,30.485526315789468,60.32631578947369,0.27368421052631586,166.6184210526316,Saudi Arabian Grand Prix,Saudi Arabia,21,2021
33,VER,Red Bull Racing,1.0,1.0,85.009,83.691,83.274,,24.91410256410257,29.905128205128204,69.57692307692308,0.45897435897435884,290.61538461538464,Abu Dhabi Grand Prix,Abu Dhabi,22,2021
44,HAM,Mercedes,2.0,2.0,85.009,83.691,83.274,,24.91410256410257,29.905128205128204,69.57692307692308,0.45897435897435884,290.61538461538464,Abu Dhabi Grand Prix,Abu Dhabi,22,2021
4,NOR,McLaren,3.0,7.0,85.009,83.691,83.274,,24.91410256410257,29.905128205128204,69.57692307692308,0.45897435897435884,290.61538461538464,Abu Dhabi Grand Prix,Abu Dhabi,22,2021
11,PER,Red Bull Racing,4.0,15.0,85.009,83.691,83.274,,24.91410256410257,29.905128205128204,69.57692307692308,0.45897435897435884,290.61538461538464,Abu Dhabi Grand Prix,Abu Dhabi,22,2021
55,SAI,Ferrari,5.0,3.0,85.009,83.691,83.274,,24.91410256410257,29.905128205128204,69.57692307692308,0.45897435897435884,290.61538461538464,Abu Dhabi Grand Prix,Abu Dhabi,22,2021
77,BOT,Mercedes,6.0,6.0,85.009,83.691,83.274,,24.91410256410257,29.905128205128204,69.57692307692308,0.45897435897435884,290.61538461538464,Abu Dhabi Grand Prix,Abu Dhabi,22,2021
16,LEC,Ferrari,7.0,10.0,85.009,83.691,83.274,,24.91410256410257,29.905128205128204,69.57692307692308,0.45897435897435884,290.61538461538464,Abu Dhabi Grand Prix,Abu Dhabi,22,2021
22,TSU,AlphaTauri,8.0,4.0,85.009,83.691,83.274,,24.91410256410257,29.905128205128204,69.57692307692308,0.45897435897435884,290.61538461538464,Abu Dhabi Grand Prix,Abu Dhabi,22,2021
31,OCO,Alpine,9.0,9.0,85.009,83.691,83.274,,24.91410256410257,29.905128205128204,69.57692307692308,0.45897435897435884,290.61538461538464,Abu Dhabi Grand Prix,Abu Dhabi,22,2021
3,RIC,McLaren,10.0,12.0,85.009,83.691,83.274,,24.91410256410257,29.905128205128204,69.57692307692308,0.45897435897435884,290.61538461538464,Abu Dhabi Grand Prix,Abu Dhabi,22,2021
14,ALO,Alpine,11.0,8.0,85.009,83.691,83.274,,24.91410256410257,29.905128205128204,69.57692307692308,0.45897435897435884,290.61538461538464,Abu Dhabi Grand Prix,Abu Dhabi,22,2021
10,GAS,AlphaTauri,12.0,5.0,85.009,83.691,83.274,,24.91410256410257,29.905128205128204,69.57692307692308,0.45897435897435884,290.61538461538464,Abu Dhabi Grand Prix,Abu Dhabi,22,2021
18,STR,Aston Martin,13.0,13.0,85.009,83.691,83.274,,24.91410256410257,29.905128205128204,69.57692307692308,0.45897435897435884,290.61538461538464,Abu Dhabi Grand Prix,Abu Dhabi,22,2021
99,GIO,Alfa Romeo Racing,14.0,17.0,85.009,83.691,83.274,,24.91410256410257,29.905128205128204,69.57692307692308,0.45897435897435884,290.61538461538464,Abu Dhabi Grand Prix,Abu Dhabi,22,2021
5,VET,Aston Martin,15.0,11.0,85.009,83.691,83.274,,24.91410256410257,29.905128205128204,69.57692307692308,0.45897435897435884,290.61538461538464,Abu Dhabi Grand Prix,Abu Dhabi,22,2021
6,LAT,Williams,16.0,16.0,85.009,83.691,83.274,,24.91410256410257,29.905128205128204,69.57692307692308,0.45897435897435884,290.61538461538464,Abu Dhabi Grand Prix,Abu Dhabi,22,2021
63,RUS,Williams,17.0,18.0,85.009,83.691,83.274,,24.91410256410257,29.905128205128204,69.57692307692308,0.45897435897435884,290.61538461538464,Abu Dhabi Grand Prix,Abu Dhabi,22,2021
7,RAI,Alfa Romeo Racing,18.0,19.0,85.009,83.691,83.274,,24.91410256410257,29.905128205128204,69.57692307692308,0.45897435897435884,290.61538461538464,Abu Dhabi Grand Prix,Abu Dhabi,22,2021
47,MSC,Haas F1 Team,19.0,14.0,85.009,83.691,83.274,,24.91410256410257,29.905128205128204,69.57692307692308,0.45897435897435884,290.61538461538464,Abu Dhabi Grand Prix,Abu Dhabi,22,2021
9,MAZ,Haas F1 Team,20.0,,85.009,83.691,83.274,,24.91410256410257,29.905128205128204,69.57692307692308,0.45897435897435884,290.61538461538464,Abu Dhabi Grand Prix,Abu Dhabi,22,2021
16,LEC,Ferrari,1.0,1.0,94.193,91.936,92.544,,17.438271604938276,23.244444444444444,47.97530864197531,0.5666666666666668,60.46913580246913,Bahrain Grand Prix,Bahrain,1,2022
1,VER,Red Bull Racing,2.0,19.0,94.193,91.936,92.544,,17.438271604938276,23.244444444444444,47.97530864197531,0.5666666666666668,60.46913580246913,Bahrain Grand Prix,Bahrain,1,2022
55,SAI,Ferrari,3.0,2.0,94.193,91.936,92.544,,17.438271604938276,23.244444444444444,47.97530864197531,0.5666666666666668,60.46913580246913,Bahrain Grand Prix,Bahrain,1,2022
11,PER,Red Bull Racing,4.0,18.0,94.193,91.936,92.544,,17.438271604938276,23.244444444444444,47.97530864197531,0.5666666666666668,60.46913580246913,Bahrain Grand Prix,Bahrain,1,2022
44,HAM,Mercedes,5.0,3.0,94.193,91.936,92.544,,17.438271604938276,23.244444444444444,47.97530864197531,0.5666666666666668,60.46913580246913,Bahrain Grand Prix,Bahrain,1,2022
77,BOT,Alfa Romeo,6.0,6.0,94.193,91.936,92.544,,17.438271604938276,23.244444444444444,47.97530864197531,0.5666666666666668,60.46913580246913,Bahrain Grand Prix,Bahrain,1,2022
20,MAG,Haas F1 Team,7.0,5.0,94.193,91.936,92.544,,17.438271604938276,23.244444444444444,47.97530864197531,0.5666666666666668,60.46913580246913,Bahrain Grand Prix,Bahrain,1,2022
14,ALO,Alpine,8.0,9.0,94.193,91.936,92.544,,17.438271604938276,23.244444444444444,47.97530864197531,0.5666666666666668,60.46913580246913,Bahrain Grand Prix,Bahrain,1,2022
63,RUS,Mercedes,9.0,4.0,94.193,91.936,92.544,,17.438271604938276,23.244444444444444,47.97530864197531,0.5666666666666668,60.46913580246913,Bahrain Grand Prix,Bahrain,1,2022
10,GAS,AlphaTauri,10.0,20.0,94.193,91.936,92.544,,17.438271604938276,23.244444444444444,47.97530864197531,0.5666666666666668,60.46913580246913,Bahrain Grand Prix,Bahrain,1,2022
31,OCO,Alpine,11.0,7.0,94.193,91.936,92.544,,17.438271604938276,23.244444444444444,47.97530864197531,0.5666666666666668,60.46913580246913,Bahrain Grand Prix,Bahrain,1,2022
47,MSC,Haas F1 Team,12.0,11.0,94.193,91.936,92.544,,17.438271604938276,23.244444444444444,47.97530864197531,0.5666666666666668,60.46913580246913,Bahrain Grand Prix,Bahrain,1,2022
4,NOR,McLaren,13.0,15.0,94.193,91.936,92.544,,17.438271604938276,23.244444444444444,47.97530864197531,0.5666666666666668,60.46913580246913,Bahrain Grand Prix,Bahrain,1,2022
23,ALB,Williams,14.0,13.0,94.193,91.936,92.544,,17.438271604938276,23.244444444444444,47.97530864197531,0.5666666666666668,60.46913580246913,Bahrain Grand Prix,Bahrain,1,2022
24,ZHO,Alfa Romeo,15.0,10.0,94.193,91.936,92.544,,17.438271604938276,23.244444444444444,47.97530864197531,0.5666666666666668,60.46913580246913,Bahrain Grand Prix,Bahrain,1,2022
22,TSU,AlphaTauri,16.0,8.0,94.193,91.936,92.544,,17.438271604938276,23.244444444444444,47.97530864197531,0.5666666666666668,60.46913580246913,Bahrain Grand Prix,Bahrain,1,2022
27,HUL,Aston Martin,17.0,17.0,94.193,91.936,92.544,,17.438271604938276,23.244444444444444,47.97530864197531,0.5666666666666668,60.46913580246913,Bahrain Grand Prix,Bahrain,1,2022
3,RIC,McLaren,18.0,14.0,94.193,91.936,92.544,,17.438271604938276,23.244444444444444,47.97530864197531,0.5666666666666668,60.46913580246913,Bahrain Grand Prix,Bahrain,1,2022
18,STR,Aston Martin,19.0,12.0,94.193,91.936,92.544,,17.438271604938276,23.244444444444444,47.97530864197531,0.5666666666666668,60.46913580246913,Bahrain Grand Prix,Bahrain,1,2022
6,LAT,Williams,20.0,16.0,94.193,91.936,92.544,,17.438271604938276,23.244444444444444,47.97530864197531,0.5666666666666668,60.46913580246913,Bahrain Grand Prix,Bahrain,1,2022
11,PER,Red Bull Racing,1.0,4.0,90.772,90.074,89.735,,21.81855670103093,24.256701030927836,55.93814432989691,3.253608247422681,324.78350515463916,Saudi Arabian Grand Prix,Saudi Arabia,2,2022
16,LEC,Ferrari,2.0,2.0,90.772,90.074,89.735,,21.81855670103093,24.256701030927836,55.93814432989691,3.253608247422681,324.78350515463916,Saudi Arabian Grand Prix,Saudi Arabia,2,2022
55,SAI,Ferrari,3.0,3.0,90.772,90.074,89.735,,21.81855670103093,24.256701030927836,55.93814432989691,3.253608247422681,324.78350515463916,Saudi Arabian Grand Prix,Saudi Arabia,2,2022
1,VER,Red Bull Racing,4.0,1.0,90.772,90.074,89.735,,21.81855670103093,24.256701030927836,55.93814432989691,3.253608247422681,324.78350515463916,Saudi Arabian Grand Prix,Saudi Arabia,2,2022
31,OCO,Alpine,5.0,6.0,90.772,90.074,89.735,,21.81855670103093,24.256701030927836,55.93814432989691,3.253608247422681,324.78350515463916,Saudi Arabian Grand Prix,Saudi Arabia,2,2022
63,RUS,Mercedes,6.0,5.0,90.772,90.074,89.735,,21.81855670103093,24.256701030927836,55.93814432989691,3.253608247422681,324.78350515463916,Saudi Arabian Grand Prix,Saudi Arabia,2,2022
14,ALO,Alpine,7.0,16.0,90.772,90.074,89.735,,21.81855670103093,24.256701030927836,55.93814432989691,3.253608247422681,324.78350515463916,Saudi Arabian Grand Prix,Saudi Arabia,2,2022
77,BOT,Alfa Romeo,8.0,15.0,90.772,90.074,89.735,,21.81855670103093,24.256701030927836,55.93814432989691,3.253608247422681,324.78350515463916,Saudi Arabian Grand Prix,Saudi Arabia,2,2022
10,GAS,AlphaTauri,9.0,8.0,90.772,90.074,89.735,,21.81855670103093,24.256701030927836,55.93814432989691,3.253608247422681,324.78350515463916,Saudi Arabian Grand Prix,Saudi Arabia,2,2022
20,MAG,Haas F1 Team,10.0,9.0,90.772,90.074,89.735,,21.81855670103093,24.256701030927836,55.93814432989691,3.253608247422681,324.78350515463916,Saudi Arabian Grand Prix,Saudi Arabia,2,2022
4,NOR,McLaren,11.0,7.0,90.772,90.074,89.735,,21.81855670103093,24.256701030927836,55.93814432989691,3.253608247422681,324.78350515463916,Saudi Arabian Grand Prix,Saudi Arabia,2,2022
3,RIC,McLaren,12.0,17.0,90.772,90.074,89.735,,21.81855670103093,24.256701030927836,55.93814432989691,3.253608247422681,324.78350515463916,Saudi Arabian Grand Prix,Saudi Arabia,2,2022
24,ZHO,Alfa Romeo,13.0,11.0,90.772,90.074,89.735,,21.81855670103093,24.256701030927836,55.93814432989691,3.253608247422681,324.78350515463916,Saudi Arabian Grand Prix,Saudi Arabia,2,2022
47,MSC,Haas F1 Team,14.0,,90.772,90.074,89.735,,21.81855670103093,24.256701030927836,55.93814432989691,3.253608247422681,324.78350515463916,Saudi Arabian Grand Prix,Saudi Arabia,2,2022
18,STR,Aston Martin,15.0,13.0,90.772,90.074,89.735,,21.81855670103093,24.256701030927836,55.93814432989691,3.253608247422681,324.78350515463916,Saudi Arabian Grand Prix,Saudi Arabia,2,2022
44,HAM,Mercedes,16.0,10.0,90.772,90.074,89.735,,21.81855670103093,24.256701030927836,55.93814432989691,3.253608247422681,324.78350515463916,Saudi Arabian Grand Prix,Saudi Arabia,2,2022
23,ALB,Williams,17.0,14.0,90.772,90.074,89.735,,21.81855670103093,24.256701030927836,55.93814432989691,3.253608247422681,324.78350515463916,Saudi Arabian Grand Prix,Saudi Arabia,2,2022
27,HUL,Aston Martin,18.0,12.0,90.772,90.074,89.735,,21.81855670103093,24.256701030927836,55.93814432989691,3.253608247422681,324.78350515463916,Saudi Arabian Grand Prix,Saudi Arabia,2,2022
6,LAT,Williams,19.0,18.0,90.772,90.074,89.735,,21.81855670103093,24.256701030927836,55.93814432989691,3.253608247422681,324.78350515463916,Saudi Arabian Grand Prix,Saudi Arabia,2,2022
22,TSU,AlphaTauri,20.0,19.0,90.772,90.074,89.735,,21.81855670103093,24.256701030927836,55.93814432989691,3.253608247422681,324.78350515463916,Saudi Arabian Grand Prix,Saudi Arabia,2,2022
16,LEC,Ferrari,1.0,1.0,79.806,78.978,79.117,,20.782278481012668,29.450632911392404,65.9620253164557,0.7860759493670886,115.50632911392405,Australian Grand Prix,Australia,3,2022
1,VER,Red Bull Racing,2.0,18.0,79.806,78.978,79.117,,20.782278481012668,29.450632911392404,65.9620253164557,0.7860759493670886,115.50632911392405,Australian Grand Prix,Australia,3,2022
11,PER,Red Bull Racing,3.0,2.0,79.806,78.978,79.117,,20.782278481012668,29.450632911392404,65.9620253164557,0.7860759493670886,115.50632911392405,Australian Grand Prix,Australia,3,2022
4,NOR,McLaren,4.0,5.0,79.806,78.978,79.117,,20.782278481012668,29.450632911392404,65.9620253164557,0.7860759493670886,115.50632911392405,Australian Grand Prix,Australia,3,2022
44,HAM,Mercedes,5.0,4.0,79.806,78.978,79.117,,20.782278481012668,29.450632911392404,65.9620253164557,0.7860759493670886,115.50632911392405,Australian Grand Prix,Australia,3,2022
63,RUS,Mercedes,6.0,3.0,79.806,78.978,79.117,,20.782278481012668,29.450632911392404,65.9620253164557,0.7860759493670886,115.50632911392405,Australian Grand Prix,Australia,3,2022
3,RIC,McLaren,7.0,6.0,79.806,78.978,79.117,,20.782278481012668,29.450632911392404,65.9620253164557,0.7860759493670886,115.50632911392405,Australian Grand Prix,Australia,3,2022
31,OCO,Alpine,8.0,7.0,79.806,78.978,79.117,,20.782278481012668,29.450632911392404,65.9620253164557,0.7860759493670886,115.50632911392405,Australian Grand Prix,Australia,3,2022
55,SAI,Ferrari,9.0,20.0,79.806,78.978,79.117,,20.782278481012668,29.450632911392404,65.9620253164557,0.7860759493670886,115.50632911392405,Australian Grand Prix,Australia,3,2022
14,ALO,Alpine,10.0,17.0,79.806,78.978,79.117,,20.782278481012668,29.450632911392404,65.9620253164557,0.7860759493670886,115.50632911392405,Australian Grand Prix,Australia,3,2022
10,GAS,AlphaTauri,11.0,9.0,79.806,78.978,79.117,,20.782278481012668,29.450632911392404,65.9620253164557,0.7860759493670886,115.50632911392405,Australian Grand Prix,Australia,3,2022
77,BOT,Alfa Romeo,12.0,8.0,79.806,78.978,79.117,,20.782278481012668,29.450632911392404,65.9620253164557,0.7860759493670886,115.50632911392405,Australian Grand Prix,Australia,3,2022
22,TSU,AlphaTauri,13.0,15.0,79.806,78.978,79.117,,20.782278481012668,29.450632911392404,65.9620253164557,0.7860759493670886,115.50632911392405,Australian Grand Prix,Australia,3,2022
24,ZHO,Alfa Romeo,14.0,11.0,79.806,78.978,79.117,,20.782278481012668,29.450632911392404,65.9620253164557,0.7860759493670886,115.50632911392405,Australian Grand Prix,Australia,3,2022
47,MSC,Haas F1 Team,15.0,13.0,79.806,78.978,79.117,,20.782278481012668,29.450632911392404,65.9620253164557,0.7860759493670886,115.50632911392405,Australian Grand Prix,Australia,3,2022
23,ALB,Williams,16.0,10.0,79.806,78.978,79.117,,20.782278481012668,29.450632911392404,65.9620253164557,0.7860759493670886,115.50632911392405,Australian Grand Prix,Australia,3,2022
20,MAG,Haas F1 Team,17.0,14.0,79.806,78.978,79.117,,20.782278481012668,29.450632911392404,65.9620253164557,0.7860759493670886,115.50632911392405,Australian Grand Prix,Australia,3,2022
5,VET,Aston Martin,18.0,19.0,79.806,78.978,79.117,,20.782278481012668,29.450632911392404,65.9620253164557,0.7860759493670886,115.50632911392405,Australian Grand Prix,Australia,3,2022
6,LAT,Williams,19.0,16.0,79.806,78.978,79.117,,20.782278481012668,29.450632911392404,65.9620253164557,0.7860759493670886,115.50632911392405,Australian Grand Prix,Australia,3,2022
18,STR,Aston Martin,20.0,12.0,79.806,78.978,79.117,,20.782278481012668,29.450632911392404,65.9620253164557,0.7860759493670886,115.50632911392405,Australian Grand Prix,Australia,3,2022
1,VER,Red Bull Racing,1.0,1.0,89.402,79.457,,,19.246987951807228,30.86144578313253,48.36144578313253,2.1939759036144575,216.74698795180723,Emilia Romagna Grand Prix,Italy,4,2022
16,LEC,Ferrari,2.0,6.0,89.402,79.457,,,19.246987951807228,30.86144578313253,48.36144578313253,2.1939759036144575,216.74698795180723,Emilia Romagna Grand Prix,Italy,4,2022
4,NOR,McLaren,3.0,3.0,89.402,79.457,,,19.246987951807228,30.86144578313253,48.36144578313253,2.1939759036144575,216.74698795180723,Emilia Romagna Grand Prix,Italy,4,2022
20,MAG,Haas F1 Team,4.0,9.0,89.402,79.457,,,19.246987951807228,30.86144578313253,48.36144578313253,2.1939759036144575,216.74698795180723,Emilia Romagna Grand Prix,Italy,4,2022
14,ALO,Alpine,5.0,19.0,89.402,79.457,,,19.246987951807228,30.86144578313253,48.36144578313253,2.1939759036144575,216.74698795180723,Emilia Romagna Grand Prix,Italy,4,2022
3,RIC,McLaren,6.0,18.0,89.402,79.457,,,19.246987951807228,30.86144578313253,48.36144578313253,2.1939759036144575,216.74698795180723,Emilia Romagna Grand Prix,Italy,4,2022
11,PER,Red Bull Racing,7.0,2.0,89.402,79.457,,,19.246987951807228,30.86144578313253,48.36144578313253,2.1939759036144575,216.74698795180723,Emilia Romagna Grand Prix,Italy,4,2022
77,BOT,Alfa Romeo,8.0,5.0,89.402,79.457,,,19.246987951807228,30.86144578313253,48.36144578313253,2.1939759036144575,216.74698795180723,Emilia Romagna Grand Prix,Italy,4,2022
5,VET,Aston Martin,9.0,8.0,89.402,79.457,,,19.246987951807228,30.86144578313253,48.36144578313253,2.1939759036144575,216.74698795180723,Emilia Romagna Grand Prix,Italy,4,2022
55,SAI,Ferrari,10.0,20.0,89.402,79.457,,,19.246987951807228,30.86144578313253,48.36144578313253,2.1939759036144575,216.74698795180723,Emilia Romagna Grand Prix,Italy,4,2022
63,RUS,Mercedes,11.0,4.0,89.402,79.457,,,19.246987951807228,30.86144578313253,48.36144578313253,2.1939759036144575,216.74698795180723,Emilia Romagna Grand Prix,Italy,4,2022
47,MSC,Haas F1 Team,12.0,17.0,89.402,79.457,,,19.246987951807228,30.86144578313253,48.36144578313253,2.1939759036144575,216.74698795180723,Emilia Romagna Grand Prix,Italy,4,2022
44,HAM,Mercedes,13.0,13.0,89.402,79.457,,,19.246987951807228,30.86144578313253,48.36144578313253,2.1939759036144575,216.74698795180723,Emilia Romagna Grand Prix,Italy,4,2022
24,ZHO,Alfa Romeo,14.0,15.0,89.402,79.457,,,19.246987951807228,30.86144578313253,48.36144578313253,2.1939759036144575,216.74698795180723,Emilia Romagna Grand Prix,Italy,4,2022
18,STR,Aston Martin,15.0,10.0,89.402,79.457,,,19.246987951807228,30.86144578313253,48.36144578313253,2.1939759036144575,216.74698795180723,Emilia Romagna Grand Prix,Italy,4,2022
22,TSU,AlphaTauri,16.0,7.0,89.402,79.457,,,19.246987951807228,30.86144578313253,48.36144578313253,2.1939759036144575,216.74698795180723,Emilia Romagna Grand Prix,Italy,4,2022
10,GAS,AlphaTauri,17.0,12.0,89.402,79.457,,,19.246987951807228,30.86144578313253,48.36144578313253,2.1939759036144575,216.74698795180723,Emilia Romagna Grand Prix,Italy,4,2022
6,LAT,Williams,18.0,16.0,89.402,79.457,,,19.246987951807228,30.86144578313253,48.36144578313253,2.1939759036144575,216.74698795180723,Emilia Romagna Grand Prix,Italy,4,2022
31,OCO,Alpine,19.0,14.0,89.402,79.457,,,19.246987951807228,30.86144578313253,48.36144578313253,2.1939759036144575,216.74698795180723,Emilia Romagna Grand Prix,Italy,4,2022
23,ALB,Williams,20.0,11.0,89.402,79.457,,,19.246987951807228,30.86144578313253,48.36144578313253,2.1939759036144575,216.74698795180723,Emilia Romagna Grand Prix,Italy,4,2022
16,LEC,Ferrari,1.0,2.0,91.098,89.938,90.304,,33.04268292682927,41.76707317073171,47.03658536585366,1.4670731707317075,166.97560975609755,Miami Grand Prix,United States,5,2022
55,SAI,Ferrari,2.0,3.0,91.098,89.938,90.304,,33.04268292682927,41.76707317073171,47.03658536585366,1.4670731707317075,166.97560975609755,Miami Grand Prix,United States,5,2022
1,VER,Red Bull Racing,3.0,1.0,91.098,89.938,90.304,,33.04268292682927,41.76707317073171,47.03658536585366,1.4670731707317075,166.97560975609755,Miami Grand Prix,United States,5,2022
11,PER,Red Bull Racing,4.0,4.0,91.098,89.938,90.304,,33.04268292682927,41.76707317073171,47.03658536585366,1.4670731707317075,166.97560975609755,Miami Grand Prix,United States,5,2022
77,BOT,Alfa Romeo,5.0,7.0,91.098,89.938,90.304,,33.04268292682927,41.76707317073171,47.03658536585366,1.4670731707317075,166.97560975609755,Miami Grand Prix,United States,5,2022
44,HAM,Mercedes,6.0,6.0,91.098,89.938,90.304,,33.04268292682927,41.76707317073171,47.03658536585366,1.4670731707317075,166.97560975609755,Miami Grand Prix,United States,5,2022
10,GAS,AlphaTauri,7.0,18.0,91.098,89.938,90.304,,33.04268292682927,41.76707317073171,47.03658536585366,1.4670731707317075,166.97560975609755,Miami Grand Prix,United States,5,2022
4,NOR,McLaren,8.0,19.0,91.098,89.938,90.304,,33.04268292682927,41.76707317073171,47.03658536585366,1.4670731707317075,166.97560975609755,Miami Grand Prix,United States,5,2022
22,TSU,AlphaTauri,9.0,12.0,91.098,89.938,90.304,,33.04268292682927,41.76707317073171,47.03658536585366,1.4670731707317075,166.97560975609755,Miami Grand Prix,United States,5,2022
18,STR,Aston Martin,10.0,10.0,91.098,89.938,90.304,,33.04268292682927,41.76707317073171,47.03658536585366,1.4670731707317075,166.97560975609755,Miami Grand Prix,United States,5,2022
14,ALO,Alpine,11.0,11.0,91.098,89.938,90.304,,33.04268292682927,41.76707317073171,47.03658536585366,1.4670731707317075,166.97560975609755,Miami Grand Prix,United States,5,2022
63,RUS,Mercedes,12.0,5.0,91.098,89.938,90.304,,33.04268292682927,41.76707317073171,47.03658536585366,1.4670731707317075,166.97560975609755,Miami Grand Prix,United States,5,2022
5,VET,Aston Martin,13.0,17.0,91.098,89.938,90.304,,33.04268292682927,41.76707317073171,47.03658536585366,1.4670731707317075,166.97560975609755,Miami Grand Prix,United States,5,2022
3,RIC,McLaren,14.0,13.0,91.098,89.938,90.304,,33.04268292682927,41.76707317073171,47.03658536585366,1.4670731707317075,166.97560975609755,Miami Grand Prix,United States,5,2022
47,MSC,Haas F1 Team,15.0,15.0,91.098,89.938,90.304,,33.04268292682927,41.76707317073171,47.03658536585366,1.4670731707317075,166.97560975609755,Miami Grand Prix,United States,5,2022
20,MAG,Haas F1 Team,16.0,16.0,91.098,89.938,90.304,,33.04268292682927,41.76707317073171,47.03658536585366,1.4670731707317075,166.97560975609755,Miami Grand Prix,United States,5,2022
24,ZHO,Alfa Romeo,17.0,20.0,91.098,89.938,90.304,,33.04268292682927,41.76707317073171,47.03658536585366,1.4670731707317075,166.97560975609755,Miami Grand Prix,United States,5,2022
23,ALB,Williams,18.0,9.0,91.098,89.938,90.304,,33.04268292682927,41.76707317073171,47.03658536585366,1.4670731707317075,166.97560975609755,Miami Grand Prix,United States,5,2022
6,LAT,Williams,19.0,14.0,91.098,89.938,90.304,,33.04268292682927,41.76707317073171,47.03658536585366,1.4670731707317075,166.97560975609755,Miami Grand Prix,United States,5,2022
31,OCO,Alpine,20.0,8.0,91.098,89.938,90.304,,33.04268292682927,41.76707317073171,47.03658536585366,1.4670731707317075,166.97560975609755,Miami Grand Prix,United States,5,2022
16,LEC,Ferrari,1.0,20.0,79.828,79.67,79.772,,30.751219512195114,43.735365853658536,27.621951219512194,2.824390243902439,166.91463414634146,Spanish Grand Prix,Spain,6,2022
1,VER,Red Bull Racing,2.0,1.0,79.828,79.67,79.772,,30.751219512195114,43.735365853658536,27.621951219512194,2.824390243902439,166.91463414634146,Spanish Grand Prix,Spain,6,2022
55,SAI,Ferrari,3.0,4.0,79.828,79.67,79.772,,30.751219512195114,43.735365853658536,27.621951219512194,2.824390243902439,166.91463414634146,Spanish Grand Prix,Spain,6,2022
63,RUS,Mercedes,4.0,3.0,79.828,79.67,79.772,,30.751219512195114,43.735365853658536,27.621951219512194,2.824390243902439,166.91463414634146,Spanish Grand Prix,Spain,6,2022
11,PER,Red Bull Racing,5.0,2.0,79.828,79.67,79.772,,30.751219512195114,43.735365853658536,27.621951219512194,2.824390243902439,166.91463414634146,Spanish Grand Prix,Spain,6,2022
44,HAM,Mercedes,6.0,5.0,79.828,79.67,79.772,,30.751219512195114,43.735365853658536,27.621951219512194,2.824390243902439,166.91463414634146,Spanish Grand Prix,Spain,6,2022
77,BOT,Alfa Romeo,7.0,6.0,79.828,79.67,79.772,,30.751219512195114,43.735365853658536,27.621951219512194,2.824390243902439,166.91463414634146,Spanish Grand Prix,Spain,6,2022
20,MAG,Haas F1 Team,8.0,17.0,79.828,79.67,79.772,,30.751219512195114,43.735365853658536,27.621951219512194,2.824390243902439,166.91463414634146,Spanish Grand Prix,Spain,6,2022
3,RIC,McLaren,9.0,12.0,79.828,79.67,79.772,,30.751219512195114,43.735365853658536,27.621951219512194,2.824390243902439,166.91463414634146,Spanish Grand Prix,Spain,6,2022
47,MSC,Haas F1 Team,10.0,14.0,79.828,79.67,79.772,,30.751219512195114,43.735365853658536,27.621951219512194,2.824390243902439,166.91463414634146,Spanish Grand Prix,Spain,6,2022
4,NOR,McLaren,11.0,8.0,79.828,79.67,79.772,,30.751219512195114,43.735365853658536,27.621951219512194,2.824390243902439,166.91463414634146,Spanish Grand Prix,Spain,6,2022
31,OCO,Alpine,12.0,7.0,79.828,79.67,79.772,,30.751219512195114,43.735365853658536,27.621951219512194,2.824390243902439,166.91463414634146,Spanish Grand Prix,Spain,6,2022
22,TSU,AlphaTauri,13.0,10.0,79.828,79.67,79.772,,30.751219512195114,43.735365853658536,27.621951219512194,2.824390243902439,166.91463414634146,Spanish Grand Prix,Spain,6,2022
10,GAS,AlphaTauri,14.0,13.0,79.828,79.67,79.772,,30.751219512195114,43.735365853658536,27.621951219512194,2.824390243902439,166.91463414634146,Spanish Grand Prix,Spain,6,2022
24,ZHO,Alfa Romeo,15.0,19.0,79.828,79.67,79.772,,30.751219512195114,43.735365853658536,27.621951219512194,2.824390243902439,166.91463414634146,Spanish Grand Prix,Spain,6,2022
5,VET,Aston Martin,16.0,11.0,79.828,79.67,79.772,,30.751219512195114,43.735365853658536,27.621951219512194,2.824390243902439,166.91463414634146,Spanish Grand Prix,Spain,6,2022
14,ALO,Alpine,17.0,9.0,79.828,79.67,79.772,,30.751219512195114,43.735365853658536,27.621951219512194,2.824390243902439,166.91463414634146,Spanish Grand Prix,Spain,6,2022
18,STR,Aston Martin,18.0,15.0,79.828,79.67,79.772,,30.751219512195114,43.735365853658536,27.621951219512194,2.824390243902439,166.91463414634146,Spanish Grand Prix,Spain,6,2022
23,ALB,Williams,19.0,18.0,79.828,79.67,79.772,,30.751219512195114,43.735365853658536,27.621951219512194,2.824390243902439,166.91463414634146,Spanish Grand Prix,Spain,6,2022
6,LAT,Williams,20.0,16.0,79.828,79.67,79.772,,30.751219512195114,43.735365853658536,27.621951219512194,2.824390243902439,166.91463414634146,Spanish Grand Prix,Spain,6,2022
16,LEC,Ferrari,1.0,4.0,74.531,72.656,72.476,,30.62650602409638,50.11927710843373,28.481927710843372,1.0337349397590363,171.72289156626505,Monaco Grand Prix,Monaco,7,2022
55,SAI,Ferrari,2.0,2.0,74.531,72.656,72.476,,30.62650602409638,50.11927710843373,28.481927710843372,1.0337349397590363,171.72289156626505,Monaco Grand Prix,Monaco,7,2022
11,PER,Red Bull Racing,3.0,1.0,74.531,72.656,72.476,,30.62650602409638,50.11927710843373,28.481927710843372,1.0337349397590363,171.72289156626505,Monaco Grand Prix,Monaco,7,2022
1,VER,Red Bull Racing,4.0,3.0,74.531,72.656,72.476,,30.62650602409638,50.11927710843373,28.481927710843372,1.0337349397590363,171.72289156626505,Monaco Grand Prix,Monaco,7,2022
4,NOR,McLaren,5.0,6.0,74.531,72.656,72.476,,30.62650602409638,50.11927710843373,28.481927710843372,1.0337349397590363,171.72289156626505,Monaco Grand Prix,Monaco,7,2022
63,RUS,Mercedes,6.0,5.0,74.531,72.656,72.476,,30.62650602409638,50.11927710843373,28.481927710843372,1.0337349397590363,171.72289156626505,Monaco Grand Prix,Monaco,7,2022
14,ALO,Alpine,7.0,7.0,74.531,72.656,72.476,,30.62650602409638,50.11927710843373,28.481927710843372,1.0337349397590363,171.72289156626505,Monaco Grand Prix,Monaco,7,2022
44,HAM,Mercedes,8.0,8.0,74.531,72.656,72.476,,30.62650602409638,50.11927710843373,28.481927710843372,1.0337349397590363,171.72289156626505,Monaco Grand Prix,Monaco,7,2022
5,VET,Aston Martin,9.0,10.0,74.531,72.656,72.476,,30.62650602409638,50.11927710843373,28.481927710843372,1.0337349397590363,171.72289156626505,Monaco Grand Prix,Monaco,7,2022
31,OCO,Alpine,10.0,12.0,74.531,72.656,72.476,,30.62650602409638,50.11927710843373,28.481927710843372,1.0337349397590363,171.72289156626505,Monaco Grand Prix,Monaco,7,2022
22,TSU,AlphaTauri,11.0,17.0,74.531,72.656,72.476,,30.62650602409638,50.11927710843373,28.481927710843372,1.0337349397590363,171.72289156626505,Monaco Grand Prix,Monaco,7,2022
77,BOT,Alfa Romeo,12.0,9.0,74.531,72.656,72.476,,30.62650602409638,50.11927710843373,28.481927710843372,1.0337349397590363,171.72289156626505,Monaco Grand Prix,Monaco,7,2022
20,MAG,Haas F1 Team,13.0,20.0,74.531,72.656,72.476,,30.62650602409638,50.11927710843373,28.481927710843372,1.0337349397590363,171.72289156626505,Monaco Grand Prix,Monaco,7,2022
3,RIC,McLaren,14.0,13.0,74.531,72.656,72.476,,30.62650602409638,50.11927710843373,28.481927710843372,1.0337349397590363,171.72289156626505,Monaco Grand Prix,Monaco,7,2022
47,MSC,Haas F1 Team,15.0,19.0,74.531,72.656,72.476,,30.62650602409638,50.11927710843373,28.481927710843372,1.0337349397590363,171.72289156626505,Monaco Grand Prix,Monaco,7,2022
23,ALB,Williams,16.0,18.0,74.531,72.656,72.476,,30.62650602409638,50.11927710843373,28.481927710843372,1.0337349397590363,171.72289156626505,Monaco Grand Prix,Monaco,7,2022
10,GAS,AlphaTauri,17.0,11.0,74.531,72.656,72.476,,30.62650602409638,50.11927710843373,28.481927710843372,1.0337349397590363,171.72289156626505,Monaco Grand Prix,Monaco,7,2022
18,STR,Aston Martin,18.0,14.0,74.531,72.656,72.476,,30.62650602409638,50.11927710843373,28.481927710843372,1.0337349397590363,171.72289156626505,Monaco Grand Prix,Monaco,7,2022
6,LAT,Williams,19.0,15.0,74.531,72.656,72.476,,30.62650602409638,50.11927710843373,28.481927710843372,1.0337349397590363,171.72289156626505,Monaco Grand Prix,Monaco,7,2022
24,ZHO,Alfa Romeo,20.0,16.0,74.531,72.656,72.476,,30.62650602409638,50.11927710843373,28.481927710843372,1.0337349397590363,171.72289156626505,Monaco Grand Prix,Monaco,7,2022
16,LEC,Ferrari,1.0,19.0,105.476,103.224,103.17,,23.931325301204822,33.4277108433735,52.51807228915663,1.3566265060240963,174.18072289156626,Azerbaijan Grand Prix,Azerbaijan,8,2022
11,PER,Red Bull Racing,2.0,2.0,105.476,103.224,103.17,,23.931325301204822,33.4277108433735,52.51807228915663,1.3566265060240963,174.18072289156626,Azerbaijan Grand Prix,Azerbaijan,8,2022
1,VER,Red Bull Racing,3.0,1.0,105.476,103.224,103.17,,23.931325301204822,33.4277108433735,52.51807228915663,1.3566265060240963,174.18072289156626,Azerbaijan Grand Prix,Azerbaijan,8,2022
55,SAI,Ferrari,4.0,20.0,105.476,103.224,103.17,,23.931325301204822,33.4277108433735,52.51807228915663,1.3566265060240963,174.18072289156626,Azerbaijan Grand Prix,Azerbaijan,8,2022
63,RUS,Mercedes,5.0,3.0,105.476,103.224,103.17,,23.931325301204822,33.4277108433735,52.51807228915663,1.3566265060240963,174.18072289156626,Azerbaijan Grand Prix,Azerbaijan,8,2022
10,GAS,AlphaTauri,6.0,5.0,105.476,103.224,103.17,,23.931325301204822,33.4277108433735,52.51807228915663,1.3566265060240963,174.18072289156626,Azerbaijan Grand Prix,Azerbaijan,8,2022
44,HAM,Mercedes,7.0,4.0,105.476,103.224,103.17,,23.931325301204822,33.4277108433735,52.51807228915663,1.3566265060240963,174.18072289156626,Azerbaijan Grand Prix,Azerbaijan,8,2022
22,TSU,AlphaTauri,8.0,13.0,105.476,103.224,103.17,,23.931325301204822,33.4277108433735,52.51807228915663,1.3566265060240963,174.18072289156626,Azerbaijan Grand Prix,Azerbaijan,8,2022
5,VET,Aston Martin,9.0,6.0,105.476,103.224,103.17,,23.931325301204822,33.4277108433735,52.51807228915663,1.3566265060240963,174.18072289156626,Azerbaijan Grand Prix,Azerbaijan,8,2022
14,ALO,Alpine,10.0,7.0,105.476,103.224,103.17,,23.931325301204822,33.4277108433735,52.51807228915663,1.3566265060240963,174.18072289156626,Azerbaijan Grand Prix,Azerbaijan,8,2022
4,NOR,McLaren,11.0,9.0,105.476,103.224,103.17,,23.931325301204822,33.4277108433735,52.51807228915663,1.3566265060240963,174.18072289156626,Azerbaijan Grand Prix,Azerbaijan,8,2022
3,RIC,McLaren,12.0,8.0,105.476,103.224,103.17,,23.931325301204822,33.4277108433735,52.51807228915663,1.3566265060240963,174.18072289156626,Azerbaijan Grand Prix,Azerbaijan,8,2022
31,OCO,Alpine,13.0,10.0,105.476,103.224,103.17,,23.931325301204822,33.4277108433735,52.51807228915663,1.3566265060240963,174.18072289156626,Azerbaijan Grand Prix,Azerbaijan,8,2022
24,ZHO,Alfa Romeo,14.0,18.0,105.476,103.224,103.17,,23.931325301204822,33.4277108433735,52.51807228915663,1.3566265060240963,174.18072289156626,Azerbaijan Grand Prix,Azerbaijan,8,2022
77,BOT,Alfa Romeo,15.0,11.0,105.476,103.224,103.17,,23.931325301204822,33.4277108433735,52.51807228915663,1.3566265060240963,174.18072289156626,Azerbaijan Grand Prix,Azerbaijan,8,2022
20,MAG,Haas F1 Team,16.0,17.0,105.476,103.224,103.17,,23.931325301204822,33.4277108433735,52.51807228915663,1.3566265060240963,174.18072289156626,Azerbaijan Grand Prix,Azerbaijan,8,2022
23,ALB,Williams,17.0,12.0,105.476,103.224,103.17,,23.931325301204822,33.4277108433735,52.51807228915663,1.3566265060240963,174.18072289156626,Azerbaijan Grand Prix,Azerbaijan,8,2022
6,LAT,Williams,18.0,15.0,105.476,103.224,103.17,,23.931325301204822,33.4277108433735,52.51807228915663,1.3566265060240963,174.18072289156626,Azerbaijan Grand Prix,Azerbaijan,8,2022
18,STR,Aston Martin,19.0,16.0,105.476,103.224,103.17,,23.931325301204822,33.4277108433735,52.51807228915663,1.3566265060240963,174.18072289156626,Azerbaijan Grand Prix,Azerbaijan,8,2022
47,MSC,Haas F1 Team,20.0,14.0,105.476,103.224,103.17,,23.931325301204822,33.4277108433735,52.51807228915663,1.3566265060240963,174.18072289156626,Azerbaijan Grand Prix,Azerbaijan,8,2022
1,VER,Red Bull Racing,1.0,1.0,75.158,74.127,93.836,,26.083950617283953,38.46666666666667,40.39506172839506,1.9012345679012341,160.08641975308643,Canadian Grand Prix,Canada,9,2022
14,ALO,Alpine,2.0,9.0,75.158,74.127,93.836,,26.083950617283953,38.46666666666667,40.39506172839506,1.9012345679012341,160.08641975308643,Canadian Grand Prix,Canada,9,2022
55,SAI,Ferrari,3.0,2.0,75.158,74.127,93.836,,26.083950617283953,38.46666666666667,40.39506172839506,1.9012345679012341,160.08641975308643,Canadian Grand Prix,Canada,9,2022
44,HAM,Mercedes,4.0,3.0,75.158,74.127,93.836,,26.083950617283953,38.46666666666667,40.39506172839506,1.9012345679012341,160.08641975308643,Canadian Grand Prix,Canada,9,2022
20,MAG,Haas F1 Team,5.0,17.0,75.158,74.127,93.836,,26.083950617283953,38.46666666666667,40.39506172839506,1.9012345679012341,160.08641975308643,Canadian Grand Prix,Canada,9,2022
47,MSC,Haas F1 Team,6.0,19.0,75.158,74.127,93.836,,26.083950617283953,38.46666666666667,40.39506172839506,1.9012345679012341,160.08641975308643,Canadian Grand Prix,Canada,9,2022
31,OCO,Alpine,7.0,6.0,75.158,74.127,93.836,,26.083950617283953,38.46666666666667,40.39506172839506,1.9012345679012341,160.08641975308643,Canadian Grand Prix,Canada,9,2022
63,RUS,Mercedes,8.0,4.0,75.158,74.127,93.836,,26.083950617283953,38.46666666666667,40.39506172839506,1.9012345679012341,160.08641975308643,Canadian Grand Prix,Canada,9,2022
3,RIC,McLaren,9.0,11.0,75.158,74.127,93.836,,26.083950617283953,38.46666666666667,40.39506172839506,1.9012345679012341,160.08641975308643,Canadian Grand Prix,Canada,9,2022
24,ZHO,Alfa Romeo,10.0,8.0,75.158,74.127,93.836,,26.083950617283953,38.46666666666667,40.39506172839506,1.9012345679012341,160.08641975308643,Canadian Grand Prix,Canada,9,2022
77,BOT,Alfa Romeo,11.0,7.0,75.158,74.127,93.836,,26.083950617283953,38.46666666666667,40.39506172839506,1.9012345679012341,160.08641975308643,Canadian Grand Prix,Canada,9,2022
23,ALB,Williams,12.0,13.0,75.158,74.127,93.836,,26.083950617283953,38.46666666666667,40.39506172839506,1.9012345679012341,160.08641975308643,Canadian Grand Prix,Canada,9,2022
11,PER,Red Bull Racing,13.0,20.0,75.158,74.127,93.836,,26.083950617283953,38.46666666666667,40.39506172839506,1.9012345679012341,160.08641975308643,Canadian Grand Prix,Canada,9,2022
4,NOR,McLaren,14.0,15.0,75.158,74.127,93.836,,26.083950617283953,38.46666666666667,40.39506172839506,1.9012345679012341,160.08641975308643,Canadian Grand Prix,Canada,9,2022
16,LEC,Ferrari,15.0,5.0,75.158,74.127,93.836,,26.083950617283953,38.46666666666667,40.39506172839506,1.9012345679012341,160.08641975308643,Canadian Grand Prix,Canada,9,2022
10,GAS,AlphaTauri,16.0,14.0,75.158,74.127,93.836,,26.083950617283953,38.46666666666667,40.39506172839506,1.9012345679012341,160.08641975308643,Canadian Grand Prix,Canada,9,2022
5,VET,Aston Martin,17.0,12.0,75.158,74.127,93.836,,26.083950617283953,38.46666666666667,40.39506172839506,1.9012345679012341,160.08641975308643,Canadian Grand Prix,Canada,9,2022
18,STR,Aston Martin,18.0,10.0,75.158,74.127,93.836,,26.083950617283953,38.46666666666667,40.39506172839506,1.9012345679012341,160.08641975308643,Canadian Grand Prix,Canada,9,2022
6,LAT,Williams,19.0,16.0,75.158,74.127,93.836,,26.083950617283953,38.46666666666667,40.39506172839506,1.9012345679012341,160.08641975308643,Canadian Grand Prix,Canada,9,2022
22,TSU,AlphaTauri,20.0,18.0,75.158,74.127,93.836,,26.083950617283953,38.46666666666667,40.39506172839506,1.9012345679012341,160.08641975308643,Canadian Grand Prix,Canada,9,2022
55,SAI,Ferrari,1.0,1.0,102.249,88.942,87.901,,18.78148148148148,30.346913580246913,50.074074074074076,4.01358024691358,242.53086419753086,British Grand Prix,Great Britain,10,2022
1,VER,Red Bull Racing,2.0,7.0,102.249,88.942,87.901,,18.78148148148148,30.346913580246913,50.074074074074076,4.01358024691358,242.53086419753086,British Grand Prix,Great Britain,10,2022
16,LEC,Ferrari,3.0,4.0,102.249,88.942,87.901,,18.78148148148148,30.346913580246913,50.074074074074076,4.01358024691358,242.53086419753086,British Grand Prix,Great Britain,10,2022
11,PER,Red Bull Racing,4.0,2.0,102.249,88.942,87.901,,18.78148148148148,30.346913580246913,50.074074074074076,4.01358024691358,242.53086419753086,British Grand Prix,Great Britain,10,2022
44,HAM,Mercedes,5.0,3.0,102.249,88.942,87.901,,18.78148148148148,30.346913580246913,50.074074074074076,4.01358024691358,242.53086419753086,British Grand Prix,Great Britain,10,2022
4,NOR,McLaren,6.0,6.0,102.249,88.942,87.901,,18.78148148148148,30.346913580246913,50.074074074074076,4.01358024691358,242.53086419753086,British Grand Prix,Great Britain,10,2022
14,ALO,Alpine,7.0,5.0,102.249,88.942,87.901,,18.78148148148148,30.346913580246913,50.074074074074076,4.01358024691358,242.53086419753086,British Grand Prix,Great Britain,10,2022
63,RUS,Mercedes,8.0,18.0,102.249,88.942,87.901,,18.78148148148148,30.346913580246913,50.074074074074076,4.01358024691358,242.53086419753086,British Grand Prix,Great Britain,10,2022
24,ZHO,Alfa Romeo,9.0,19.0,102.249,88.942,87.901,,18.78148148148148,30.346913580246913,50.074074074074076,4.01358024691358,242.53086419753086,British Grand Prix,Great Britain,10,2022
6,LAT,Williams,10.0,12.0,102.249,88.942,87.901,,18.78148148148148,30.346913580246913,50.074074074074076,4.01358024691358,242.53086419753086,British Grand Prix,Great Britain,10,2022
10,GAS,AlphaTauri,11.0,16.0,102.249,88.942,87.901,,18.78148148148148,30.346913580246913,50.074074074074076,4.01358024691358,242.53086419753086,British Grand Prix,Great Britain,10,2022
77,BOT,Alfa Romeo,12.0,17.0,102.249,88.942,87.901,,18.78148148148148,30.346913580246913,50.074074074074076,4.01358024691358,242.53086419753086,British Grand Prix,Great Britain,10,2022
22,TSU,AlphaTauri,13.0,14.0,102.249,88.942,87.901,,18.78148148148148,30.346913580246913,50.074074074074076,4.01358024691358,242.53086419753086,British Grand Prix,Great Britain,10,2022
3,RIC,McLaren,14.0,13.0,102.249,88.942,87.901,,18.78148148148148,30.346913580246913,50.074074074074076,4.01358024691358,242.53086419753086,British Grand Prix,Great Britain,10,2022
31,OCO,Alpine,15.0,15.0,102.249,88.942,87.901,,18.78148148148148,30.346913580246913,50.074074074074076,4.01358024691358,242.53086419753086,British Grand Prix,Great Britain,10,2022
23,ALB,Williams,16.0,20.0,102.249,88.942,87.901,,18.78148148148148,30.346913580246913,50.074074074074076,4.01358024691358,242.53086419753086,British Grand Prix,Great Britain,10,2022
20,MAG,Haas F1 Team,17.0,10.0,102.249,88.942,87.901,,18.78148148148148,30.346913580246913,50.074074074074076,4.01358024691358,242.53086419753086,British Grand Prix,Great Britain,10,2022
5,VET,Aston Martin,18.0,9.0,102.249,88.942,87.901,,18.78148148148148,30.346913580246913,50.074074074074076,4.01358024691358,242.53086419753086,British Grand Prix,Great Britain,10,2022
47,MSC,Haas F1 Team,19.0,8.0,102.249,88.942,87.901,,18.78148148148148,30.346913580246913,50.074074074074076,4.01358024691358,242.53086419753086,British Grand Prix,Great Britain,10,2022
18,STR,Aston Martin,20.0,11.0,102.249,88.942,87.901,,18.78148148148148,30.346913580246913,50.074074074074076,4.01358024691358,242.53086419753086,British Grand Prix,Great Britain,10,2022
1,VER,Red Bull Racing,1.0,2.0,66.302,68.61,,,19.82592592592593,34.48888888888889,42.22222222222222,1.746913580246914,90.39506172839506,Austrian Grand Prix,Austria,11,2022
16,LEC,Ferrari,2.0,1.0,66.302,68.61,,,19.82592592592593,34.48888888888889,42.22222222222222,1.746913580246914,90.39506172839506,Austrian Grand Prix,Austria,11,2022
55,SAI,Ferrari,3.0,18.0,66.302,68.61,,,19.82592592592593,34.48888888888889,42.22222222222222,1.746913580246914,90.39506172839506,Austrian Grand Prix,Austria,11,2022
63,RUS,Mercedes,4.0,4.0,66.302,68.61,,,19.82592592592593,34.48888888888889,42.22222222222222,1.746913580246914,90.39506172839506,Austrian Grand Prix,Austria,11,2022
31,OCO,Alpine,5.0,5.0,66.302,68.61,,,19.82592592592593,34.48888888888889,42.22222222222222,1.746913580246914,90.39506172839506,Austrian Grand Prix,Austria,11,2022
20,MAG,Haas F1 Team,6.0,8.0,66.302,68.61,,,19.82592592592593,34.48888888888889,42.22222222222222,1.746913580246914,90.39506172839506,Austrian Grand Prix,Austria,11,2022
47,MSC,Haas F1 Team,7.0,6.0,66.302,68.61,,,19.82592592592593,34.48888888888889,42.22222222222222,1.746913580246914,90.39506172839506,Austrian Grand Prix,Austria,11,2022
14,ALO,Alpine,8.0,10.0,66.302,68.61,,,19.82592592592593,34.48888888888889,42.22222222222222,1.746913580246914,90.39506172839506,Austrian Grand Prix,Austria,11,2022
44,HAM,Mercedes,9.0,3.0,66.302,68.61,,,19.82592592592593,34.48888888888889,42.22222222222222,1.746913580246914,90.39506172839506,Austrian Grand Prix,Austria,11,2022
10,GAS,AlphaTauri,10.0,15.0,66.302,68.61,,,19.82592592592593,34.48888888888889,42.22222222222222,1.746913580246914,90.39506172839506,Austrian Grand Prix,Austria,11,2022
23,ALB,Williams,11.0,12.0,66.302,68.61,,,19.82592592592593,34.48888888888889,42.22222222222222,1.746913580246914,90.39506172839506,Austrian Grand Prix,Austria,11,2022
77,BOT,Alfa Romeo,12.0,11.0,66.302,68.61,,,19.82592592592593,34.48888888888889,42.22222222222222,1.746913580246914,90.39506172839506,Austrian Grand Prix,Austria,11,2022
11,PER,Red Bull Racing,13.0,20.0,66.302,68.61,,,19.82592592592593,34.48888888888889,42.22222222222222,1.746913580246914,90.39506172839506,Austrian Grand Prix,Austria,11,2022
22,TSU,AlphaTauri,14.0,16.0,66.302,68.61,,,19.82592592592593,34.48888888888889,42.22222222222222,1.746913580246914,90.39506172839506,Austrian Grand Prix,Austria,11,2022
4,NOR,McLaren,15.0,7.0,66.302,68.61,,,19.82592592592593,34.48888888888889,42.22222222222222,1.746913580246914,90.39506172839506,Austrian Grand Prix,Austria,11,2022
3,RIC,McLaren,16.0,9.0,66.302,68.61,,,19.82592592592593,34.48888888888889,42.22222222222222,1.746913580246914,90.39506172839506,Austrian Grand Prix,Austria,11,2022
18,STR,Aston Martin,17.0,13.0,66.302,68.61,,,19.82592592592593,34.48888888888889,42.22222222222222,1.746913580246914,90.39506172839506,Austrian Grand Prix,Austria,11,2022
24,ZHO,Alfa Romeo,18.0,14.0,66.302,68.61,,,19.82592592592593,34.48888888888889,42.22222222222222,1.746913580246914,90.39506172839506,Austrian Grand Prix,Austria,11,2022
6,LAT,Williams,19.0,19.0,66.302,68.61,,,19.82592592592593,34.48888888888889,42.22222222222222,1.746913580246914,90.39506172839506,Austrian Grand Prix,Austria,11,2022
5,VET,Aston Martin,20.0,17.0,66.302,68.61,,,19.82592592592593,34.48888888888889,42.22222222222222,1.746913580246914,90.39506172839506,Austrian Grand Prix,Austria,11,2022
16,LEC,Ferrari,1.0,19.0,93.93,92.527,92.272,,30.472839506172843,53.38641975308641,31.950617283950617,1.767901234567901,113.46913580246914,French Grand Prix,France,12,2022
1,VER,Red Bull Racing,2.0,1.0,93.93,92.527,92.272,,30.472839506172843,53.38641975308641,31.950617283950617,1.767901234567901,113.46913580246914,French Grand Prix,France,12,2022
11,PER,Red Bull Racing,3.0,4.0,93.93,92.527,92.272,,30.472839506172843,53.38641975308641,31.950617283950617,1.767901234567901,113.46913580246914,French Grand Prix,France,12,2022
44,HAM,Mercedes,4.0,2.0,93.93,92.527,92.272,,30.472839506172843,53.38641975308641,31.950617283950617,1.767901234567901,113.46913580246914,French Grand Prix,France,12,2022
4,NOR,McLaren,5.0,7.0,93.93,92.527,92.272,,30.472839506172843,53.38641975308641,31.950617283950617,1.767901234567901,113.46913580246914,French Grand Prix,France,12,2022
63,RUS,Mercedes,6.0,3.0,93.93,92.527,92.272,,30.472839506172843,53.38641975308641,31.950617283950617,1.767901234567901,113.46913580246914,French Grand Prix,France,12,2022
14,ALO,Alpine,7.0,6.0,93.93,92.527,92.272,,30.472839506172843,53.38641975308641,31.950617283950617,1.767901234567901,113.46913580246914,French Grand Prix,France,12,2022
22,TSU,AlphaTauri,8.0,20.0,93.93,92.527,92.272,,30.472839506172843,53.38641975308641,31.950617283950617,1.767901234567901,113.46913580246914,French Grand Prix,France,12,2022
55,SAI,Ferrari,9.0,5.0,93.93,92.527,92.272,,30.472839506172843,53.38641975308641,31.950617283950617,1.767901234567901,113.46913580246914,French Grand Prix,France,12,2022
20,MAG,Haas F1 Team,10.0,18.0,93.93,92.527,92.272,,30.472839506172843,53.38641975308641,31.950617283950617,1.767901234567901,113.46913580246914,French Grand Prix,France,12,2022
3,RIC,McLaren,11.0,9.0,93.93,92.527,92.272,,30.472839506172843,53.38641975308641,31.950617283950617,1.767901234567901,113.46913580246914,French Grand Prix,France,12,2022
31,OCO,Alpine,12.0,8.0,93.93,92.527,92.272,,30.472839506172843,53.38641975308641,31.950617283950617,1.767901234567901,113.46913580246914,French Grand Prix,France,12,2022
77,BOT,Alfa Romeo,13.0,14.0,93.93,92.527,92.272,,30.472839506172843,53.38641975308641,31.950617283950617,1.767901234567901,113.46913580246914,French Grand Prix,France,12,2022
5,VET,Aston Martin,14.0,11.0,93.93,92.527,92.272,,30.472839506172843,53.38641975308641,31.950617283950617,1.767901234567901,113.46913580246914,French Grand Prix,France,12,2022
23,ALB,Williams,15.0,13.0,93.93,92.527,92.272,,30.472839506172843,53.38641975308641,31.950617283950617,1.767901234567901,113.46913580246914,French Grand Prix,France,12,2022
10,GAS,AlphaTauri,16.0,12.0,93.93,92.527,92.272,,30.472839506172843,53.38641975308641,31.950617283950617,1.767901234567901,113.46913580246914,French Grand Prix,France,12,2022
18,STR,Aston Martin,17.0,10.0,93.93,92.527,92.272,,30.472839506172843,53.38641975308641,31.950617283950617,1.767901234567901,113.46913580246914,French Grand Prix,France,12,2022
24,ZHO,Alfa Romeo,18.0,16.0,93.93,92.527,92.272,,30.472839506172843,53.38641975308641,31.950617283950617,1.767901234567901,113.46913580246914,French Grand Prix,France,12,2022
47,MSC,Haas F1 Team,19.0,15.0,93.93,92.527,92.272,,30.472839506172843,53.38641975308641,31.950617283950617,1.767901234567901,113.46913580246914,French Grand Prix,France,12,2022
6,LAT,Williams,20.0,17.0,93.93,92.527,92.272,,30.472839506172843,53.38641975308641,31.950617283950617,1.767901234567901,113.46913580246914,French Grand Prix,France,12,2022
63,RUS,Mercedes,1.0,3.0,78.75,78.445,101.48,,33.22073170731707,47.7109756097561,25.20731707317073,1.6646341463414638,122.0609756097561,Hungarian Grand Prix,Hungary,13,2022
55,SAI,Ferrari,2.0,4.0,78.75,78.445,101.48,,33.22073170731707,47.7109756097561,25.20731707317073,1.6646341463414638,122.0609756097561,Hungarian Grand Prix,Hungary,13,2022
16,LEC,Ferrari,3.0,6.0,78.75,78.445,101.48,,33.22073170731707,47.7109756097561,25.20731707317073,1.6646341463414638,122.0609756097561,Hungarian Grand Prix,Hungary,13,2022
4,NOR,McLaren,4.0,7.0,78.75,78.445,101.48,,33.22073170731707,47.7109756097561,25.20731707317073,1.6646341463414638,122.0609756097561,Hungarian Grand Prix,Hungary,13,2022
31,OCO,Alpine,5.0,9.0,78.75,78.445,101.48,,33.22073170731707,47.7109756097561,25.20731707317073,1.6646341463414638,122.0609756097561,Hungarian Grand Prix,Hungary,13,2022
14,ALO,Alpine,6.0,8.0,78.75,78.445,101.48,,33.22073170731707,47.7109756097561,25.20731707317073,1.6646341463414638,122.0609756097561,Hungarian Grand Prix,Hungary,13,2022
44,HAM,Mercedes,7.0,2.0,78.75,78.445,101.48,,33.22073170731707,47.7109756097561,25.20731707317073,1.6646341463414638,122.0609756097561,Hungarian Grand Prix,Hungary,13,2022
77,BOT,Alfa Romeo,8.0,20.0,78.75,78.445,101.48,,33.22073170731707,47.7109756097561,25.20731707317073,1.6646341463414638,122.0609756097561,Hungarian Grand Prix,Hungary,13,2022
3,RIC,McLaren,9.0,15.0,78.75,78.445,101.48,,33.22073170731707,47.7109756097561,25.20731707317073,1.6646341463414638,122.0609756097561,Hungarian Grand Prix,Hungary,13,2022
1,VER,Red Bull Racing,10.0,1.0,78.75,78.445,101.48,,33.22073170731707,47.7109756097561,25.20731707317073,1.6646341463414638,122.0609756097561,Hungarian Grand Prix,Hungary,13,2022
11,PER,Red Bull Racing,11.0,5.0,78.75,78.445,101.48,,33.22073170731707,47.7109756097561,25.20731707317073,1.6646341463414638,122.0609756097561,Hungarian Grand Prix,Hungary,13,2022
24,ZHO,Alfa Romeo,12.0,13.0,78.75,78.445,101.48,,33.22073170731707,47.7109756097561,25.20731707317073,1.6646341463414638,122.0609756097561,Hungarian Grand Prix,Hungary,13,2022
20,MAG,Haas F1 Team,13.0,16.0,78.75,78.445,101.48,,33.22073170731707,47.7109756097561,25.20731707317073,1.6646341463414638,122.0609756097561,Hungarian Grand Prix,Hungary,13,2022
18,STR,Aston Martin,14.0,11.0,78.75,78.445,101.48,,33.22073170731707,47.7109756097561,25.20731707317073,1.6646341463414638,122.0609756097561,Hungarian Grand Prix,Hungary,13,2022
47,MSC,Haas F1 Team,15.0,14.0,78.75,78.445,101.48,,33.22073170731707,47.7109756097561,25.20731707317073,1.6646341463414638,122.0609756097561,Hungarian Grand Prix,Hungary,13,2022
22,TSU,AlphaTauri,16.0,19.0,78.75,78.445,101.48,,33.22073170731707,47.7109756097561,25.20731707317073,1.6646341463414638,122.0609756097561,Hungarian Grand Prix,Hungary,13,2022
23,ALB,Williams,17.0,17.0,78.75,78.445,101.48,,33.22073170731707,47.7109756097561,25.20731707317073,1.6646341463414638,122.0609756097561,Hungarian Grand Prix,Hungary,13,2022
5,VET,Aston Martin,18.0,10.0,78.75,78.445,101.48,,33.22073170731707,47.7109756097561,25.20731707317073,1.6646341463414638,122.0609756097561,Hungarian Grand Prix,Hungary,13,2022
10,GAS,AlphaTauri,19.0,12.0,78.75,78.445,101.48,,33.22073170731707,47.7109756097561,25.20731707317073,1.6646341463414638,122.0609756097561,Hungarian Grand Prix,Hungary,13,2022
6,LAT,Williams,20.0,18.0,78.75,78.445,101.48,,33.22073170731707,47.7109756097561,25.20731707317073,1.6646341463414638,122.0609756097561,Hungarian Grand Prix,Hungary,13,2022
1,VER,Red Bull Racing,1.0,1.0,106.538,105.507,105.047,,17.93452380952381,21.504761904761907,84.73809523809524,1.6261904761904757,307.01190476190476,Belgian Grand Prix,Belgium,14,2022
55,SAI,Ferrari,2.0,3.0,106.538,105.507,105.047,,17.93452380952381,21.504761904761907,84.73809523809524,1.6261904761904757,307.01190476190476,Belgian Grand Prix,Belgium,14,2022
11,PER,Red Bull Racing,3.0,2.0,106.538,105.507,105.047,,17.93452380952381,21.504761904761907,84.73809523809524,1.6261904761904757,307.01190476190476,Belgian Grand Prix,Belgium,14,2022
16,LEC,Ferrari,4.0,6.0,106.538,105.507,105.047,,17.93452380952381,21.504761904761907,84.73809523809524,1.6261904761904757,307.01190476190476,Belgian Grand Prix,Belgium,14,2022
31,OCO,Alpine,5.0,7.0,106.538,105.507,105.047,,17.93452380952381,21.504761904761907,84.73809523809524,1.6261904761904757,307.01190476190476,Belgian Grand Prix,Belgium,14,2022
14,ALO,Alpine,6.0,5.0,106.538,105.507,105.047,,17.93452380952381,21.504761904761907,84.73809523809524,1.6261904761904757,307.01190476190476,Belgian Grand Prix,Belgium,14,2022
44,HAM,Mercedes,7.0,20.0,106.538,105.507,105.047,,17.93452380952381,21.504761904761907,84.73809523809524,1.6261904761904757,307.01190476190476,Belgian Grand Prix,Belgium,14,2022
63,RUS,Mercedes,8.0,4.0,106.538,105.507,105.047,,17.93452380952381,21.504761904761907,84.73809523809524,1.6261904761904757,307.01190476190476,Belgian Grand Prix,Belgium,14,2022
23,ALB,Williams,9.0,10.0,106.538,105.507,105.047,,17.93452380952381,21.504761904761907,84.73809523809524,1.6261904761904757,307.01190476190476,Belgian Grand Prix,Belgium,14,2022
4,NOR,McLaren,10.0,12.0,106.538,105.507,105.047,,17.93452380952381,21.504761904761907,84.73809523809524,1.6261904761904757,307.01190476190476,Belgian Grand Prix,Belgium,14,2022
3,RIC,McLaren,11.0,15.0,106.538,105.507,105.047,,17.93452380952381,21.504761904761907,84.73809523809524,1.6261904761904757,307.01190476190476,Belgian Grand Prix,Belgium,14,2022
10,GAS,AlphaTauri,12.0,9.0,106.538,105.507,105.047,,17.93452380952381,21.504761904761907,84.73809523809524,1.6261904761904757,307.01190476190476,Belgian Grand Prix,Belgium,14,2022
24,ZHO,Alfa Romeo,13.0,14.0,106.538,105.507,105.047,,17.93452380952381,21.504761904761907,84.73809523809524,1.6261904761904757,307.01190476190476,Belgian Grand Prix,Belgium,14,2022
18,STR,Aston Martin,14.0,11.0,106.538,105.507,105.047,,17.93452380952381,21.504761904761907,84.73809523809524,1.6261904761904757,307.01190476190476,Belgian Grand Prix,Belgium,14,2022
47,MSC,Haas F1 Team,15.0,17.0,106.538,105.507,105.047,,17.93452380952381,21.504761904761907,84.73809523809524,1.6261904761904757,307.01190476190476,Belgian Grand Prix,Belgium,14,2022
5,VET,Aston Martin,16.0,8.0,106.538,105.507,105.047,,17.93452380952381,21.504761904761907,84.73809523809524,1.6261904761904757,307.01190476190476,Belgian Grand Prix,Belgium,14,2022
6,LAT,Williams,17.0,18.0,106.538,105.507,105.047,,17.93452380952381,21.504761904761907,84.73809523809524,1.6261904761904757,307.01190476190476,Belgian Grand Prix,Belgium,14,2022
20,MAG,Haas F1 Team,18.0,16.0,106.538,105.507,105.047,,17.93452380952381,21.504761904761907,84.73809523809524,1.6261904761904757,307.01190476190476,Belgian Grand Prix,Belgium,14,2022
22,TSU,AlphaTauri,19.0,13.0,106.538,105.507,105.047,,17.93452380952381,21.504761904761907,84.73809523809524,1.6261904761904757,307.01190476190476,Belgian Grand Prix,Belgium,14,2022
77,BOT,Alfa Romeo,20.0,19.0,106.538,105.507,105.047,,17.93452380952381,21.504761904761907,84.73809523809524,1.6261904761904757,307.01190476190476,Belgian Grand Prix,Belgium,14,2022
1,VER,Red Bull Racing,1.0,1.0,72.455,72.345,71.632,,26.07792207792208,36.43896103896103,30.246753246753247,1.2051948051948052,200.25974025974025,Dutch Grand Prix,Netherlands,15,2022
16,LEC,Ferrari,2.0,3.0,72.455,72.345,71.632,,26.07792207792208,36.43896103896103,30.246753246753247,1.2051948051948052,200.25974025974025,Dutch Grand Prix,Netherlands,15,2022
55,SAI,Ferrari,3.0,8.0,72.455,72.345,71.632,,26.07792207792208,36.43896103896103,30.246753246753247,1.2051948051948052,200.25974025974025,Dutch Grand Prix,Netherlands,15,2022
44,HAM,Mercedes,4.0,4.0,72.455,72.345,71.632,,26.07792207792208,36.43896103896103,30.246753246753247,1.2051948051948052,200.25974025974025,Dutch Grand Prix,Netherlands,15,2022
11,PER,Red Bull Racing,5.0,5.0,72.455,72.345,71.632,,26.07792207792208,36.43896103896103,30.246753246753247,1.2051948051948052,200.25974025974025,Dutch Grand Prix,Netherlands,15,2022
63,RUS,Mercedes,6.0,2.0,72.455,72.345,71.632,,26.07792207792208,36.43896103896103,30.246753246753247,1.2051948051948052,200.25974025974025,Dutch Grand Prix,Netherlands,15,2022
4,NOR,McLaren,7.0,7.0,72.455,72.345,71.632,,26.07792207792208,36.43896103896103,30.246753246753247,1.2051948051948052,200.25974025974025,Dutch Grand Prix,Netherlands,15,2022
47,MSC,Haas F1 Team,8.0,13.0,72.455,72.345,71.632,,26.07792207792208,36.43896103896103,30.246753246753247,1.2051948051948052,200.25974025974025,Dutch Grand Prix,Netherlands,15,2022
22,TSU,AlphaTauri,9.0,20.0,72.455,72.345,71.632,,26.07792207792208,36.43896103896103,30.246753246753247,1.2051948051948052,200.25974025974025,Dutch Grand Prix,Netherlands,15,2022
18,STR,Aston Martin,10.0,10.0,72.455,72.345,71.632,,26.07792207792208,36.43896103896103,30.246753246753247,1.2051948051948052,200.25974025974025,Dutch Grand Prix,Netherlands,15,2022
10,GAS,AlphaTauri,11.0,11.0,72.455,72.345,71.632,,26.07792207792208,36.43896103896103,30.246753246753247,1.2051948051948052,200.25974025974025,Dutch Grand Prix,Netherlands,15,2022
31,OCO,Alpine,12.0,9.0,72.455,72.345,71.632,,26.07792207792208,36.43896103896103,30.246753246753247,1.2051948051948052,200.25974025974025,Dutch Grand Prix,Netherlands,15,2022
14,ALO,Alpine,13.0,6.0,72.455,72.345,71.632,,26.07792207792208,36.43896103896103,30.246753246753247,1.2051948051948052,200.25974025974025,Dutch Grand Prix,Netherlands,15,2022
24,ZHO,Alfa Romeo,14.0,16.0,72.455,72.345,71.632,,26.07792207792208,36.43896103896103,30.246753246753247,1.2051948051948052,200.25974025974025,Dutch Grand Prix,Netherlands,15,2022
23,ALB,Williams,15.0,12.0,72.455,72.345,71.632,,26.07792207792208,36.43896103896103,30.246753246753247,1.2051948051948052,200.25974025974025,Dutch Grand Prix,Netherlands,15,2022
77,BOT,Alfa Romeo,16.0,19.0,72.455,72.345,71.632,,26.07792207792208,36.43896103896103,30.246753246753247,1.2051948051948052,200.25974025974025,Dutch Grand Prix,Netherlands,15,2022
3,RIC,McLaren,17.0,17.0,72.455,72.345,71.632,,26.07792207792208,36.43896103896103,30.246753246753247,1.2051948051948052,200.25974025974025,Dutch Grand Prix,Netherlands,15,2022
20,MAG,Haas F1 Team,18.0,15.0,72.455,72.345,71.632,,26.07792207792208,36.43896103896103,30.246753246753247,1.2051948051948052,200.25974025974025,Dutch Grand Prix,Netherlands,15,2022
5,VET,Aston Martin,19.0,14.0,72.455,72.345,71.632,,26.07792207792208,36.43896103896103,30.246753246753247,1.2051948051948052,200.25974025974025,Dutch Grand Prix,Netherlands,15,2022
6,LAT,Williams,20.0,18.0,72.455,72.345,71.632,,26.07792207792208,36.43896103896103,30.246753246753247,1.2051948051948052,200.25974025974025,Dutch Grand Prix,Netherlands,15,2022
16,LEC,Ferrari,1.0,2.0,82.41,81.664,81.252,,27.555555555555557,37.41851851851852,40.71604938271605,1.0691358024691358,167.53086419753086,Italian Grand Prix,Italy,16,2022
1,VER,Red Bull Racing,2.0,1.0,82.41,81.664,81.252,,27.555555555555557,37.41851851851852,40.71604938271605,1.0691358024691358,167.53086419753086,Italian Grand Prix,Italy,16,2022
55,SAI,Ferrari,3.0,4.0,82.41,81.664,81.252,,27.555555555555557,37.41851851851852,40.71604938271605,1.0691358024691358,167.53086419753086,Italian Grand Prix,Italy,16,2022
11,PER,Red Bull Racing,4.0,6.0,82.41,81.664,81.252,,27.555555555555557,37.41851851851852,40.71604938271605,1.0691358024691358,167.53086419753086,Italian Grand Prix,Italy,16,2022
44,HAM,Mercedes,5.0,5.0,82.41,81.664,81.252,,27.555555555555557,37.41851851851852,40.71604938271605,1.0691358024691358,167.53086419753086,Italian Grand Prix,Italy,16,2022
63,RUS,Mercedes,6.0,3.0,82.41,81.664,81.252,,27.555555555555557,37.41851851851852,40.71604938271605,1.0691358024691358,167.53086419753086,Italian Grand Prix,Italy,16,2022
4,NOR,McLaren,7.0,7.0,82.41,81.664,81.252,,27.555555555555557,37.41851851851852,40.71604938271605,1.0691358024691358,167.53086419753086,Italian Grand Prix,Italy,16,2022
3,RIC,McLaren,8.0,17.0,82.41,81.664,81.252,,27.555555555555557,37.41851851851852,40.71604938271605,1.0691358024691358,167.53086419753086,Italian Grand Prix,Italy,16,2022
10,GAS,AlphaTauri,9.0,8.0,82.41,81.664,81.252,,27.555555555555557,37.41851851851852,40.71604938271605,1.0691358024691358,167.53086419753086,Italian Grand Prix,Italy,16,2022
14,ALO,Alpine,10.0,19.0,82.41,81.664,81.252,,27.555555555555557,37.41851851851852,40.71604938271605,1.0691358024691358,167.53086419753086,Italian Grand Prix,Italy,16,2022
31,OCO,Alpine,11.0,11.0,82.41,81.664,81.252,,27.555555555555557,37.41851851851852,40.71604938271605,1.0691358024691358,167.53086419753086,Italian Grand Prix,Italy,16,2022
77,BOT,Alfa Romeo,12.0,13.0,82.41,81.664,81.252,,27.555555555555557,37.41851851851852,40.71604938271605,1.0691358024691358,167.53086419753086,Italian Grand Prix,Italy,16,2022
45,DEV,Williams,13.0,9.0,82.41,81.664,81.252,,27.555555555555557,37.41851851851852,40.71604938271605,1.0691358024691358,167.53086419753086,Italian Grand Prix,Italy,16,2022
24,ZHO,Alfa Romeo,14.0,10.0,82.41,81.664,81.252,,27.555555555555557,37.41851851851852,40.71604938271605,1.0691358024691358,167.53086419753086,Italian Grand Prix,Italy,16,2022
22,TSU,AlphaTauri,15.0,14.0,82.41,81.664,81.252,,27.555555555555557,37.41851851851852,40.71604938271605,1.0691358024691358,167.53086419753086,Italian Grand Prix,Italy,16,2022
6,LAT,Williams,16.0,15.0,82.41,81.664,81.252,,27.555555555555557,37.41851851851852,40.71604938271605,1.0691358024691358,167.53086419753086,Italian Grand Prix,Italy,16,2022
5,VET,Aston Martin,17.0,20.0,82.41,81.664,81.252,,27.555555555555557,37.41851851851852,40.71604938271605,1.0691358024691358,167.53086419753086,Italian Grand Prix,Italy,16,2022
18,STR,Aston Martin,18.0,18.0,82.41,81.664,81.252,,27.555555555555557,37.41851851851852,40.71604938271605,1.0691358024691358,167.53086419753086,Italian Grand Prix,Italy,16,2022
20,MAG,Haas F1 Team,19.0,16.0,82.41,81.664,81.252,,27.555555555555557,37.41851851851852,40.71604938271605,1.0691358024691358,167.53086419753086,Italian Grand Prix,Italy,16,2022
47,MSC,Haas F1 Team,20.0,12.0,82.41,81.664,81.252,,27.555555555555557,37.41851851851852,40.71604938271605,1.0691358024691358,167.53086419753086,Italian Grand Prix,Italy,16,2022
16,LEC,Ferrari,1.0,2.0,103.033,102.587,117.782,,29.35180722891566,33.318072289156625,77.60240963855422,0.6686746987951806,150.7710843373494,Singapore Grand Prix,Singapore,17,2022
11,PER,Red Bull Racing,2.0,1.0,103.033,102.587,117.782,,29.35180722891566,33.318072289156625,77.60240963855422,0.6686746987951806,150.7710843373494,Singapore Grand Prix,Singapore,17,2022
44,HAM,Mercedes,3.0,9.0,103.033,102.587,117.782,,29.35180722891566,33.318072289156625,77.60240963855422,0.6686746987951806,150.7710843373494,Singapore Grand Prix,Singapore,17,2022
55,SAI,Ferrari,4.0,3.0,103.033,102.587,117.782,,29.35180722891566,33.318072289156625,77.60240963855422,0.6686746987951806,150.7710843373494,Singapore Grand Prix,Singapore,17,2022
14,ALO,Alpine,5.0,18.0,103.033,102.587,117.782,,29.35180722891566,33.318072289156625,77.60240963855422,0.6686746987951806,150.7710843373494,Singapore Grand Prix,Singapore,17,2022
4,NOR,McLaren,6.0,4.0,103.033,102.587,117.782,,29.35180722891566,33.318072289156625,77.60240963855422,0.6686746987951806,150.7710843373494,Singapore Grand Prix,Singapore,17,2022
10,GAS,AlphaTauri,7.0,10.0,103.033,102.587,117.782,,29.35180722891566,33.318072289156625,77.60240963855422,0.6686746987951806,150.7710843373494,Singapore Grand Prix,Singapore,17,2022
1,VER,Red Bull Racing,8.0,7.0,103.033,102.587,117.782,,29.35180722891566,33.318072289156625,77.60240963855422,0.6686746987951806,150.7710843373494,Singapore Grand Prix,Singapore,17,2022
20,MAG,Haas F1 Team,9.0,12.0,103.033,102.587,117.782,,29.35180722891566,33.318072289156625,77.60240963855422,0.6686746987951806,150.7710843373494,Singapore Grand Prix,Singapore,17,2022
22,TSU,AlphaTauri,10.0,15.0,103.033,102.587,117.782,,29.35180722891566,33.318072289156625,77.60240963855422,0.6686746987951806,150.7710843373494,Singapore Grand Prix,Singapore,17,2022
63,RUS,Mercedes,11.0,14.0,103.033,102.587,117.782,,29.35180722891566,33.318072289156625,77.60240963855422,0.6686746987951806,150.7710843373494,Singapore Grand Prix,Singapore,17,2022
18,STR,Aston Martin,12.0,6.0,103.033,102.587,117.782,,29.35180722891566,33.318072289156625,77.60240963855422,0.6686746987951806,150.7710843373494,Singapore Grand Prix,Singapore,17,2022
47,MSC,Haas F1 Team,13.0,13.0,103.033,102.587,117.782,,29.35180722891566,33.318072289156625,77.60240963855422,0.6686746987951806,150.7710843373494,Singapore Grand Prix,Singapore,17,2022
5,VET,Aston Martin,14.0,8.0,103.033,102.587,117.782,,29.35180722891566,33.318072289156625,77.60240963855422,0.6686746987951806,150.7710843373494,Singapore Grand Prix,Singapore,17,2022
24,ZHO,Alfa Romeo,15.0,20.0,103.033,102.587,117.782,,29.35180722891566,33.318072289156625,77.60240963855422,0.6686746987951806,150.7710843373494,Singapore Grand Prix,Singapore,17,2022
77,BOT,Alfa Romeo,16.0,11.0,103.033,102.587,117.782,,29.35180722891566,33.318072289156625,77.60240963855422,0.6686746987951806,150.7710843373494,Singapore Grand Prix,Singapore,17,2022
3,RIC,McLaren,17.0,5.0,103.033,102.587,117.782,,29.35180722891566,33.318072289156625,77.60240963855422,0.6686746987951806,150.7710843373494,Singapore Grand Prix,Singapore,17,2022
31,OCO,Alpine,18.0,16.0,103.033,102.587,117.782,,29.35180722891566,33.318072289156625,77.60240963855422,0.6686746987951806,150.7710843373494,Singapore Grand Prix,Singapore,17,2022
23,ALB,Williams,19.0,17.0,103.033,102.587,117.782,,29.35180722891566,33.318072289156625,77.60240963855422,0.6686746987951806,150.7710843373494,Singapore Grand Prix,Singapore,17,2022
6,LAT,Williams,20.0,19.0,103.033,102.587,117.782,,29.35180722891566,33.318072289156625,77.60240963855422,0.6686746987951806,150.7710843373494,Singapore Grand Prix,Singapore,17,2022
1,VER,Red Bull Racing,1.0,1.0,102.248,101.935,90.671,,15.808035714285719,18.941964285714285,94.61607142857143,1.175892857142857,240.85714285714286,Japanese Grand Prix,Japan,18,2022
16,LEC,Ferrari,2.0,3.0,102.248,101.935,90.671,,15.808035714285719,18.941964285714285,94.61607142857143,1.175892857142857,240.85714285714286,Japanese Grand Prix,Japan,18,2022
55,SAI,Ferrari,3.0,19.0,102.248,101.935,90.671,,15.808035714285719,18.941964285714285,94.61607142857143,1.175892857142857,240.85714285714286,Japanese Grand Prix,Japan,18,2022
11,PER,Red Bull Racing,4.0,2.0,102.248,101.935,90.671,,15.808035714285719,18.941964285714285,94.61607142857143,1.175892857142857,240.85714285714286,Japanese Grand Prix,Japan,18,2022
31,OCO,Alpine,5.0,4.0,102.248,101.935,90.671,,15.808035714285719,18.941964285714285,94.61607142857143,1.175892857142857,240.85714285714286,Japanese Grand Prix,Japan,18,2022
44,HAM,Mercedes,6.0,5.0,102.248,101.935,90.671,,15.808035714285719,18.941964285714285,94.61607142857143,1.175892857142857,240.85714285714286,Japanese Grand Prix,Japan,18,2022
14,ALO,Alpine,7.0,7.0,102.248,101.935,90.671,,15.808035714285719,18.941964285714285,94.61607142857143,1.175892857142857,240.85714285714286,Japanese Grand Prix,Japan,18,2022
63,RUS,Mercedes,8.0,8.0,102.248,101.935,90.671,,15.808035714285719,18.941964285714285,94.61607142857143,1.175892857142857,240.85714285714286,Japanese Grand Prix,Japan,18,2022
5,VET,Aston Martin,9.0,6.0,102.248,101.935,90.671,,15.808035714285719,18.941964285714285,94.61607142857143,1.175892857142857,240.85714285714286,Japanese Grand Prix,Japan,18,2022
4,NOR,McLaren,10.0,10.0,102.248,101.935,90.671,,15.808035714285719,18.941964285714285,94.61607142857143,1.175892857142857,240.85714285714286,Japanese Grand Prix,Japan,18,2022
3,RIC,McLaren,11.0,11.0,102.248,101.935,90.671,,15.808035714285719,18.941964285714285,94.61607142857143,1.175892857142857,240.85714285714286,Japanese Grand Prix,Japan,18,2022
77,BOT,Alfa Romeo,12.0,15.0,102.248,101.935,90.671,,15.808035714285719,18.941964285714285,94.61607142857143,1.175892857142857,240.85714285714286,Japanese Grand Prix,Japan,18,2022
22,TSU,AlphaTauri,13.0,13.0,102.248,101.935,90.671,,15.808035714285719,18.941964285714285,94.61607142857143,1.175892857142857,240.85714285714286,Japanese Grand Prix,Japan,18,2022
24,ZHO,Alfa Romeo,14.0,16.0,102.248,101.935,90.671,,15.808035714285719,18.941964285714285,94.61607142857143,1.175892857142857,240.85714285714286,Japanese Grand Prix,Japan,18,2022
47,MSC,Haas F1 Team,15.0,17.0,102.248,101.935,90.671,,15.808035714285719,18.941964285714285,94.61607142857143,1.175892857142857,240.85714285714286,Japanese Grand Prix,Japan,18,2022
23,ALB,Williams,16.0,20.0,102.248,101.935,90.671,,15.808035714285719,18.941964285714285,94.61607142857143,1.175892857142857,240.85714285714286,Japanese Grand Prix,Japan,18,2022
10,GAS,AlphaTauri,17.0,18.0,102.248,101.935,90.671,,15.808035714285719,18.941964285714285,94.61607142857143,1.175892857142857,240.85714285714286,Japanese Grand Prix,Japan,18,2022
20,MAG,Haas F1 Team,18.0,14.0,102.248,101.935,90.671,,15.808035714285719,18.941964285714285,94.61607142857143,1.175892857142857,240.85714285714286,Japanese Grand Prix,Japan,18,2022
18,STR,Aston Martin,19.0,12.0,102.248,101.935,90.671,,15.808035714285719,18.941964285714285,94.61607142857143,1.175892857142857,240.85714285714286,Japanese Grand Prix,Japan,18,2022
6,LAT,Williams,20.0,9.0,102.248,101.935,90.671,,15.808035714285719,18.941964285714285,94.61607142857143,1.175892857142857,240.85714285714286,Japanese Grand Prix,Japan,18,2022
55,SAI,Ferrari,1.0,20.0,96.857,96.81,95.825,,29.27407407407408,34.53611111111111,28.38888888888889,2.209259259259259,132.5185185185185,United States Grand Prix,United States,19,2022
16,LEC,Ferrari,2.0,3.0,96.857,96.81,95.825,,29.27407407407408,34.53611111111111,28.38888888888889,2.209259259259259,132.5185185185185,United States Grand Prix,United States,19,2022
1,VER,Red Bull Racing,3.0,1.0,96.857,96.81,95.825,,29.27407407407408,34.53611111111111,28.38888888888889,2.209259259259259,132.5185185185185,United States Grand Prix,United States,19,2022
11,PER,Red Bull Racing,4.0,4.0,96.857,96.81,95.825,,29.27407407407408,34.53611111111111,28.38888888888889,2.209259259259259,132.5185185185185,United States Grand Prix,United States,19,2022
44,HAM,Mercedes,5.0,2.0,96.857,96.81,95.825,,29.27407407407408,34.53611111111111,28.38888888888889,2.209259259259259,132.5185185185185,United States Grand Prix,United States,19,2022
63,RUS,Mercedes,6.0,5.0,96.857,96.81,95.825,,29.27407407407408,34.53611111111111,28.38888888888889,2.209259259259259,132.5185185185185,United States Grand Prix,United States,19,2022
18,STR,Aston Martin,7.0,18.0,96.857,96.81,95.825,,29.27407407407408,34.53611111111111,28.38888888888889,2.209259259259259,132.5185185185185,United States Grand Prix,United States,19,2022
4,NOR,McLaren,8.0,6.0,96.857,96.81,95.825,,29.27407407407408,34.53611111111111,28.38888888888889,2.209259259259259,132.5185185185185,United States Grand Prix,United States,19,2022
14,ALO,Alpine,9.0,7.0,96.857,96.81,95.825,,29.27407407407408,34.53611111111111,28.38888888888889,2.209259259259259,132.5185185185185,United States Grand Prix,United States,19,2022
77,BOT,Alfa Romeo,10.0,19.0,96.857,96.81,95.825,,29.27407407407408,34.53611111111111,28.38888888888889,2.209259259259259,132.5185185185185,United States Grand Prix,United States,19,2022
23,ALB,Williams,11.0,13.0,96.857,96.81,95.825,,29.27407407407408,34.53611111111111,28.38888888888889,2.209259259259259,132.5185185185185,United States Grand Prix,United States,19,2022
5,VET,Aston Martin,12.0,8.0,96.857,96.81,95.825,,29.27407407407408,34.53611111111111,28.38888888888889,2.209259259259259,132.5185185185185,United States Grand Prix,United States,19,2022
10,GAS,AlphaTauri,13.0,14.0,96.857,96.81,95.825,,29.27407407407408,34.53611111111111,28.38888888888889,2.209259259259259,132.5185185185185,United States Grand Prix,United States,19,2022
24,ZHO,Alfa Romeo,14.0,12.0,96.857,96.81,95.825,,29.27407407407408,34.53611111111111,28.38888888888889,2.209259259259259,132.5185185185185,United States Grand Prix,United States,19,2022
22,TSU,AlphaTauri,15.0,10.0,96.857,96.81,95.825,,29.27407407407408,34.53611111111111,28.38888888888889,2.209259259259259,132.5185185185185,United States Grand Prix,United States,19,2022
20,MAG,Haas F1 Team,16.0,9.0,96.857,96.81,95.825,,29.27407407407408,34.53611111111111,28.38888888888889,2.209259259259259,132.5185185185185,United States Grand Prix,United States,19,2022
3,RIC,McLaren,17.0,16.0,96.857,96.81,95.825,,29.27407407407408,34.53611111111111,28.38888888888889,2.209259259259259,132.5185185185185,United States Grand Prix,United States,19,2022
31,OCO,Alpine,18.0,11.0,96.857,96.81,95.825,,29.27407407407408,34.53611111111111,28.38888888888889,2.209259259259259,132.5185185185185,United States Grand Prix,United States,19,2022
47,MSC,Haas F1 Team,19.0,15.0,96.857,96.81,95.825,,29.27407407407408,34.53611111111111,28.38888888888889,2.209259259259259,132.5185185185185,United States Grand Prix,United States,19,2022
6,LAT,Williams,20.0,17.0,96.857,96.81,95.825,,29.27407407407408,34.53611111111111,28.38888888888889,2.209259259259259,132.5185185185185,United States Grand Prix,United States,19,2022
1,VER,Red Bull Racing,1.0,1.0,80.707,79.97,78.399,,25.905714285714286,32.80761904761905,34.60952380952381,1.4723809523809526,132.96190476190475,Mexico City Grand Prix,Mexico,20,2022
63,RUS,Mercedes,2.0,4.0,80.707,79.97,78.399,,25.905714285714286,32.80761904761905,34.60952380952381,1.4723809523809526,132.96190476190475,Mexico City Grand Prix,Mexico,20,2022
44,HAM,Mercedes,3.0,2.0,80.707,79.97,78.399,,25.905714285714286,32.80761904761905,34.60952380952381,1.4723809523809526,132.96190476190475,Mexico City Grand Prix,Mexico,20,2022
11,PER,Red Bull Racing,4.0,3.0,80.707,79.97,78.399,,25.905714285714286,32.80761904761905,34.60952380952381,1.4723809523809526,132.96190476190475,Mexico City Grand Prix,Mexico,20,2022
55,SAI,Ferrari,5.0,5.0,80.707,79.97,78.399,,25.905714285714286,32.80761904761905,34.60952380952381,1.4723809523809526,132.96190476190475,Mexico City Grand Prix,Mexico,20,2022
77,BOT,Alfa Romeo,6.0,10.0,80.707,79.97,78.399,,25.905714285714286,32.80761904761905,34.60952380952381,1.4723809523809526,132.96190476190475,Mexico City Grand Prix,Mexico,20,2022
16,LEC,Ferrari,7.0,6.0,80.707,79.97,78.399,,25.905714285714286,32.80761904761905,34.60952380952381,1.4723809523809526,132.96190476190475,Mexico City Grand Prix,Mexico,20,2022
4,NOR,McLaren,8.0,9.0,80.707,79.97,78.399,,25.905714285714286,32.80761904761905,34.60952380952381,1.4723809523809526,132.96190476190475,Mexico City Grand Prix,Mexico,20,2022
14,ALO,Alpine,9.0,19.0,80.707,79.97,78.399,,25.905714285714286,32.80761904761905,34.60952380952381,1.4723809523809526,132.96190476190475,Mexico City Grand Prix,Mexico,20,2022
31,OCO,Alpine,10.0,8.0,80.707,79.97,78.399,,25.905714285714286,32.80761904761905,34.60952380952381,1.4723809523809526,132.96190476190475,Mexico City Grand Prix,Mexico,20,2022
3,RIC,McLaren,11.0,7.0,80.707,79.97,78.399,,25.905714285714286,32.80761904761905,34.60952380952381,1.4723809523809526,132.96190476190475,Mexico City Grand Prix,Mexico,20,2022
24,ZHO,Alfa Romeo,12.0,13.0,80.707,79.97,78.399,,25.905714285714286,32.80761904761905,34.60952380952381,1.4723809523809526,132.96190476190475,Mexico City Grand Prix,Mexico,20,2022
22,TSU,AlphaTauri,13.0,20.0,80.707,79.97,78.399,,25.905714285714286,32.80761904761905,34.60952380952381,1.4723809523809526,132.96190476190475,Mexico City Grand Prix,Mexico,20,2022
10,GAS,AlphaTauri,14.0,11.0,80.707,79.97,78.399,,25.905714285714286,32.80761904761905,34.60952380952381,1.4723809523809526,132.96190476190475,Mexico City Grand Prix,Mexico,20,2022
20,MAG,Haas F1 Team,15.0,17.0,80.707,79.97,78.399,,25.905714285714286,32.80761904761905,34.60952380952381,1.4723809523809526,132.96190476190475,Mexico City Grand Prix,Mexico,20,2022
47,MSC,Haas F1 Team,16.0,16.0,80.707,79.97,78.399,,25.905714285714286,32.80761904761905,34.60952380952381,1.4723809523809526,132.96190476190475,Mexico City Grand Prix,Mexico,20,2022
5,VET,Aston Martin,17.0,14.0,80.707,79.97,78.399,,25.905714285714286,32.80761904761905,34.60952380952381,1.4723809523809526,132.96190476190475,Mexico City Grand Prix,Mexico,20,2022
18,STR,Aston Martin,18.0,15.0,80.707,79.97,78.399,,25.905714285714286,32.80761904761905,34.60952380952381,1.4723809523809526,132.96190476190475,Mexico City Grand Prix,Mexico,20,2022
23,ALB,Williams,19.0,12.0,80.707,79.97,78.399,,25.905714285714286,32.80761904761905,34.60952380952381,1.4723809523809526,132.96190476190475,Mexico City Grand Prix,Mexico,20,2022
6,LAT,Williams,20.0,18.0,80.707,79.97,78.399,,25.905714285714286,32.80761904761905,34.60952380952381,1.4723809523809526,132.96190476190475,Mexico City Grand Prix,Mexico,20,2022
20,MAG,Haas F1 Team,1.0,19.0,71.853,74.604,,,25.404878048780493,48.83658536585365,55.8780487804878,1.1951219512195121,164.8658536585366,São Paulo Grand Prix,Brazil,21,2022
1,VER,Red Bull Racing,2.0,6.0,71.853,74.604,,,25.404878048780493,48.83658536585365,55.8780487804878,1.1951219512195121,164.8658536585366,São Paulo Grand Prix,Brazil,21,2022
63,RUS,Mercedes,3.0,1.0,71.853,74.604,,,25.404878048780493,48.83658536585365,55.8780487804878,1.1951219512195121,164.8658536585366,São Paulo Grand Prix,Brazil,21,2022
4,NOR,McLaren,4.0,18.0,71.853,74.604,,,25.404878048780493,48.83658536585365,55.8780487804878,1.1951219512195121,164.8658536585366,São Paulo Grand Prix,Brazil,21,2022
55,SAI,Ferrari,5.0,3.0,71.853,74.604,,,25.404878048780493,48.83658536585365,55.8780487804878,1.1951219512195121,164.8658536585366,São Paulo Grand Prix,Brazil,21,2022
31,OCO,Alpine,6.0,8.0,71.853,74.604,,,25.404878048780493,48.83658536585365,55.8780487804878,1.1951219512195121,164.8658536585366,São Paulo Grand Prix,Brazil,21,2022
14,ALO,Alpine,7.0,5.0,71.853,74.604,,,25.404878048780493,48.83658536585365,55.8780487804878,1.1951219512195121,164.8658536585366,São Paulo Grand Prix,Brazil,21,2022
44,HAM,Mercedes,8.0,2.0,71.853,74.604,,,25.404878048780493,48.83658536585365,55.8780487804878,1.1951219512195121,164.8658536585366,São Paulo Grand Prix,Brazil,21,2022
11,PER,Red Bull Racing,9.0,7.0,71.853,74.604,,,25.404878048780493,48.83658536585365,55.8780487804878,1.1951219512195121,164.8658536585366,São Paulo Grand Prix,Brazil,21,2022
16,LEC,Ferrari,10.0,4.0,71.853,74.604,,,25.404878048780493,48.83658536585365,55.8780487804878,1.1951219512195121,164.8658536585366,São Paulo Grand Prix,Brazil,21,2022
23,ALB,Williams,11.0,15.0,71.853,74.604,,,25.404878048780493,48.83658536585365,55.8780487804878,1.1951219512195121,164.8658536585366,São Paulo Grand Prix,Brazil,21,2022
10,GAS,AlphaTauri,12.0,14.0,71.853,74.604,,,25.404878048780493,48.83658536585365,55.8780487804878,1.1951219512195121,164.8658536585366,São Paulo Grand Prix,Brazil,21,2022
5,VET,Aston Martin,13.0,11.0,71.853,74.604,,,25.404878048780493,48.83658536585365,55.8780487804878,1.1951219512195121,164.8658536585366,São Paulo Grand Prix,Brazil,21,2022
3,RIC,McLaren,14.0,20.0,71.853,74.604,,,25.404878048780493,48.83658536585365,55.8780487804878,1.1951219512195121,164.8658536585366,São Paulo Grand Prix,Brazil,21,2022
18,STR,Aston Martin,15.0,10.0,71.853,74.604,,,25.404878048780493,48.83658536585365,55.8780487804878,1.1951219512195121,164.8658536585366,São Paulo Grand Prix,Brazil,21,2022
6,LAT,Williams,16.0,16.0,71.853,74.604,,,25.404878048780493,48.83658536585365,55.8780487804878,1.1951219512195121,164.8658536585366,São Paulo Grand Prix,Brazil,21,2022
24,ZHO,Alfa Romeo,17.0,12.0,71.853,74.604,,,25.404878048780493,48.83658536585365,55.8780487804878,1.1951219512195121,164.8658536585366,São Paulo Grand Prix,Brazil,21,2022
77,BOT,Alfa Romeo,18.0,9.0,71.853,74.604,,,25.404878048780493,48.83658536585365,55.8780487804878,1.1951219512195121,164.8658536585366,São Paulo Grand Prix,Brazil,21,2022
22,TSU,AlphaTauri,19.0,17.0,71.853,74.604,,,25.404878048780493,48.83658536585365,55.8780487804878,1.1951219512195121,164.8658536585366,São Paulo Grand Prix,Brazil,21,2022
47,MSC,Haas F1 Team,20.0,13.0,71.853,74.604,,,25.404878048780493,48.83658536585365,55.8780487804878,1.1951219512195121,164.8658536585366,São Paulo Grand Prix,Brazil,21,2022
1,VER,Red Bull Racing,1.0,1.0,86.633,85.146,84.982,,30.04024390243902,36.04756097560976,55.292682926829265,1.552439024390244,285.9634146341463,Abu Dhabi Grand Prix,Abu Dhabi,22,2022
11,PER,Red Bull Racing,2.0,3.0,86.633,85.146,84.982,,30.04024390243902,36.04756097560976,55.292682926829265,1.552439024390244,285.9634146341463,Abu Dhabi Grand Prix,Abu Dhabi,22,2022
16,LEC,Ferrari,3.0,2.0,86.633,85.146,84.982,,30.04024390243902,36.04756097560976,55.292682926829265,1.552439024390244,285.9634146341463,Abu Dhabi Grand Prix,Abu Dhabi,22,2022
55,SAI,Ferrari,4.0,4.0,86.633,85.146,84.982,,30.04024390243902,36.04756097560976,55.292682926829265,1.552439024390244,285.9634146341463,Abu Dhabi Grand Prix,Abu Dhabi,22,2022
44,HAM,Mercedes,5.0,18.0,86.633,85.146,84.982,,30.04024390243902,36.04756097560976,55.292682926829265,1.552439024390244,285.9634146341463,Abu Dhabi Grand Prix,Abu Dhabi,22,2022
63,RUS,Mercedes,6.0,5.0,86.633,85.146,84.982,,30.04024390243902,36.04756097560976,55.292682926829265,1.552439024390244,285.9634146341463,Abu Dhabi Grand Prix,Abu Dhabi,22,2022
4,NOR,McLaren,7.0,6.0,86.633,85.146,84.982,,30.04024390243902,36.04756097560976,55.292682926829265,1.552439024390244,285.9634146341463,Abu Dhabi Grand Prix,Abu Dhabi,22,2022
31,OCO,Alpine,8.0,7.0,86.633,85.146,84.982,,30.04024390243902,36.04756097560976,55.292682926829265,1.552439024390244,285.9634146341463,Abu Dhabi Grand Prix,Abu Dhabi,22,2022
5,VET,Aston Martin,9.0,10.0,86.633,85.146,84.982,,30.04024390243902,36.04756097560976,55.292682926829265,1.552439024390244,285.9634146341463,Abu Dhabi Grand Prix,Abu Dhabi,22,2022
3,RIC,McLaren,10.0,9.0,86.633,85.146,84.982,,30.04024390243902,36.04756097560976,55.292682926829265,1.552439024390244,285.9634146341463,Abu Dhabi Grand Prix,Abu Dhabi,22,2022
14,ALO,Alpine,11.0,20.0,86.633,85.146,84.982,,30.04024390243902,36.04756097560976,55.292682926829265,1.552439024390244,285.9634146341463,Abu Dhabi Grand Prix,Abu Dhabi,22,2022
22,TSU,AlphaTauri,12.0,11.0,86.633,85.146,84.982,,30.04024390243902,36.04756097560976,55.292682926829265,1.552439024390244,285.9634146341463,Abu Dhabi Grand Prix,Abu Dhabi,22,2022
47,MSC,Haas F1 Team,13.0,16.0,86.633,85.146,84.982,,30.04024390243902,36.04756097560976,55.292682926829265,1.552439024390244,285.9634146341463,Abu Dhabi Grand Prix,Abu Dhabi,22,2022
18,STR,Aston Martin,14.0,8.0,86.633,85.146,84.982,,30.04024390243902,36.04756097560976,55.292682926829265,1.552439024390244,285.9634146341463,Abu Dhabi Grand Prix,Abu Dhabi,22,2022
24,ZHO,Alfa Romeo,15.0,12.0,86.633,85.146,84.982,,30.04024390243902,36.04756097560976,55.292682926829265,1.552439024390244,285.9634146341463,Abu Dhabi Grand Prix,Abu Dhabi,22,2022
20,MAG,Haas F1 Team,16.0,17.0,86.633,85.146,84.982,,30.04024390243902,36.04756097560976,55.292682926829265,1.552439024390244,285.9634146341463,Abu Dhabi Grand Prix,Abu Dhabi,22,2022
10,GAS,AlphaTauri,17.0,14.0,86.633,85.146,84.982,,30.04024390243902,36.04756097560976,55.292682926829265,1.552439024390244,285.9634146341463,Abu Dhabi Grand Prix,Abu Dhabi,22,2022
77,BOT,Alfa Romeo,18.0,15.0,86.633,85.146,84.982,,30.04024390243902,36.04756097560976,55.292682926829265,1.552439024390244,285.9634146341463,Abu Dhabi Grand Prix,Abu Dhabi,22,2022
23,ALB,Williams,19.0,13.0,86.633,85.146,84.982,,30.04024390243902,36.04756097560976,55.292682926829265,1.552439024390244,285.9634146341463,Abu Dhabi Grand Prix,Abu Dhabi,22,2022
6,LAT,Williams,20.0,19.0,86.633,85.146,84.982,,30.04024390243902,36.04756097560976,55.292682926829265,1.552439024390244,285.9634146341463,Abu Dhabi Grand Prix,Abu Dhabi,22,2022
1,VER,Red Bull Racing,1.0,1.0,92.758,90.907,92.34,,22.87294117647059,26.972941176470584,23.31764705882353,1.0823529411764705,244.05882352941177,Bahrain Grand Prix,Bahrain,1,2023
11,PER,Red Bull Racing,2.0,2.0,92.758,90.907,92.34,,22.87294117647059,26.972941176470584,23.31764705882353,1.0823529411764705,244.05882352941177,Bahrain Grand Prix,Bahrain,1,2023
16,LEC,Ferrari,3.0,19.0,92.758,90.907,92.34,,22.87294117647059,26.972941176470584,23.31764705882353,1.0823529411764705,244.05882352941177,Bahrain Grand Prix,Bahrain,1,2023
55,SAI,Ferrari,4.0,4.0,92.758,90.907,92.34,,22.87294117647059,26.972941176470584,23.31764705882353,1.0823529411764705,244.05882352941177,Bahrain Grand Prix,Bahrain,1,2023
14,ALO,Aston Martin,5.0,3.0,92.758,90.907,92.34,,22.87294117647059,26.972941176470584,23.31764705882353,1.0823529411764705,244.05882352941177,Bahrain Grand Prix,Bahrain,1,2023
63,RUS,Mercedes,6.0,7.0,92.758,90.907,92.34,,22.87294117647059,26.972941176470584,23.31764705882353,1.0823529411764705,244.05882352941177,Bahrain Grand Prix,Bahrain,1,2023
44,HAM,Mercedes,7.0,5.0,92.758,90.907,92.34,,22.87294117647059,26.972941176470584,23.31764705882353,1.0823529411764705,244.05882352941177,Bahrain Grand Prix,Bahrain,1,2023
18,STR,Aston Martin,8.0,6.0,92.758,90.907,92.34,,22.87294117647059,26.972941176470584,23.31764705882353,1.0823529411764705,244.05882352941177,Bahrain Grand Prix,Bahrain,1,2023
31,OCO,Alpine,9.0,18.0,92.758,90.907,92.34,,22.87294117647059,26.972941176470584,23.31764705882353,1.0823529411764705,244.05882352941177,Bahrain Grand Prix,Bahrain,1,2023
27,HUL,Haas F1 Team,10.0,15.0,92.758,90.907,92.34,,22.87294117647059,26.972941176470584,23.31764705882353,1.0823529411764705,244.05882352941177,Bahrain Grand Prix,Bahrain,1,2023
4,NOR,McLaren,11.0,17.0,92.758,90.907,92.34,,22.87294117647059,26.972941176470584,23.31764705882353,1.0823529411764705,244.05882352941177,Bahrain Grand Prix,Bahrain,1,2023
77,BOT,Alfa Romeo,12.0,8.0,92.758,90.907,92.34,,22.87294117647059,26.972941176470584,23.31764705882353,1.0823529411764705,244.05882352941177,Bahrain Grand Prix,Bahrain,1,2023
24,ZHO,Alfa Romeo,13.0,16.0,92.758,90.907,92.34,,22.87294117647059,26.972941176470584,23.31764705882353,1.0823529411764705,244.05882352941177,Bahrain Grand Prix,Bahrain,1,2023
22,TSU,AlphaTauri,14.0,11.0,92.758,90.907,92.34,,22.87294117647059,26.972941176470584,23.31764705882353,1.0823529411764705,244.05882352941177,Bahrain Grand Prix,Bahrain,1,2023
23,ALB,Williams,15.0,10.0,92.758,90.907,92.34,,22.87294117647059,26.972941176470584,23.31764705882353,1.0823529411764705,244.05882352941177,Bahrain Grand Prix,Bahrain,1,2023
2,SAR,Williams,16.0,12.0,92.758,90.907,92.34,,22.87294117647059,26.972941176470584,23.31764705882353,1.0823529411764705,244.05882352941177,Bahrain Grand Prix,Bahrain,1,2023
20,MAG,Haas F1 Team,17.0,13.0,92.758,90.907,92.34,,22.87294117647059,26.972941176470584,23.31764705882353,1.0823529411764705,244.05882352941177,Bahrain Grand Prix,Bahrain,1,2023
81,PIA,McLaren,18.0,20.0,92.758,90.907,92.34,,22.87294117647059,26.972941176470584,23.31764705882353,1.0823529411764705,244.05882352941177,Bahrain Grand Prix,Bahrain,1,2023
21,DEV,AlphaTauri,19.0,14.0,92.758,90.907,92.34,,22.87294117647059,26.972941176470584,23.31764705882353,1.0823529411764705,244.05882352941177,Bahrain Grand Prix,Bahrain,1,2023
10,GAS,Alpine,20.0,9.0,92.758,90.907,92.34,,22.87294117647059,26.972941176470584,23.31764705882353,1.0823529411764705,244.05882352941177,Bahrain Grand Prix,Bahrain,1,2023
11,PER,Red Bull Racing,1.0,1.0,89.617,89.603,88.485,,26.20240963855422,31.01927710843374,49.903614457831324,1.2349397590361444,264.4096385542169,Saudi Arabian Grand Prix,Saudi Arabia,2,2023
16,LEC,Ferrari,2.0,7.0,89.617,89.603,88.485,,26.20240963855422,31.01927710843374,49.903614457831324,1.2349397590361444,264.4096385542169,Saudi Arabian Grand Prix,Saudi Arabia,2,2023
14,ALO,Aston Martin,3.0,3.0,89.617,89.603,88.485,,26.20240963855422,31.01927710843374,49.903614457831324,1.2349397590361444,264.4096385542169,Saudi Arabian Grand Prix,Saudi Arabia,2,2023
63,RUS,Mercedes,4.0,4.0,89.617,89.603,88.485,,26.20240963855422,31.01927710843374,49.903614457831324,1.2349397590361444,264.4096385542169,Saudi Arabian Grand Prix,Saudi Arabia,2,2023
55,SAI,Ferrari,5.0,6.0,89.617,89.603,88.485,,26.20240963855422,31.01927710843374,49.903614457831324,1.2349397590361444,264.4096385542169,Saudi Arabian Grand Prix,Saudi Arabia,2,2023
18,STR,Aston Martin,6.0,20.0,89.617,89.603,88.485,,26.20240963855422,31.01927710843374,49.903614457831324,1.2349397590361444,264.4096385542169,Saudi Arabian Grand Prix,Saudi Arabia,2,2023
31,OCO,Alpine,7.0,8.0,89.617,89.603,88.485,,26.20240963855422,31.01927710843374,49.903614457831324,1.2349397590361444,264.4096385542169,Saudi Arabian Grand Prix,Saudi Arabia,2,2023
44,HAM,Mercedes,8.0,5.0,89.617,89.603,88.485,,26.20240963855422,31.01927710843374,49.903614457831324,1.2349397590361444,264.4096385542169,Saudi Arabian Grand Prix,Saudi Arabia,2,2023
81,PIA,McLaren,9.0,15.0,89.617,89.603,88.485,,26.20240963855422,31.01927710843374,49.903614457831324,1.2349397590361444,264.4096385542169,Saudi Arabian Grand Prix,Saudi Arabia,2,2023
10,GAS,Alpine,10.0,9.0,89.617,89.603,88.485,,26.20240963855422,31.01927710843374,49.903614457831324,1.2349397590361444,264.4096385542169,Saudi Arabian Grand Prix,Saudi Arabia,2,2023
27,HUL,Haas F1 Team,11.0,12.0,89.617,89.603,88.485,,26.20240963855422,31.01927710843374,49.903614457831324,1.2349397590361444,264.4096385542169,Saudi Arabian Grand Prix,Saudi Arabia,2,2023
24,ZHO,Alfa Romeo,12.0,13.0,89.617,89.603,88.485,,26.20240963855422,31.01927710843374,49.903614457831324,1.2349397590361444,264.4096385542169,Saudi Arabian Grand Prix,Saudi Arabia,2,2023
20,MAG,Haas F1 Team,13.0,10.0,89.617,89.603,88.485,,26.20240963855422,31.01927710843374,49.903614457831324,1.2349397590361444,264.4096385542169,Saudi Arabian Grand Prix,Saudi Arabia,2,2023
77,BOT,Alfa Romeo,14.0,18.0,89.617,89.603,88.485,,26.20240963855422,31.01927710843374,49.903614457831324,1.2349397590361444,264.4096385542169,Saudi Arabian Grand Prix,Saudi Arabia,2,2023
1,VER,Red Bull Racing,15.0,2.0,89.617,89.603,88.485,,26.20240963855422,31.01927710843374,49.903614457831324,1.2349397590361444,264.4096385542169,Saudi Arabian Grand Prix,Saudi Arabia,2,2023
22,TSU,AlphaTauri,16.0,11.0,89.617,89.603,88.485,,26.20240963855422,31.01927710843374,49.903614457831324,1.2349397590361444,264.4096385542169,Saudi Arabian Grand Prix,Saudi Arabia,2,2023
23,ALB,Williams,17.0,19.0,89.617,89.603,88.485,,26.20240963855422,31.01927710843374,49.903614457831324,1.2349397590361444,264.4096385542169,Saudi Arabian Grand Prix,Saudi Arabia,2,2023
21,DEV,AlphaTauri,18.0,14.0,89.617,89.603,88.485,,26.20240963855422,31.01927710843374,49.903614457831324,1.2349397590361444,264.4096385542169,Saudi Arabian Grand Prix,Saudi Arabia,2,2023
4,NOR,McLaren,19.0,17.0,89.617,89.603,88.485,,26.20240963855422,31.01927710843374,49.903614457831324,1.2349397590361444,264.4096385542169,Saudi Arabian Grand Prix,Saudi Arabia,2,2023
2,SAR,Williams,20.0,16.0,89.617,89.603,88.485,,26.20240963855422,31.01927710843374,49.903614457831324,1.2349397590361444,264.4096385542169,Saudi Arabian Grand Prix,Saudi Arabia,2,2023
1,VER,Red Bull Racing,1.0,1.0,78.79,78.887,77.565,,15.930487804878046,23.851219512195122,77.36585365853658,1.3231707317073171,143.47560975609755,Australian Grand Prix,Australia,3,2023
63,RUS,Mercedes,2.0,18.0,78.79,78.887,77.565,,15.930487804878046,23.851219512195122,77.36585365853658,1.3231707317073171,143.47560975609755,Australian Grand Prix,Australia,3,2023
44,HAM,Mercedes,3.0,2.0,78.79,78.887,77.565,,15.930487804878046,23.851219512195122,77.36585365853658,1.3231707317073171,143.47560975609755,Australian Grand Prix,Australia,3,2023
14,ALO,Aston Martin,4.0,3.0,78.79,78.887,77.565,,15.930487804878046,23.851219512195122,77.36585365853658,1.3231707317073171,143.47560975609755,Australian Grand Prix,Australia,3,2023
55,SAI,Ferrari,5.0,12.0,78.79,78.887,77.565,,15.930487804878046,23.851219512195122,77.36585365853658,1.3231707317073171,143.47560975609755,Australian Grand Prix,Australia,3,2023
18,STR,Aston Martin,6.0,4.0,78.79,78.887,77.565,,15.930487804878046,23.851219512195122,77.36585365853658,1.3231707317073171,143.47560975609755,Australian Grand Prix,Australia,3,2023
16,LEC,Ferrari,7.0,20.0,78.79,78.887,77.565,,15.930487804878046,23.851219512195122,77.36585365853658,1.3231707317073171,143.47560975609755,Australian Grand Prix,Australia,3,2023
23,ALB,Williams,8.0,19.0,78.79,78.887,77.565,,15.930487804878046,23.851219512195122,77.36585365853658,1.3231707317073171,143.47560975609755,Australian Grand Prix,Australia,3,2023
10,GAS,Alpine,9.0,13.0,78.79,78.887,77.565,,15.930487804878046,23.851219512195122,77.36585365853658,1.3231707317073171,143.47560975609755,Australian Grand Prix,Australia,3,2023
27,HUL,Haas F1 Team,10.0,7.0,78.79,78.887,77.565,,15.930487804878046,23.851219512195122,77.36585365853658,1.3231707317073171,143.47560975609755,Australian Grand Prix,Australia,3,2023
31,OCO,Alpine,11.0,14.0,78.79,78.887,77.565,,15.930487804878046,23.851219512195122,77.36585365853658,1.3231707317073171,143.47560975609755,Australian Grand Prix,Australia,3,2023
22,TSU,AlphaTauri,12.0,10.0,78.79,78.887,77.565,,15.930487804878046,23.851219512195122,77.36585365853658,1.3231707317073171,143.47560975609755,Australian Grand Prix,Australia,3,2023
4,NOR,McLaren,13.0,6.0,78.79,78.887,77.565,,15.930487804878046,23.851219512195122,77.36585365853658,1.3231707317073171,143.47560975609755,Australian Grand Prix,Australia,3,2023
20,MAG,Haas F1 Team,14.0,17.0,78.79,78.887,77.565,,15.930487804878046,23.851219512195122,77.36585365853658,1.3231707317073171,143.47560975609755,Australian Grand Prix,Australia,3,2023
21,DEV,AlphaTauri,15.0,15.0,78.79,78.887,77.565,,15.930487804878046,23.851219512195122,77.36585365853658,1.3231707317073171,143.47560975609755,Australian Grand Prix,Australia,3,2023
81,PIA,McLaren,16.0,8.0,78.79,78.887,77.565,,15.930487804878046,23.851219512195122,77.36585365853658,1.3231707317073171,143.47560975609755,Australian Grand Prix,Australia,3,2023
24,ZHO,Alfa Romeo,17.0,9.0,78.79,78.887,77.565,,15.930487804878046,23.851219512195122,77.36585365853658,1.3231707317073171,143.47560975609755,Australian Grand Prix,Australia,3,2023
2,SAR,Williams,18.0,16.0,78.79,78.887,77.565,,15.930487804878046,23.851219512195122,77.36585365853658,1.3231707317073171,143.47560975609755,Australian Grand Prix,Australia,3,2023
77,BOT,Alfa Romeo,19.0,11.0,78.79,78.887,77.565,,15.930487804878046,23.851219512195122,77.36585365853658,1.3231707317073171,143.47560975609755,Australian Grand Prix,Australia,3,2023
11,PER,Red Bull Racing,20.0,5.0,78.79,78.887,77.565,,15.930487804878046,23.851219512195122,77.36585365853658,1.3231707317073171,143.47560975609755,Australian Grand Prix,Australia,3,2023
16,LEC,Ferrari,1.0,3.0,102.315,,,,20.61566265060241,44.473493975903615,76.33734939759036,1.1518072289156627,227.81927710843374,Azerbaijan Grand Prix,Azerbaijan,4,2023
1,VER,Red Bull Racing,2.0,2.0,102.315,,,,20.61566265060241,44.473493975903615,76.33734939759036,1.1518072289156627,227.81927710843374,Azerbaijan Grand Prix,Azerbaijan,4,2023
11,PER,Red Bull Racing,3.0,1.0,102.315,,,,20.61566265060241,44.473493975903615,76.33734939759036,1.1518072289156627,227.81927710843374,Azerbaijan Grand Prix,Azerbaijan,4,2023
55,SAI,Ferrari,4.0,5.0,102.315,,,,20.61566265060241,44.473493975903615,76.33734939759036,1.1518072289156627,227.81927710843374,Azerbaijan Grand Prix,Azerbaijan,4,2023
44,HAM,Mercedes,5.0,6.0,102.315,,,,20.61566265060241,44.473493975903615,76.33734939759036,1.1518072289156627,227.81927710843374,Azerbaijan Grand Prix,Azerbaijan,4,2023
14,ALO,Aston Martin,6.0,4.0,102.315,,,,20.61566265060241,44.473493975903615,76.33734939759036,1.1518072289156627,227.81927710843374,Azerbaijan Grand Prix,Azerbaijan,4,2023
4,NOR,McLaren,7.0,9.0,102.315,,,,20.61566265060241,44.473493975903615,76.33734939759036,1.1518072289156627,227.81927710843374,Azerbaijan Grand Prix,Azerbaijan,4,2023
22,TSU,AlphaTauri,8.0,10.0,102.315,,,,20.61566265060241,44.473493975903615,76.33734939759036,1.1518072289156627,227.81927710843374,Azerbaijan Grand Prix,Azerbaijan,4,2023
18,STR,Aston Martin,9.0,7.0,102.315,,,,20.61566265060241,44.473493975903615,76.33734939759036,1.1518072289156627,227.81927710843374,Azerbaijan Grand Prix,Azerbaijan,4,2023
81,PIA,McLaren,10.0,11.0,102.315,,,,20.61566265060241,44.473493975903615,76.33734939759036,1.1518072289156627,227.81927710843374,Azerbaijan Grand Prix,Azerbaijan,4,2023
63,RUS,Mercedes,11.0,8.0,102.315,,,,20.61566265060241,44.473493975903615,76.33734939759036,1.1518072289156627,227.81927710843374,Azerbaijan Grand Prix,Azerbaijan,4,2023
31,OCO,Alpine,12.0,15.0,102.315,,,,20.61566265060241,44.473493975903615,76.33734939759036,1.1518072289156627,227.81927710843374,Azerbaijan Grand Prix,Azerbaijan,4,2023
23,ALB,Williams,13.0,12.0,102.315,,,,20.61566265060241,44.473493975903615,76.33734939759036,1.1518072289156627,227.81927710843374,Azerbaijan Grand Prix,Azerbaijan,4,2023
77,BOT,Alfa Romeo,14.0,18.0,102.315,,,,20.61566265060241,44.473493975903615,76.33734939759036,1.1518072289156627,227.81927710843374,Azerbaijan Grand Prix,Azerbaijan,4,2023
2,SAR,Williams,15.0,16.0,102.315,,,,20.61566265060241,44.473493975903615,76.33734939759036,1.1518072289156627,227.81927710843374,Azerbaijan Grand Prix,Azerbaijan,4,2023
24,ZHO,Alfa Romeo,16.0,19.0,102.315,,,,20.61566265060241,44.473493975903615,76.33734939759036,1.1518072289156627,227.81927710843374,Azerbaijan Grand Prix,Azerbaijan,4,2023
27,HUL,Haas F1 Team,17.0,17.0,102.315,,,,20.61566265060241,44.473493975903615,76.33734939759036,1.1518072289156627,227.81927710843374,Azerbaijan Grand Prix,Azerbaijan,4,2023
20,MAG,Haas F1 Team,18.0,13.0,102.315,,,,20.61566265060241,44.473493975903615,76.33734939759036,1.1518072289156627,227.81927710843374,Azerbaijan Grand Prix,Azerbaijan,4,2023
10,GAS,Alpine,19.0,14.0,102.315,,,,20.61566265060241,44.473493975903615,76.33734939759036,1.1518072289156627,227.81927710843374,Azerbaijan Grand Prix,Azerbaijan,4,2023
21,DEV,AlphaTauri,20.0,20.0,102.315,,,,20.61566265060241,44.473493975903615,76.33734939759036,1.1518072289156627,227.81927710843374,Azerbaijan Grand Prix,Azerbaijan,4,2023
11,PER,Red Bull Racing,1.0,2.0,90.125,87.93,87.535,,28.097560975609756,38.775609756097566,55.573170731707314,3.1256097560975604,137.23170731707316,Miami Grand Prix,United States,5,2023
14,ALO,Aston Martin,2.0,3.0,90.125,87.93,87.535,,28.097560975609756,38.775609756097566,55.573170731707314,3.1256097560975604,137.23170731707316,Miami Grand Prix,United States,5,2023
55,SAI,Ferrari,3.0,5.0,90.125,87.93,87.535,,28.097560975609756,38.775609756097566,55.573170731707314,3.1256097560975604,137.23170731707316,Miami Grand Prix,United States,5,2023
20,MAG,Haas F1 Team,4.0,10.0,90.125,87.93,87.535,,28.097560975609756,38.775609756097566,55.573170731707314,3.1256097560975604,137.23170731707316,Miami Grand Prix,United States,5,2023
10,GAS,Alpine,5.0,8.0,90.125,87.93,87.535,,28.097560975609756,38.775609756097566,55.573170731707314,3.1256097560975604,137.23170731707316,Miami Grand Prix,United States,5,2023
63,RUS,Mercedes,6.0,4.0,90.125,87.93,87.535,,28.097560975609756,38.775609756097566,55.573170731707314,3.1256097560975604,137.23170731707316,Miami Grand Prix,United States,5,2023
16,LEC,Ferrari,7.0,7.0,90.125,87.93,87.535,,28.097560975609756,38.775609756097566,55.573170731707314,3.1256097560975604,137.23170731707316,Miami Grand Prix,United States,5,2023
31,OCO,Alpine,8.0,9.0,90.125,87.93,87.535,,28.097560975609756,38.775609756097566,55.573170731707314,3.1256097560975604,137.23170731707316,Miami Grand Prix,United States,5,2023
1,VER,Red Bull Racing,9.0,1.0,90.125,87.93,87.535,,28.097560975609756,38.775609756097566,55.573170731707314,3.1256097560975604,137.23170731707316,Miami Grand Prix,United States,5,2023
77,BOT,Alfa Romeo,10.0,13.0,90.125,87.93,87.535,,28.097560975609756,38.775609756097566,55.573170731707314,3.1256097560975604,137.23170731707316,Miami Grand Prix,United States,5,2023
23,ALB,Williams,11.0,14.0,90.125,87.93,87.535,,28.097560975609756,38.775609756097566,55.573170731707314,3.1256097560975604,137.23170731707316,Miami Grand Prix,United States,5,2023
27,HUL,Haas F1 Team,12.0,15.0,90.125,87.93,87.535,,28.097560975609756,38.775609756097566,55.573170731707314,3.1256097560975604,137.23170731707316,Miami Grand Prix,United States,5,2023
44,HAM,Mercedes,13.0,6.0,90.125,87.93,87.535,,28.097560975609756,38.775609756097566,55.573170731707314,3.1256097560975604,137.23170731707316,Miami Grand Prix,United States,5,2023
24,ZHO,Alfa Romeo,14.0,16.0,90.125,87.93,87.535,,28.097560975609756,38.775609756097566,55.573170731707314,3.1256097560975604,137.23170731707316,Miami Grand Prix,United States,5,2023
21,DEV,AlphaTauri,15.0,18.0,90.125,87.93,87.535,,28.097560975609756,38.775609756097566,55.573170731707314,3.1256097560975604,137.23170731707316,Miami Grand Prix,United States,5,2023
4,NOR,McLaren,16.0,17.0,90.125,87.93,87.535,,28.097560975609756,38.775609756097566,55.573170731707314,3.1256097560975604,137.23170731707316,Miami Grand Prix,United States,5,2023
22,TSU,AlphaTauri,17.0,11.0,90.125,87.93,87.535,,28.097560975609756,38.775609756097566,55.573170731707314,3.1256097560975604,137.23170731707316,Miami Grand Prix,United States,5,2023
18,STR,Aston Martin,18.0,12.0,90.125,87.93,87.535,,28.097560975609756,38.775609756097566,55.573170731707314,3.1256097560975604,137.23170731707316,Miami Grand Prix,United States,5,2023
81,PIA,McLaren,19.0,19.0,90.125,87.93,87.535,,28.097560975609756,38.775609756097566,55.573170731707314,3.1256097560975604,137.23170731707316,Miami Grand Prix,United States,5,2023
2,SAR,Williams,20.0,20.0,90.125,87.93,87.535,,28.097560975609756,38.775609756097566,55.573170731707314,3.1256097560975604,137.23170731707316,Miami Grand Prix,United States,5,2023
1,VER,Red Bull Racing,1.0,1.0,73.372,72.462,72.776,,26.8716049382716,43.02962962962963,32.41975308641975,0.9382716049382716,192.34567901234567,Monaco Grand Prix,Monaco,6,2023
14,ALO,Aston Martin,2.0,2.0,73.372,72.462,72.776,,26.8716049382716,43.02962962962963,32.41975308641975,0.9382716049382716,192.34567901234567,Monaco Grand Prix,Monaco,6,2023
16,LEC,Ferrari,3.0,6.0,73.372,72.462,72.776,,26.8716049382716,43.02962962962963,32.41975308641975,0.9382716049382716,192.34567901234567,Monaco Grand Prix,Monaco,6,2023
31,OCO,Alpine,4.0,3.0,73.372,72.462,72.776,,26.8716049382716,43.02962962962963,32.41975308641975,0.9382716049382716,192.34567901234567,Monaco Grand Prix,Monaco,6,2023
55,SAI,Ferrari,5.0,8.0,73.372,72.462,72.776,,26.8716049382716,43.02962962962963,32.41975308641975,0.9382716049382716,192.34567901234567,Monaco Grand Prix,Monaco,6,2023
44,HAM,Mercedes,6.0,4.0,73.372,72.462,72.776,,26.8716049382716,43.02962962962963,32.41975308641975,0.9382716049382716,192.34567901234567,Monaco Grand Prix,Monaco,6,2023
10,GAS,Alpine,7.0,7.0,73.372,72.462,72.776,,26.8716049382716,43.02962962962963,32.41975308641975,0.9382716049382716,192.34567901234567,Monaco Grand Prix,Monaco,6,2023
63,RUS,Mercedes,8.0,5.0,73.372,72.462,72.776,,26.8716049382716,43.02962962962963,32.41975308641975,0.9382716049382716,192.34567901234567,Monaco Grand Prix,Monaco,6,2023
22,TSU,AlphaTauri,9.0,15.0,73.372,72.462,72.776,,26.8716049382716,43.02962962962963,32.41975308641975,0.9382716049382716,192.34567901234567,Monaco Grand Prix,Monaco,6,2023
4,NOR,McLaren,10.0,9.0,73.372,72.462,72.776,,26.8716049382716,43.02962962962963,32.41975308641975,0.9382716049382716,192.34567901234567,Monaco Grand Prix,Monaco,6,2023
81,PIA,McLaren,11.0,10.0,73.372,72.462,72.776,,26.8716049382716,43.02962962962963,32.41975308641975,0.9382716049382716,192.34567901234567,Monaco Grand Prix,Monaco,6,2023
21,DEV,AlphaTauri,12.0,12.0,73.372,72.462,72.776,,26.8716049382716,43.02962962962963,32.41975308641975,0.9382716049382716,192.34567901234567,Monaco Grand Prix,Monaco,6,2023
23,ALB,Williams,13.0,14.0,73.372,72.462,72.776,,26.8716049382716,43.02962962962963,32.41975308641975,0.9382716049382716,192.34567901234567,Monaco Grand Prix,Monaco,6,2023
18,STR,Aston Martin,14.0,20.0,73.372,72.462,72.776,,26.8716049382716,43.02962962962963,32.41975308641975,0.9382716049382716,192.34567901234567,Monaco Grand Prix,Monaco,6,2023
77,BOT,Alfa Romeo,15.0,11.0,73.372,72.462,72.776,,26.8716049382716,43.02962962962963,32.41975308641975,0.9382716049382716,192.34567901234567,Monaco Grand Prix,Monaco,6,2023
2,SAR,Williams,16.0,18.0,73.372,72.462,72.776,,26.8716049382716,43.02962962962963,32.41975308641975,0.9382716049382716,192.34567901234567,Monaco Grand Prix,Monaco,6,2023
20,MAG,Haas F1 Team,17.0,19.0,73.372,72.462,72.776,,26.8716049382716,43.02962962962963,32.41975308641975,0.9382716049382716,192.34567901234567,Monaco Grand Prix,Monaco,6,2023
27,HUL,Haas F1 Team,18.0,17.0,73.372,72.462,72.776,,26.8716049382716,43.02962962962963,32.41975308641975,0.9382716049382716,192.34567901234567,Monaco Grand Prix,Monaco,6,2023
24,ZHO,Alfa Romeo,19.0,13.0,73.372,72.462,72.776,,26.8716049382716,43.02962962962963,32.41975308641975,0.9382716049382716,192.34567901234567,Monaco Grand Prix,Monaco,6,2023
11,PER,Red Bull Racing,20.0,16.0,73.372,72.462,72.776,,26.8716049382716,43.02962962962963,32.41975308641975,0.9382716049382716,192.34567901234567,Monaco Grand Prix,Monaco,6,2023
1,VER,Red Bull Racing,1.0,1.0,74.606,73.907,73.664,,23.347560975609753,34.31463414634146,55.390243902439025,1.4121951219512194,171.91463414634146,Spanish Grand Prix,Spain,7,2023
55,SAI,Ferrari,2.0,5.0,74.606,73.907,73.664,,23.347560975609753,34.31463414634146,55.390243902439025,1.4121951219512194,171.91463414634146,Spanish Grand Prix,Spain,7,2023
4,NOR,McLaren,3.0,17.0,74.606,73.907,73.664,,23.347560975609753,34.31463414634146,55.390243902439025,1.4121951219512194,171.91463414634146,Spanish Grand Prix,Spain,7,2023
10,GAS,Alpine,4.0,10.0,74.606,73.907,73.664,,23.347560975609753,34.31463414634146,55.390243902439025,1.4121951219512194,171.91463414634146,Spanish Grand Prix,Spain,7,2023
44,HAM,Mercedes,5.0,2.0,74.606,73.907,73.664,,23.347560975609753,34.31463414634146,55.390243902439025,1.4121951219512194,171.91463414634146,Spanish Grand Prix,Spain,7,2023
18,STR,Aston Martin,6.0,6.0,74.606,73.907,73.664,,23.347560975609753,34.31463414634146,55.390243902439025,1.4121951219512194,171.91463414634146,Spanish Grand Prix,Spain,7,2023
31,OCO,Alpine,7.0,8.0,74.606,73.907,73.664,,23.347560975609753,34.31463414634146,55.390243902439025,1.4121951219512194,171.91463414634146,Spanish Grand Prix,Spain,7,2023
27,HUL,Haas F1 Team,8.0,15.0,74.606,73.907,73.664,,23.347560975609753,34.31463414634146,55.390243902439025,1.4121951219512194,171.91463414634146,Spanish Grand Prix,Spain,7,2023
14,ALO,Aston Martin,9.0,7.0,74.606,73.907,73.664,,23.347560975609753,34.31463414634146,55.390243902439025,1.4121951219512194,171.91463414634146,Spanish Grand Prix,Spain,7,2023
81,PIA,McLaren,10.0,13.0,74.606,73.907,73.664,,23.347560975609753,34.31463414634146,55.390243902439025,1.4121951219512194,171.91463414634146,Spanish Grand Prix,Spain,7,2023
11,PER,Red Bull Racing,11.0,4.0,74.606,73.907,73.664,,23.347560975609753,34.31463414634146,55.390243902439025,1.4121951219512194,171.91463414634146,Spanish Grand Prix,Spain,7,2023
63,RUS,Mercedes,12.0,3.0,74.606,73.907,73.664,,23.347560975609753,34.31463414634146,55.390243902439025,1.4121951219512194,171.91463414634146,Spanish Grand Prix,Spain,7,2023
24,ZHO,Alfa Romeo,13.0,9.0,74.606,73.907,73.664,,23.347560975609753,34.31463414634146,55.390243902439025,1.4121951219512194,171.91463414634146,Spanish Grand Prix,Spain,7,2023
21,DEV,AlphaTauri,14.0,14.0,74.606,73.907,73.664,,23.347560975609753,34.31463414634146,55.390243902439025,1.4121951219512194,171.91463414634146,Spanish Grand Prix,Spain,7,2023
22,TSU,AlphaTauri,15.0,12.0,74.606,73.907,73.664,,23.347560975609753,34.31463414634146,55.390243902439025,1.4121951219512194,171.91463414634146,Spanish Grand Prix,Spain,7,2023
77,BOT,Alfa Romeo,16.0,19.0,74.606,73.907,73.664,,23.347560975609753,34.31463414634146,55.390243902439025,1.4121951219512194,171.91463414634146,Spanish Grand Prix,Spain,7,2023
20,MAG,Haas F1 Team,17.0,18.0,74.606,73.907,73.664,,23.347560975609753,34.31463414634146,55.390243902439025,1.4121951219512194,171.91463414634146,Spanish Grand Prix,Spain,7,2023
23,ALB,Williams,18.0,16.0,74.606,73.907,73.664,,23.347560975609753,34.31463414634146,55.390243902439025,1.4121951219512194,171.91463414634146,Spanish Grand Prix,Spain,7,2023
16,LEC,Ferrari,19.0,11.0,74.606,73.907,73.664,,23.347560975609753,34.31463414634146,55.390243902439025,1.4121951219512194,171.91463414634146,Spanish Grand Prix,Spain,7,2023
2,SAR,Williams,20.0,20.0,74.606,73.907,73.664,,23.347560975609753,34.31463414634146,55.390243902439025,1.4121951219512194,171.91463414634146,Spanish Grand Prix,Spain,7,2023
1,VER,Red Bull Racing,1.0,1.0,78.728,73.718,83.106,,22.639252336448596,34.8214953271028,57.94392523364486,1.0485981308411214,204.49532710280374,Canadian Grand Prix,Canada,8,2023
27,HUL,Haas F1 Team,2.0,15.0,78.728,73.718,83.106,,22.639252336448596,34.8214953271028,57.94392523364486,1.0485981308411214,204.49532710280374,Canadian Grand Prix,Canada,8,2023
14,ALO,Aston Martin,3.0,2.0,78.728,73.718,83.106,,22.639252336448596,34.8214953271028,57.94392523364486,1.0485981308411214,204.49532710280374,Canadian Grand Prix,Canada,8,2023
44,HAM,Mercedes,4.0,3.0,78.728,73.718,83.106,,22.639252336448596,34.8214953271028,57.94392523364486,1.0485981308411214,204.49532710280374,Canadian Grand Prix,Canada,8,2023
63,RUS,Mercedes,5.0,19.0,78.728,73.718,83.106,,22.639252336448596,34.8214953271028,57.94392523364486,1.0485981308411214,204.49532710280374,Canadian Grand Prix,Canada,8,2023
31,OCO,Alpine,6.0,8.0,78.728,73.718,83.106,,22.639252336448596,34.8214953271028,57.94392523364486,1.0485981308411214,204.49532710280374,Canadian Grand Prix,Canada,8,2023
4,NOR,McLaren,7.0,13.0,78.728,73.718,83.106,,22.639252336448596,34.8214953271028,57.94392523364486,1.0485981308411214,204.49532710280374,Canadian Grand Prix,Canada,8,2023
55,SAI,Ferrari,8.0,5.0,78.728,73.718,83.106,,22.639252336448596,34.8214953271028,57.94392523364486,1.0485981308411214,204.49532710280374,Canadian Grand Prix,Canada,8,2023
81,PIA,McLaren,9.0,11.0,78.728,73.718,83.106,,22.639252336448596,34.8214953271028,57.94392523364486,1.0485981308411214,204.49532710280374,Canadian Grand Prix,Canada,8,2023
23,ALB,Williams,10.0,7.0,78.728,73.718,83.106,,22.639252336448596,34.8214953271028,57.94392523364486,1.0485981308411214,204.49532710280374,Canadian Grand Prix,Canada,8,2023
16,LEC,Ferrari,11.0,4.0,78.728,73.718,83.106,,22.639252336448596,34.8214953271028,57.94392523364486,1.0485981308411214,204.49532710280374,Canadian Grand Prix,Canada,8,2023
11,PER,Red Bull Racing,12.0,6.0,78.728,73.718,83.106,,22.639252336448596,34.8214953271028,57.94392523364486,1.0485981308411214,204.49532710280374,Canadian Grand Prix,Canada,8,2023
18,STR,Aston Martin,13.0,9.0,78.728,73.718,83.106,,22.639252336448596,34.8214953271028,57.94392523364486,1.0485981308411214,204.49532710280374,Canadian Grand Prix,Canada,8,2023
20,MAG,Haas F1 Team,14.0,17.0,78.728,73.718,83.106,,22.639252336448596,34.8214953271028,57.94392523364486,1.0485981308411214,204.49532710280374,Canadian Grand Prix,Canada,8,2023
77,BOT,Alfa Romeo,15.0,10.0,78.728,73.718,83.106,,22.639252336448596,34.8214953271028,57.94392523364486,1.0485981308411214,204.49532710280374,Canadian Grand Prix,Canada,8,2023
22,TSU,AlphaTauri,16.0,14.0,78.728,73.718,83.106,,22.639252336448596,34.8214953271028,57.94392523364486,1.0485981308411214,204.49532710280374,Canadian Grand Prix,Canada,8,2023
10,GAS,Alpine,17.0,12.0,78.728,73.718,83.106,,22.639252336448596,34.8214953271028,57.94392523364486,1.0485981308411214,204.49532710280374,Canadian Grand Prix,Canada,8,2023
21,DEV,AlphaTauri,18.0,18.0,78.728,73.718,83.106,,22.639252336448596,34.8214953271028,57.94392523364486,1.0485981308411214,204.49532710280374,Canadian Grand Prix,Canada,8,2023
2,SAR,Williams,19.0,20.0,78.728,73.718,83.106,,22.639252336448596,34.8214953271028,57.94392523364486,1.0485981308411214,204.49532710280374,Canadian Grand Prix,Canada,8,2023
24,ZHO,Alfa Romeo,20.0,16.0,78.728,73.718,83.106,,22.639252336448596,34.8214953271028,57.94392523364486,1.0485981308411214,204.49532710280374,Canadian Grand Prix,Canada,8,2023
1,VER,Red Bull Racing,1.0,1.0,65.742,,,,27.88095238095238,47.19523809523809,35.05952380952381,1.1726190476190474,125.6547619047619,Austrian Grand Prix,Austria,9,2023
16,LEC,Ferrari,2.0,2.0,65.742,,,,27.88095238095238,47.19523809523809,35.05952380952381,1.1726190476190474,125.6547619047619,Austrian Grand Prix,Austria,9,2023
55,SAI,Ferrari,3.0,6.0,65.742,,,,27.88095238095238,47.19523809523809,35.05952380952381,1.1726190476190474,125.6547619047619,Austrian Grand Prix,Austria,9,2023
4,NOR,McLaren,4.0,4.0,65.742,,,,27.88095238095238,47.19523809523809,35.05952380952381,1.1726190476190474,125.6547619047619,Austrian Grand Prix,Austria,9,2023
44,HAM,Mercedes,5.0,8.0,65.742,,,,27.88095238095238,47.19523809523809,35.05952380952381,1.1726190476190474,125.6547619047619,Austrian Grand Prix,Austria,9,2023
18,STR,Aston Martin,6.0,9.0,65.742,,,,27.88095238095238,47.19523809523809,35.05952380952381,1.1726190476190474,125.6547619047619,Austrian Grand Prix,Austria,9,2023
14,ALO,Aston Martin,7.0,5.0,65.742,,,,27.88095238095238,47.19523809523809,35.05952380952381,1.1726190476190474,125.6547619047619,Austrian Grand Prix,Austria,9,2023
27,HUL,Haas F1 Team,8.0,20.0,65.742,,,,27.88095238095238,47.19523809523809,35.05952380952381,1.1726190476190474,125.6547619047619,Austrian Grand Prix,Austria,9,2023
10,GAS,Alpine,9.0,10.0,65.742,,,,27.88095238095238,47.19523809523809,35.05952380952381,1.1726190476190474,125.6547619047619,Austrian Grand Prix,Austria,9,2023
23,ALB,Williams,10.0,11.0,65.742,,,,27.88095238095238,47.19523809523809,35.05952380952381,1.1726190476190474,125.6547619047619,Austrian Grand Prix,Austria,9,2023
63,RUS,Mercedes,11.0,7.0,65.742,,,,27.88095238095238,47.19523809523809,35.05952380952381,1.1726190476190474,125.6547619047619,Austrian Grand Prix,Austria,9,2023
31,OCO,Alpine,12.0,14.0,65.742,,,,27.88095238095238,47.19523809523809,35.05952380952381,1.1726190476190474,125.6547619047619,Austrian Grand Prix,Austria,9,2023
81,PIA,McLaren,13.0,16.0,65.742,,,,27.88095238095238,47.19523809523809,35.05952380952381,1.1726190476190474,125.6547619047619,Austrian Grand Prix,Austria,9,2023
77,BOT,Alfa Romeo,14.0,15.0,65.742,,,,27.88095238095238,47.19523809523809,35.05952380952381,1.1726190476190474,125.6547619047619,Austrian Grand Prix,Austria,9,2023
11,PER,Red Bull Racing,15.0,3.0,65.742,,,,27.88095238095238,47.19523809523809,35.05952380952381,1.1726190476190474,125.6547619047619,Austrian Grand Prix,Austria,9,2023
22,TSU,AlphaTauri,16.0,19.0,65.742,,,,27.88095238095238,47.19523809523809,35.05952380952381,1.1726190476190474,125.6547619047619,Austrian Grand Prix,Austria,9,2023
24,ZHO,Alfa Romeo,17.0,12.0,65.742,,,,27.88095238095238,47.19523809523809,35.05952380952381,1.1726190476190474,125.6547619047619,Austrian Grand Prix,Austria,9,2023
2,SAR,Williams,18.0,13.0,65.742,,,,27.88095238095238,47.19523809523809,35.05952380952381,1.1726190476190474,125.6547619047619,Austrian Grand Prix,Austria,9,2023
20,MAG,Haas F1 Team,19.0,18.0,65.742,,,,27.88095238095238,47.19523809523809,35.05952380952381,1.1726190476190474,125.6547619047619,Austrian Grand Prix,Austria,9,2023
21,DEV,AlphaTauri,20.0,17.0,65.742,,,,27.88095238095238,47.19523809523809,35.05952380952381,1.1726190476190474,125.6547619047619,Austrian Grand Prix,Austria,9,2023
1,VER,Red Bull Racing,1.0,1.0,88.6,88.078,87.419,,26.72625,39.2425,35.45,2.23875,237.925,British Grand Prix,Great Britain,10,2023
4,NOR,McLaren,2.0,2.0,88.6,88.078,87.419,,26.72625,39.2425,35.45,2.23875,237.925,British Grand Prix,Great Britain,10,2023
81,PIA,McLaren,3.0,4.0,88.6,88.078,87.419,,26.72625,39.2425,35.45,2.23875,237.925,British Grand Prix,Great Britain,10,2023
16,LEC,Ferrari,4.0,9.0,88.6,88.078,87.419,,26.72625,39.2425,35.45,2.23875,237.925,British Grand Prix,Great Britain,10,2023
55,SAI,Ferrari,5.0,10.0,88.6,88.078,87.419,,26.72625,39.2425,35.45,2.23875,237.925,British Grand Prix,Great Britain,10,2023
63,RUS,Mercedes,6.0,5.0,88.6,88.078,87.419,,26.72625,39.2425,35.45,2.23875,237.925,British Grand Prix,Great Britain,10,2023
44,HAM,Mercedes,7.0,3.0,88.6,88.078,87.419,,26.72625,39.2425,35.45,2.23875,237.925,British Grand Prix,Great Britain,10,2023
23,ALB,Williams,8.0,8.0,88.6,88.078,87.419,,26.72625,39.2425,35.45,2.23875,237.925,British Grand Prix,Great Britain,10,2023
14,ALO,Aston Martin,9.0,7.0,88.6,88.078,87.419,,26.72625,39.2425,35.45,2.23875,237.925,British Grand Prix,Great Britain,10,2023
10,GAS,Alpine,10.0,18.0,88.6,88.078,87.419,,26.72625,39.2425,35.45,2.23875,237.925,British Grand Prix,Great Britain,10,2023
27,HUL,Haas F1 Team,11.0,13.0,88.6,88.078,87.419,,26.72625,39.2425,35.45,2.23875,237.925,British Grand Prix,Great Britain,10,2023
18,STR,Aston Martin,12.0,14.0,88.6,88.078,87.419,,26.72625,39.2425,35.45,2.23875,237.925,British Grand Prix,Great Britain,10,2023
31,OCO,Alpine,13.0,20.0,88.6,88.078,87.419,,26.72625,39.2425,35.45,2.23875,237.925,British Grand Prix,Great Britain,10,2023
2,SAR,Williams,14.0,11.0,88.6,88.078,87.419,,26.72625,39.2425,35.45,2.23875,237.925,British Grand Prix,Great Britain,10,2023
77,BOT,Alfa Romeo,15.0,12.0,88.6,88.078,87.419,,26.72625,39.2425,35.45,2.23875,237.925,British Grand Prix,Great Britain,10,2023
11,PER,Red Bull Racing,15.0,6.0,88.6,88.078,87.419,,26.72625,39.2425,35.45,2.23875,237.925,British Grand Prix,Great Britain,10,2023
22,TSU,AlphaTauri,16.0,16.0,88.6,88.078,87.419,,26.72625,39.2425,35.45,2.23875,237.925,British Grand Prix,Great Britain,10,2023
24,ZHO,Alfa Romeo,17.0,15.0,88.6,88.078,87.419,,26.72625,39.2425,35.45,2.23875,237.925,British Grand Prix,Great Britain,10,2023
21,DEV,AlphaTauri,18.0,17.0,88.6,88.078,87.419,,26.72625,39.2425,35.45,2.23875,237.925,British Grand Prix,Great Britain,10,2023
20,MAG,Haas F1 Team,19.0,19.0,88.6,88.078,87.419,,26.72625,39.2425,35.45,2.23875,237.925,British Grand Prix,Great Britain,10,2023
44,HAM,Mercedes,1.0,4.0,98.795,77.686,77.811,,23.128048780487806,32.87317073170732,50.329268292682926,1.5097560975609756,161.9390243902439,Hungarian Grand Prix,Hungary,11,2023
1,VER,Red Bull Racing,2.0,1.0,98.795,77.686,77.811,,23.128048780487806,32.87317073170732,50.329268292682926,1.5097560975609756,161.9390243902439,Hungarian Grand Prix,Hungary,11,2023
4,NOR,McLaren,3.0,2.0,98.795,77.686,77.811,,23.128048780487806,32.87317073170732,50.329268292682926,1.5097560975609756,161.9390243902439,Hungarian Grand Prix,Hungary,11,2023
81,PIA,McLaren,4.0,5.0,98.795,77.686,77.811,,23.128048780487806,32.87317073170732,50.329268292682926,1.5097560975609756,161.9390243902439,Hungarian Grand Prix,Hungary,11,2023
24,ZHO,Alfa Romeo,5.0,16.0,98.795,77.686,77.811,,23.128048780487806,32.87317073170732,50.329268292682926,1.5097560975609756,161.9390243902439,Hungarian Grand Prix,Hungary,11,2023
16,LEC,Ferrari,6.0,7.0,98.795,77.686,77.811,,23.128048780487806,32.87317073170732,50.329268292682926,1.5097560975609756,161.9390243902439,Hungarian Grand Prix,Hungary,11,2023
77,BOT,Alfa Romeo,7.0,12.0,98.795,77.686,77.811,,23.128048780487806,32.87317073170732,50.329268292682926,1.5097560975609756,161.9390243902439,Hungarian Grand Prix,Hungary,11,2023
14,ALO,Aston Martin,8.0,9.0,98.795,77.686,77.811,,23.128048780487806,32.87317073170732,50.329268292682926,1.5097560975609756,161.9390243902439,Hungarian Grand Prix,Hungary,11,2023
11,PER,Red Bull Racing,9.0,3.0,98.795,77.686,77.811,,23.128048780487806,32.87317073170732,50.329268292682926,1.5097560975609756,161.9390243902439,Hungarian Grand Prix,Hungary,11,2023
27,HUL,Haas F1 Team,10.0,14.0,98.795,77.686,77.811,,23.128048780487806,32.87317073170732,50.329268292682926,1.5097560975609756,161.9390243902439,Hungarian Grand Prix,Hungary,11,2023
55,SAI,Ferrari,11.0,8.0,98.795,77.686,77.811,,23.128048780487806,32.87317073170732,50.329268292682926,1.5097560975609756,161.9390243902439,Hungarian Grand Prix,Hungary,11,2023
31,OCO,Alpine,12.0,19.0,98.795,77.686,77.811,,23.128048780487806,32.87317073170732,50.329268292682926,1.5097560975609756,161.9390243902439,Hungarian Grand Prix,Hungary,11,2023
3,RIC,AlphaTauri,13.0,13.0,98.795,77.686,77.811,,23.128048780487806,32.87317073170732,50.329268292682926,1.5097560975609756,161.9390243902439,Hungarian Grand Prix,Hungary,11,2023
18,STR,Aston Martin,14.0,10.0,98.795,77.686,77.811,,23.128048780487806,32.87317073170732,50.329268292682926,1.5097560975609756,161.9390243902439,Hungarian Grand Prix,Hungary,11,2023
10,GAS,Alpine,15.0,20.0,98.795,77.686,77.811,,23.128048780487806,32.87317073170732,50.329268292682926,1.5097560975609756,161.9390243902439,Hungarian Grand Prix,Hungary,11,2023
23,ALB,Williams,16.0,11.0,98.795,77.686,77.811,,23.128048780487806,32.87317073170732,50.329268292682926,1.5097560975609756,161.9390243902439,Hungarian Grand Prix,Hungary,11,2023
22,TSU,AlphaTauri,17.0,15.0,98.795,77.686,77.811,,23.128048780487806,32.87317073170732,50.329268292682926,1.5097560975609756,161.9390243902439,Hungarian Grand Prix,Hungary,11,2023
63,RUS,Mercedes,18.0,6.0,98.795,77.686,77.811,,23.128048780487806,32.87317073170732,50.329268292682926,1.5097560975609756,161.9390243902439,Hungarian Grand Prix,Hungary,11,2023
20,MAG,Haas F1 Team,19.0,17.0,98.795,77.686,77.811,,23.128048780487806,32.87317073170732,50.329268292682926,1.5097560975609756,161.9390243902439,Hungarian Grand Prix,Hungary,11,2023
2,SAR,Williams,20.0,18.0,98.795,77.686,77.811,,23.128048780487806,32.87317073170732,50.329268292682926,1.5097560975609756,161.9390243902439,Hungarian Grand Prix,Hungary,11,2023
1,VER,Red Bull Racing,1.0,1.0,123.207,,,,17.986363636363638,22.075,93.88636363636364,1.1670454545454545,142.5340909090909,Belgian Grand Prix,Belgium,12,2023
16,LEC,Ferrari,2.0,3.0,123.207,,,,17.986363636363638,22.075,93.88636363636364,1.1670454545454545,142.5340909090909,Belgian Grand Prix,Belgium,12,2023
11,PER,Red Bull Racing,3.0,2.0,123.207,,,,17.986363636363638,22.075,93.88636363636364,1.1670454545454545,142.5340909090909,Belgian Grand Prix,Belgium,12,2023
44,HAM,Mercedes,4.0,4.0,123.207,,,,17.986363636363638,22.075,93.88636363636364,1.1670454545454545,142.5340909090909,Belgian Grand Prix,Belgium,12,2023
55,SAI,Ferrari,5.0,19.0,123.207,,,,17.986363636363638,22.075,93.88636363636364,1.1670454545454545,142.5340909090909,Belgian Grand Prix,Belgium,12,2023
81,PIA,McLaren,6.0,20.0,123.207,,,,17.986363636363638,22.075,93.88636363636364,1.1670454545454545,142.5340909090909,Belgian Grand Prix,Belgium,12,2023
4,NOR,McLaren,7.0,7.0,123.207,,,,17.986363636363638,22.075,93.88636363636364,1.1670454545454545,142.5340909090909,Belgian Grand Prix,Belgium,12,2023
63,RUS,Mercedes,8.0,6.0,123.207,,,,17.986363636363638,22.075,93.88636363636364,1.1670454545454545,142.5340909090909,Belgian Grand Prix,Belgium,12,2023
14,ALO,Aston Martin,9.0,5.0,123.207,,,,17.986363636363638,22.075,93.88636363636364,1.1670454545454545,142.5340909090909,Belgian Grand Prix,Belgium,12,2023
18,STR,Aston Martin,10.0,9.0,123.207,,,,17.986363636363638,22.075,93.88636363636364,1.1670454545454545,142.5340909090909,Belgian Grand Prix,Belgium,12,2023
22,TSU,AlphaTauri,11.0,10.0,123.207,,,,17.986363636363638,22.075,93.88636363636364,1.1670454545454545,142.5340909090909,Belgian Grand Prix,Belgium,12,2023
10,GAS,Alpine,12.0,11.0,123.207,,,,17.986363636363638,22.075,93.88636363636364,1.1670454545454545,142.5340909090909,Belgian Grand Prix,Belgium,12,2023
20,MAG,Haas F1 Team,13.0,15.0,123.207,,,,17.986363636363638,22.075,93.88636363636364,1.1670454545454545,142.5340909090909,Belgian Grand Prix,Belgium,12,2023
77,BOT,Alfa Romeo,14.0,12.0,123.207,,,,17.986363636363638,22.075,93.88636363636364,1.1670454545454545,142.5340909090909,Belgian Grand Prix,Belgium,12,2023
31,OCO,Alpine,15.0,8.0,123.207,,,,17.986363636363638,22.075,93.88636363636364,1.1670454545454545,142.5340909090909,Belgian Grand Prix,Belgium,12,2023
23,ALB,Williams,16.0,14.0,123.207,,,,17.986363636363638,22.075,93.88636363636364,1.1670454545454545,142.5340909090909,Belgian Grand Prix,Belgium,12,2023
24,ZHO,Alfa Romeo,17.0,13.0,123.207,,,,17.986363636363638,22.075,93.88636363636364,1.1670454545454545,142.5340909090909,Belgian Grand Prix,Belgium,12,2023
2,SAR,Williams,18.0,17.0,123.207,,,,17.986363636363638,22.075,93.88636363636364,1.1670454545454545,142.5340909090909,Belgian Grand Prix,Belgium,12,2023
3,RIC,AlphaTauri,19.0,16.0,123.207,,,,17.986363636363638,22.075,93.88636363636364,1.1670454545454545,142.5340909090909,Belgian Grand Prix,Belgium,12,2023
27,HUL,Haas F1 Team,20.0,18.0,123.207,,,,17.986363636363638,22.075,93.88636363636364,1.1670454545454545,142.5340909090909,Belgian Grand Prix,Belgium,12,2023
1,VER,Red Bull Racing,1.0,1.0,71.852,71.33,81.631,,20.04814814814815,32.91481481481481,71.77777777777777,1.3864197530864197,68.61728395061728,Dutch Grand Prix,Netherlands,13,2023
4,NOR,McLaren,2.0,7.0,71.852,71.33,81.631,,20.04814814814815,32.91481481481481,71.77777777777777,1.3864197530864197,68.61728395061728,Dutch Grand Prix,Netherlands,13,2023
63,RUS,Mercedes,3.0,17.0,71.852,71.33,81.631,,20.04814814814815,32.91481481481481,71.77777777777777,1.3864197530864197,68.61728395061728,Dutch Grand Prix,Netherlands,13,2023
23,ALB,Williams,4.0,8.0,71.852,71.33,81.631,,20.04814814814815,32.91481481481481,71.77777777777777,1.3864197530864197,68.61728395061728,Dutch Grand Prix,Netherlands,13,2023
14,ALO,Aston Martin,5.0,2.0,71.852,71.33,81.631,,20.04814814814815,32.91481481481481,71.77777777777777,1.3864197530864197,68.61728395061728,Dutch Grand Prix,Netherlands,13,2023
55,SAI,Ferrari,6.0,5.0,71.852,71.33,81.631,,20.04814814814815,32.91481481481481,71.77777777777777,1.3864197530864197,68.61728395061728,Dutch Grand Prix,Netherlands,13,2023
11,PER,Red Bull Racing,7.0,4.0,71.852,71.33,81.631,,20.04814814814815,32.91481481481481,71.77777777777777,1.3864197530864197,68.61728395061728,Dutch Grand Prix,Netherlands,13,2023
81,PIA,McLaren,8.0,9.0,71.852,71.33,81.631,,20.04814814814815,32.91481481481481,71.77777777777777,1.3864197530864197,68.61728395061728,Dutch Grand Prix,Netherlands,13,2023
16,LEC,Ferrari,9.0,19.0,71.852,71.33,81.631,,20.04814814814815,32.91481481481481,71.77777777777777,1.3864197530864197,68.61728395061728,Dutch Grand Prix,Netherlands,13,2023
2,SAR,Williams,10.0,20.0,71.852,71.33,81.631,,20.04814814814815,32.91481481481481,71.77777777777777,1.3864197530864197,68.61728395061728,Dutch Grand Prix,Netherlands,13,2023
18,STR,Aston Martin,11.0,11.0,71.852,71.33,81.631,,20.04814814814815,32.91481481481481,71.77777777777777,1.3864197530864197,68.61728395061728,Dutch Grand Prix,Netherlands,13,2023
10,GAS,Alpine,12.0,3.0,71.852,71.33,81.631,,20.04814814814815,32.91481481481481,71.77777777777777,1.3864197530864197,68.61728395061728,Dutch Grand Prix,Netherlands,13,2023
44,HAM,Mercedes,13.0,6.0,71.852,71.33,81.631,,20.04814814814815,32.91481481481481,71.77777777777777,1.3864197530864197,68.61728395061728,Dutch Grand Prix,Netherlands,13,2023
22,TSU,AlphaTauri,14.0,15.0,71.852,71.33,81.631,,20.04814814814815,32.91481481481481,71.77777777777777,1.3864197530864197,68.61728395061728,Dutch Grand Prix,Netherlands,13,2023
27,HUL,Haas F1 Team,15.0,12.0,71.852,71.33,81.631,,20.04814814814815,32.91481481481481,71.77777777777777,1.3864197530864197,68.61728395061728,Dutch Grand Prix,Netherlands,13,2023
24,ZHO,Alfa Romeo,16.0,18.0,71.852,71.33,81.631,,20.04814814814815,32.91481481481481,71.77777777777777,1.3864197530864197,68.61728395061728,Dutch Grand Prix,Netherlands,13,2023
31,OCO,Alpine,17.0,10.0,71.852,71.33,81.631,,20.04814814814815,32.91481481481481,71.77777777777777,1.3864197530864197,68.61728395061728,Dutch Grand Prix,Netherlands,13,2023
20,MAG,Haas F1 Team,18.0,16.0,71.852,71.33,81.631,,20.04814814814815,32.91481481481481,71.77777777777777,1.3864197530864197,68.61728395061728,Dutch Grand Prix,Netherlands,13,2023
77,BOT,Alfa Romeo,19.0,14.0,71.852,71.33,81.631,,20.04814814814815,32.91481481481481,71.77777777777777,1.3864197530864197,68.61728395061728,Dutch Grand Prix,Netherlands,13,2023
40,LAW,AlphaTauri,20.0,13.0,71.852,71.33,81.631,,20.04814814814815,32.91481481481481,71.77777777777777,1.3864197530864197,68.61728395061728,Dutch Grand Prix,Netherlands,13,2023
55,SAI,Ferrari,1.0,3.0,82.657,81.355,80.912,,26.932926829268286,36.432926829268304,43.890243902439025,1.1317073170731706,156.58536585365854,Italian Grand Prix,Italy,14,2023
1,VER,Red Bull Racing,2.0,1.0,82.657,81.355,80.912,,26.932926829268286,36.432926829268304,43.890243902439025,1.1317073170731706,156.58536585365854,Italian Grand Prix,Italy,14,2023
16,LEC,Ferrari,3.0,4.0,82.657,81.355,80.912,,26.932926829268286,36.432926829268304,43.890243902439025,1.1317073170731706,156.58536585365854,Italian Grand Prix,Italy,14,2023
63,RUS,Mercedes,4.0,5.0,82.657,81.355,80.912,,26.932926829268286,36.432926829268304,43.890243902439025,1.1317073170731706,156.58536585365854,Italian Grand Prix,Italy,14,2023
11,PER,Red Bull Racing,5.0,2.0,82.657,81.355,80.912,,26.932926829268286,36.432926829268304,43.890243902439025,1.1317073170731706,156.58536585365854,Italian Grand Prix,Italy,14,2023
23,ALB,Williams,6.0,7.0,82.657,81.355,80.912,,26.932926829268286,36.432926829268304,43.890243902439025,1.1317073170731706,156.58536585365854,Italian Grand Prix,Italy,14,2023
81,PIA,McLaren,7.0,12.0,82.657,81.355,80.912,,26.932926829268286,36.432926829268304,43.890243902439025,1.1317073170731706,156.58536585365854,Italian Grand Prix,Italy,14,2023
44,HAM,Mercedes,8.0,6.0,82.657,81.355,80.912,,26.932926829268286,36.432926829268304,43.890243902439025,1.1317073170731706,156.58536585365854,Italian Grand Prix,Italy,14,2023
4,NOR,McLaren,9.0,8.0,82.657,81.355,80.912,,26.932926829268286,36.432926829268304,43.890243902439025,1.1317073170731706,156.58536585365854,Italian Grand Prix,Italy,14,2023
14,ALO,Aston Martin,10.0,9.0,82.657,81.355,80.912,,26.932926829268286,36.432926829268304,43.890243902439025,1.1317073170731706,156.58536585365854,Italian Grand Prix,Italy,14,2023
22,TSU,AlphaTauri,11.0,20.0,82.657,81.355,80.912,,26.932926829268286,36.432926829268304,43.890243902439025,1.1317073170731706,156.58536585365854,Italian Grand Prix,Italy,14,2023
40,LAW,AlphaTauri,12.0,11.0,82.657,81.355,80.912,,26.932926829268286,36.432926829268304,43.890243902439025,1.1317073170731706,156.58536585365854,Italian Grand Prix,Italy,14,2023
27,HUL,Haas F1 Team,13.0,17.0,82.657,81.355,80.912,,26.932926829268286,36.432926829268304,43.890243902439025,1.1317073170731706,156.58536585365854,Italian Grand Prix,Italy,14,2023
77,BOT,Alfa Romeo,14.0,10.0,82.657,81.355,80.912,,26.932926829268286,36.432926829268304,43.890243902439025,1.1317073170731706,156.58536585365854,Italian Grand Prix,Italy,14,2023
2,SAR,Williams,15.0,13.0,82.657,81.355,80.912,,26.932926829268286,36.432926829268304,43.890243902439025,1.1317073170731706,156.58536585365854,Italian Grand Prix,Italy,14,2023
24,ZHO,Alfa Romeo,16.0,14.0,82.657,81.355,80.912,,26.932926829268286,36.432926829268304,43.890243902439025,1.1317073170731706,156.58536585365854,Italian Grand Prix,Italy,14,2023
10,GAS,Alpine,17.0,15.0,82.657,81.355,80.912,,26.932926829268286,36.432926829268304,43.890243902439025,1.1317073170731706,156.58536585365854,Italian Grand Prix,Italy,14,2023
31,OCO,Alpine,18.0,19.0,82.657,81.355,80.912,,26.932926829268286,36.432926829268304,43.890243902439025,1.1317073170731706,156.58536585365854,Italian Grand Prix,Italy,14,2023
20,MAG,Haas F1 Team,19.0,18.0,82.657,81.355,80.912,,26.932926829268286,36.432926829268304,43.890243902439025,1.1317073170731706,156.58536585365854,Italian Grand Prix,Italy,14,2023
18,STR,Aston Martin,20.0,16.0,82.657,81.355,80.912,,26.932926829268286,36.432926829268304,43.890243902439025,1.1317073170731706,156.58536585365854,Italian Grand Prix,Italy,14,2023
55,SAI,Ferrari,1.0,1.0,93.35,92.12,92.065,,30.030120481927707,36.63975903614458,71.03614457831326,1.3385542168674698,177.78313253012047,Singapore Grand Prix,Singapore,15,2023
63,RUS,Mercedes,2.0,16.0,93.35,92.12,92.065,,30.030120481927707,36.63975903614458,71.03614457831326,1.3385542168674698,177.78313253012047,Singapore Grand Prix,Singapore,15,2023
16,LEC,Ferrari,3.0,4.0,93.35,92.12,92.065,,30.030120481927707,36.63975903614458,71.03614457831326,1.3385542168674698,177.78313253012047,Singapore Grand Prix,Singapore,15,2023
4,NOR,McLaren,4.0,2.0,93.35,92.12,92.065,,30.030120481927707,36.63975903614458,71.03614457831326,1.3385542168674698,177.78313253012047,Singapore Grand Prix,Singapore,15,2023
44,HAM,Mercedes,5.0,3.0,93.35,92.12,92.065,,30.030120481927707,36.63975903614458,71.03614457831326,1.3385542168674698,177.78313253012047,Singapore Grand Prix,Singapore,15,2023
20,MAG,Haas F1 Team,6.0,10.0,93.35,92.12,92.065,,30.030120481927707,36.63975903614458,71.03614457831326,1.3385542168674698,177.78313253012047,Singapore Grand Prix,Singapore,15,2023
14,ALO,Aston Martin,7.0,15.0,93.35,92.12,92.065,,30.030120481927707,36.63975903614458,71.03614457831326,1.3385542168674698,177.78313253012047,Singapore Grand Prix,Singapore,15,2023
31,OCO,Alpine,8.0,18.0,93.35,92.12,92.065,,30.030120481927707,36.63975903614458,71.03614457831326,1.3385542168674698,177.78313253012047,Singapore Grand Prix,Singapore,15,2023
27,HUL,Haas F1 Team,9.0,13.0,93.35,92.12,92.065,,30.030120481927707,36.63975903614458,71.03614457831326,1.3385542168674698,177.78313253012047,Singapore Grand Prix,Singapore,15,2023
40,LAW,AlphaTauri,10.0,9.0,93.35,92.12,92.065,,30.030120481927707,36.63975903614458,71.03614457831326,1.3385542168674698,177.78313253012047,Singapore Grand Prix,Singapore,15,2023
1,VER,Red Bull Racing,11.0,5.0,93.35,92.12,92.065,,30.030120481927707,36.63975903614458,71.03614457831326,1.3385542168674698,177.78313253012047,Singapore Grand Prix,Singapore,15,2023
10,GAS,Alpine,12.0,6.0,93.35,92.12,92.065,,30.030120481927707,36.63975903614458,71.03614457831326,1.3385542168674698,177.78313253012047,Singapore Grand Prix,Singapore,15,2023
11,PER,Red Bull Racing,13.0,8.0,93.35,92.12,92.065,,30.030120481927707,36.63975903614458,71.03614457831326,1.3385542168674698,177.78313253012047,Singapore Grand Prix,Singapore,15,2023
23,ALB,Williams,14.0,11.0,93.35,92.12,92.065,,30.030120481927707,36.63975903614458,71.03614457831326,1.3385542168674698,177.78313253012047,Singapore Grand Prix,Singapore,15,2023
22,TSU,AlphaTauri,15.0,19.0,93.35,92.12,92.065,,30.030120481927707,36.63975903614458,71.03614457831326,1.3385542168674698,177.78313253012047,Singapore Grand Prix,Singapore,15,2023
77,BOT,Alfa Romeo,16.0,17.0,93.35,92.12,92.065,,30.030120481927707,36.63975903614458,71.03614457831326,1.3385542168674698,177.78313253012047,Singapore Grand Prix,Singapore,15,2023
81,PIA,McLaren,17.0,7.0,93.35,92.12,92.065,,30.030120481927707,36.63975903614458,71.03614457831326,1.3385542168674698,177.78313253012047,Singapore Grand Prix,Singapore,15,2023
2,SAR,Williams,18.0,14.0,93.35,92.12,92.065,,30.030120481927707,36.63975903614458,71.03614457831326,1.3385542168674698,177.78313253012047,Singapore Grand Prix,Singapore,15,2023
24,ZHO,Alfa Romeo,19.0,12.0,93.35,92.12,92.065,,30.030120481927707,36.63975903614458,71.03614457831326,1.3385542168674698,177.78313253012047,Singapore Grand Prix,Singapore,15,2023
18,STR,Aston Martin,20.0,,93.35,92.12,92.065,,30.030120481927707,36.63975903614458,71.03614457831326,1.3385542168674698,177.78313253012047,Singapore Grand Prix,Singapore,15,2023
1,VER,Red Bull Racing,1.0,1.0,91.647,90.688,90.267,,28.163157894736838,38.551315789473676,64.0,2.7197368421052626,285.0921052631579,Japanese Grand Prix,Japan,16,2023
81,PIA,McLaren,2.0,3.0,91.647,90.688,90.267,,28.163157894736838,38.551315789473676,64.0,2.7197368421052626,285.0921052631579,Japanese Grand Prix,Japan,16,2023
4,NOR,McLaren,3.0,2.0,91.647,90.688,90.267,,28.163157894736838,38.551315789473676,64.0,2.7197368421052626,285.0921052631579,Japanese Grand Prix,Japan,16,2023
16,LEC,Ferrari,4.0,4.0,91.647,90.688,90.267,,28.163157894736838,38.551315789473676,64.0,2.7197368421052626,285.0921052631579,Japanese Grand Prix,Japan,16,2023
11,PER,Red Bull Racing,5.0,19.0,91.647,90.688,90.267,,28.163157894736838,38.551315789473676,64.0,2.7197368421052626,285.0921052631579,Japanese Grand Prix,Japan,16,2023
55,SAI,Ferrari,6.0,6.0,91.647,90.688,90.267,,28.163157894736838,38.551315789473676,64.0,2.7197368421052626,285.0921052631579,Japanese Grand Prix,Japan,16,2023
44,HAM,Mercedes,7.0,5.0,91.647,90.688,90.267,,28.163157894736838,38.551315789473676,64.0,2.7197368421052626,285.0921052631579,Japanese Grand Prix,Japan,16,2023
63,RUS,Mercedes,8.0,7.0,91.647,90.688,90.267,,28.163157894736838,38.551315789473676,64.0,2.7197368421052626,285.0921052631579,Japanese Grand Prix,Japan,16,2023
22,TSU,AlphaTauri,9.0,12.0,91.647,90.688,90.267,,28.163157894736838,38.551315789473676,64.0,2.7197368421052626,285.0921052631579,Japanese Grand Prix,Japan,16,2023
14,ALO,Aston Martin,10.0,8.0,91.647,90.688,90.267,,28.163157894736838,38.551315789473676,64.0,2.7197368421052626,285.0921052631579,Japanese Grand Prix,Japan,16,2023
40,LAW,AlphaTauri,11.0,11.0,91.647,90.688,90.267,,28.163157894736838,38.551315789473676,64.0,2.7197368421052626,285.0921052631579,Japanese Grand Prix,Japan,16,2023
10,GAS,Alpine,12.0,10.0,91.647,90.688,90.267,,28.163157894736838,38.551315789473676,64.0,2.7197368421052626,285.0921052631579,Japanese Grand Prix,Japan,16,2023
23,ALB,Williams,13.0,16.0,91.647,90.688,90.267,,28.163157894736838,38.551315789473676,64.0,2.7197368421052626,285.0921052631579,Japanese Grand Prix,Japan,16,2023
31,OCO,Alpine,14.0,9.0,91.647,90.688,90.267,,28.163157894736838,38.551315789473676,64.0,2.7197368421052626,285.0921052631579,Japanese Grand Prix,Japan,16,2023
20,MAG,Haas F1 Team,15.0,15.0,91.647,90.688,90.267,,28.163157894736838,38.551315789473676,64.0,2.7197368421052626,285.0921052631579,Japanese Grand Prix,Japan,16,2023
77,BOT,Alfa Romeo,16.0,20.0,91.647,90.688,90.267,,28.163157894736838,38.551315789473676,64.0,2.7197368421052626,285.0921052631579,Japanese Grand Prix,Japan,16,2023
18,STR,Aston Martin,17.0,18.0,91.647,90.688,90.267,,28.163157894736838,38.551315789473676,64.0,2.7197368421052626,285.0921052631579,Japanese Grand Prix,Japan,16,2023
27,HUL,Haas F1 Team,18.0,14.0,91.647,90.688,90.267,,28.163157894736838,38.551315789473676,64.0,2.7197368421052626,285.0921052631579,Japanese Grand Prix,Japan,16,2023
24,ZHO,Alfa Romeo,19.0,13.0,91.647,90.688,90.267,,28.163157894736838,38.551315789473676,64.0,2.7197368421052626,285.0921052631579,Japanese Grand Prix,Japan,16,2023
2,SAR,Williams,20.0,17.0,91.647,90.688,90.267,,28.163157894736838,38.551315789473676,64.0,2.7197368421052626,285.0921052631579,Japanese Grand Prix,Japan,16,2023
1,VER,Red Bull Racing,1.0,1.0,87.428,,,,34.59634146341463,39.8780487804878,34.31707317073171,4.691463414634146,322.7926829268293,Qatar Grand Prix,Qatar,17,2023
63,RUS,Mercedes,2.0,4.0,87.428,,,,34.59634146341463,39.8780487804878,34.31707317073171,4.691463414634146,322.7926829268293,Qatar Grand Prix,Qatar,17,2023
44,HAM,Mercedes,3.0,19.0,87.428,,,,34.59634146341463,39.8780487804878,34.31707317073171,4.691463414634146,322.7926829268293,Qatar Grand Prix,Qatar,17,2023
14,ALO,Aston Martin,4.0,6.0,87.428,,,,34.59634146341463,39.8780487804878,34.31707317073171,4.691463414634146,322.7926829268293,Qatar Grand Prix,Qatar,17,2023
16,LEC,Ferrari,5.0,5.0,87.428,,,,34.59634146341463,39.8780487804878,34.31707317073171,4.691463414634146,322.7926829268293,Qatar Grand Prix,Qatar,17,2023
81,PIA,McLaren,6.0,2.0,87.428,,,,34.59634146341463,39.8780487804878,34.31707317073171,4.691463414634146,322.7926829268293,Qatar Grand Prix,Qatar,17,2023
10,GAS,Alpine,7.0,12.0,87.428,,,,34.59634146341463,39.8780487804878,34.31707317073171,4.691463414634146,322.7926829268293,Qatar Grand Prix,Qatar,17,2023
31,OCO,Alpine,8.0,7.0,87.428,,,,34.59634146341463,39.8780487804878,34.31707317073171,4.691463414634146,322.7926829268293,Qatar Grand Prix,Qatar,17,2023
77,BOT,Alfa Romeo,9.0,8.0,87.428,,,,34.59634146341463,39.8780487804878,34.31707317073171,4.691463414634146,322.7926829268293,Qatar Grand Prix,Qatar,17,2023
4,NOR,McLaren,10.0,3.0,87.428,,,,34.59634146341463,39.8780487804878,34.31707317073171,4.691463414634146,322.7926829268293,Qatar Grand Prix,Qatar,17,2023
22,TSU,AlphaTauri,11.0,15.0,87.428,,,,34.59634146341463,39.8780487804878,34.31707317073171,4.691463414634146,322.7926829268293,Qatar Grand Prix,Qatar,17,2023
55,SAI,Ferrari,12.0,20.0,87.428,,,,34.59634146341463,39.8780487804878,34.31707317073171,4.691463414634146,322.7926829268293,Qatar Grand Prix,Qatar,17,2023
11,PER,Red Bull Racing,13.0,10.0,87.428,,,,34.59634146341463,39.8780487804878,34.31707317073171,4.691463414634146,322.7926829268293,Qatar Grand Prix,Qatar,17,2023
23,ALB,Williams,14.0,13.0,87.428,,,,34.59634146341463,39.8780487804878,34.31707317073171,4.691463414634146,322.7926829268293,Qatar Grand Prix,Qatar,17,2023
27,HUL,Haas F1 Team,15.0,16.0,87.428,,,,34.59634146341463,39.8780487804878,34.31707317073171,4.691463414634146,322.7926829268293,Qatar Grand Prix,Qatar,17,2023
2,SAR,Williams,16.0,18.0,87.428,,,,34.59634146341463,39.8780487804878,34.31707317073171,4.691463414634146,322.7926829268293,Qatar Grand Prix,Qatar,17,2023
18,STR,Aston Martin,17.0,11.0,87.428,,,,34.59634146341463,39.8780487804878,34.31707317073171,4.691463414634146,322.7926829268293,Qatar Grand Prix,Qatar,17,2023
40,LAW,AlphaTauri,18.0,17.0,87.428,,,,34.59634146341463,39.8780487804878,34.31707317073171,4.691463414634146,322.7926829268293,Qatar Grand Prix,Qatar,17,2023
20,MAG,Haas F1 Team,19.0,14.0,87.428,,,,34.59634146341463,39.8780487804878,34.31707317073171,4.691463414634146,322.7926829268293,Qatar Grand Prix,Qatar,17,2023
24,ZHO,Alfa Romeo,20.0,9.0,87.428,,,,34.59634146341463,39.8780487804878,34.31707317073171,4.691463414634146,322.7926829268293,Qatar Grand Prix,Qatar,17,2023
16,LEC,Ferrari,1.0,20.0,95.912,,,,32.94024390243902,39.40731707317073,15.731707317073171,1.553658536585366,270.6341463414634,United States Grand Prix,United States,18,2023
4,NOR,McLaren,2.0,2.0,95.912,,,,32.94024390243902,39.40731707317073,15.731707317073171,1.553658536585366,270.6341463414634,United States Grand Prix,United States,18,2023
44,HAM,Mercedes,3.0,19.0,95.912,,,,32.94024390243902,39.40731707317073,15.731707317073171,1.553658536585366,270.6341463414634,United States Grand Prix,United States,18,2023
55,SAI,Ferrari,4.0,3.0,95.912,,,,32.94024390243902,39.40731707317073,15.731707317073171,1.553658536585366,270.6341463414634,United States Grand Prix,United States,18,2023
63,RUS,Mercedes,5.0,5.0,95.912,,,,32.94024390243902,39.40731707317073,15.731707317073171,1.553658536585366,270.6341463414634,United States Grand Prix,United States,18,2023
1,VER,Red Bull Racing,6.0,1.0,95.912,,,,32.94024390243902,39.40731707317073,15.731707317073171,1.553658536585366,270.6341463414634,United States Grand Prix,United States,18,2023
10,GAS,Alpine,7.0,6.0,95.912,,,,32.94024390243902,39.40731707317073,15.731707317073171,1.553658536585366,270.6341463414634,United States Grand Prix,United States,18,2023
31,OCO,Alpine,8.0,18.0,95.912,,,,32.94024390243902,39.40731707317073,15.731707317073171,1.553658536585366,270.6341463414634,United States Grand Prix,United States,18,2023
11,PER,Red Bull Racing,9.0,4.0,95.912,,,,32.94024390243902,39.40731707317073,15.731707317073171,1.553658536585366,270.6341463414634,United States Grand Prix,United States,18,2023
81,PIA,McLaren,10.0,17.0,95.912,,,,32.94024390243902,39.40731707317073,15.731707317073171,1.553658536585366,270.6341463414634,United States Grand Prix,United States,18,2023
22,TSU,AlphaTauri,11.0,8.0,95.912,,,,32.94024390243902,39.40731707317073,15.731707317073171,1.553658536585366,270.6341463414634,United States Grand Prix,United States,18,2023
24,ZHO,Alfa Romeo,12.0,13.0,95.912,,,,32.94024390243902,39.40731707317073,15.731707317073171,1.553658536585366,270.6341463414634,United States Grand Prix,United States,18,2023
77,BOT,Alfa Romeo,13.0,12.0,95.912,,,,32.94024390243902,39.40731707317073,15.731707317073171,1.553658536585366,270.6341463414634,United States Grand Prix,United States,18,2023
20,MAG,Haas F1 Team,14.0,14.0,95.912,,,,32.94024390243902,39.40731707317073,15.731707317073171,1.553658536585366,270.6341463414634,United States Grand Prix,United States,18,2023
3,RIC,AlphaTauri,15.0,15.0,95.912,,,,32.94024390243902,39.40731707317073,15.731707317073171,1.553658536585366,270.6341463414634,United States Grand Prix,United States,18,2023
27,HUL,Haas F1 Team,16.0,11.0,95.912,,,,32.94024390243902,39.40731707317073,15.731707317073171,1.553658536585366,270.6341463414634,United States Grand Prix,United States,18,2023
14,ALO,Aston Martin,17.0,16.0,95.912,,,,32.94024390243902,39.40731707317073,15.731707317073171,1.553658536585366,270.6341463414634,United States Grand Prix,United States,18,2023
23,ALB,Williams,18.0,9.0,95.912,,,,32.94024390243902,39.40731707317073,15.731707317073171,1.553658536585366,270.6341463414634,United States Grand Prix,United States,18,2023
18,STR,Aston Martin,19.0,7.0,95.912,,,,32.94024390243902,39.40731707317073,15.731707317073171,1.553658536585366,270.6341463414634,United States Grand Prix,United States,18,2023
2,SAR,Williams,20.0,10.0,95.912,,,,32.94024390243902,39.40731707317073,15.731707317073171,1.553658536585366,270.6341463414634,United States Grand Prix,United States,18,2023
16,LEC,Ferrari,1.0,3.0,79.718,78.686,77.887,,25.264197530864195,35.34074074074074,35.4320987654321,1.6975308641975309,208.25925925925927,Mexico City Grand Prix,Mexico,19,2023
55,SAI,Ferrari,2.0,4.0,79.718,78.686,77.887,,25.264197530864195,35.34074074074074,35.4320987654321,1.6975308641975309,208.25925925925927,Mexico City Grand Prix,Mexico,19,2023
1,VER,Red Bull Racing,3.0,1.0,79.718,78.686,77.887,,25.264197530864195,35.34074074074074,35.4320987654321,1.6975308641975309,208.25925925925927,Mexico City Grand Prix,Mexico,19,2023
3,RIC,AlphaTauri,4.0,7.0,79.718,78.686,77.887,,25.264197530864195,35.34074074074074,35.4320987654321,1.6975308641975309,208.25925925925927,Mexico City Grand Prix,Mexico,19,2023
11,PER,Red Bull Racing,5.0,20.0,79.718,78.686,77.887,,25.264197530864195,35.34074074074074,35.4320987654321,1.6975308641975309,208.25925925925927,Mexico City Grand Prix,Mexico,19,2023
44,HAM,Mercedes,6.0,2.0,79.718,78.686,77.887,,25.264197530864195,35.34074074074074,35.4320987654321,1.6975308641975309,208.25925925925927,Mexico City Grand Prix,Mexico,19,2023
81,PIA,McLaren,7.0,8.0,79.718,78.686,77.887,,25.264197530864195,35.34074074074074,35.4320987654321,1.6975308641975309,208.25925925925927,Mexico City Grand Prix,Mexico,19,2023
63,RUS,Mercedes,8.0,6.0,79.718,78.686,77.887,,25.264197530864195,35.34074074074074,35.4320987654321,1.6975308641975309,208.25925925925927,Mexico City Grand Prix,Mexico,19,2023
77,BOT,Alfa Romeo,9.0,15.0,79.718,78.686,77.887,,25.264197530864195,35.34074074074074,35.4320987654321,1.6975308641975309,208.25925925925927,Mexico City Grand Prix,Mexico,19,2023
24,ZHO,Alfa Romeo,10.0,14.0,79.718,78.686,77.887,,25.264197530864195,35.34074074074074,35.4320987654321,1.6975308641975309,208.25925925925927,Mexico City Grand Prix,Mexico,19,2023
10,GAS,Alpine,11.0,11.0,79.718,78.686,77.887,,25.264197530864195,35.34074074074074,35.4320987654321,1.6975308641975309,208.25925925925927,Mexico City Grand Prix,Mexico,19,2023
27,HUL,Haas F1 Team,12.0,13.0,79.718,78.686,77.887,,25.264197530864195,35.34074074074074,35.4320987654321,1.6975308641975309,208.25925925925927,Mexico City Grand Prix,Mexico,19,2023
14,ALO,Aston Martin,13.0,18.0,79.718,78.686,77.887,,25.264197530864195,35.34074074074074,35.4320987654321,1.6975308641975309,208.25925925925927,Mexico City Grand Prix,Mexico,19,2023
23,ALB,Williams,14.0,9.0,79.718,78.686,77.887,,25.264197530864195,35.34074074074074,35.4320987654321,1.6975308641975309,208.25925925925927,Mexico City Grand Prix,Mexico,19,2023
22,TSU,AlphaTauri,15.0,12.0,79.718,78.686,77.887,,25.264197530864195,35.34074074074074,35.4320987654321,1.6975308641975309,208.25925925925927,Mexico City Grand Prix,Mexico,19,2023
31,OCO,Alpine,16.0,10.0,79.718,78.686,77.887,,25.264197530864195,35.34074074074074,35.4320987654321,1.6975308641975309,208.25925925925927,Mexico City Grand Prix,Mexico,19,2023
20,MAG,Haas F1 Team,17.0,19.0,79.718,78.686,77.887,,25.264197530864195,35.34074074074074,35.4320987654321,1.6975308641975309,208.25925925925927,Mexico City Grand Prix,Mexico,19,2023
18,STR,Aston Martin,18.0,17.0,79.718,78.686,77.887,,25.264197530864195,35.34074074074074,35.4320987654321,1.6975308641975309,208.25925925925927,Mexico City Grand Prix,Mexico,19,2023
4,NOR,McLaren,19.0,5.0,79.718,78.686,77.887,,25.264197530864195,35.34074074074074,35.4320987654321,1.6975308641975309,208.25925925925927,Mexico City Grand Prix,Mexico,19,2023
2,SAR,Williams,20.0,16.0,79.718,78.686,77.887,,25.264197530864195,35.34074074074074,35.4320987654321,1.6975308641975309,208.25925925925927,Mexico City Grand Prix,Mexico,19,2023
1,VER,Red Bull Racing,1.0,1.0,71.732,,,,30.30375,43.4375,51.325,3.2962499999999997,34.45,São Paulo Grand Prix,Brazil,20,2023
16,LEC,Ferrari,2.0,20.0,71.732,,,,30.30375,43.4375,51.325,3.2962499999999997,34.45,São Paulo Grand Prix,Brazil,20,2023
18,STR,Aston Martin,3.0,5.0,71.732,,,,30.30375,43.4375,51.325,3.2962499999999997,34.45,São Paulo Grand Prix,Brazil,20,2023
14,ALO,Aston Martin,4.0,3.0,71.732,,,,30.30375,43.4375,51.325,3.2962499999999997,34.45,São Paulo Grand Prix,Brazil,20,2023
44,HAM,Mercedes,5.0,8.0,71.732,,,,30.30375,43.4375,51.325,3.2962499999999997,34.45,São Paulo Grand Prix,Brazil,20,2023
63,RUS,Mercedes,6.0,15.0,71.732,,,,30.30375,43.4375,51.325,3.2962499999999997,34.45,São Paulo Grand Prix,Brazil,20,2023
4,NOR,McLaren,7.0,2.0,71.732,,,,30.30375,43.4375,51.325,3.2962499999999997,34.45,São Paulo Grand Prix,Brazil,20,2023
55,SAI,Ferrari,8.0,6.0,71.732,,,,30.30375,43.4375,51.325,3.2962499999999997,34.45,São Paulo Grand Prix,Brazil,20,2023
11,PER,Red Bull Racing,9.0,4.0,71.732,,,,30.30375,43.4375,51.325,3.2962499999999997,34.45,São Paulo Grand Prix,Brazil,20,2023
81,PIA,McLaren,10.0,14.0,71.732,,,,30.30375,43.4375,51.325,3.2962499999999997,34.45,São Paulo Grand Prix,Brazil,20,2023
27,HUL,Haas F1 Team,11.0,12.0,71.732,,,,30.30375,43.4375,51.325,3.2962499999999997,34.45,São Paulo Grand Prix,Brazil,20,2023
31,OCO,Alpine,12.0,10.0,71.732,,,,30.30375,43.4375,51.325,3.2962499999999997,34.45,São Paulo Grand Prix,Brazil,20,2023
10,GAS,Alpine,13.0,7.0,71.732,,,,30.30375,43.4375,51.325,3.2962499999999997,34.45,São Paulo Grand Prix,Brazil,20,2023
20,MAG,Haas F1 Team,14.0,18.0,71.732,,,,30.30375,43.4375,51.325,3.2962499999999997,34.45,São Paulo Grand Prix,Brazil,20,2023
23,ALB,Williams,15.0,19.0,71.732,,,,30.30375,43.4375,51.325,3.2962499999999997,34.45,São Paulo Grand Prix,Brazil,20,2023
22,TSU,AlphaTauri,16.0,9.0,71.732,,,,30.30375,43.4375,51.325,3.2962499999999997,34.45,São Paulo Grand Prix,Brazil,20,2023
3,RIC,AlphaTauri,17.0,13.0,71.732,,,,30.30375,43.4375,51.325,3.2962499999999997,34.45,São Paulo Grand Prix,Brazil,20,2023
77,BOT,Alfa Romeo,18.0,16.0,71.732,,,,30.30375,43.4375,51.325,3.2962499999999997,34.45,São Paulo Grand Prix,Brazil,20,2023
2,SAR,Williams,19.0,11.0,71.732,,,,30.30375,43.4375,51.325,3.2962499999999997,34.45,São Paulo Grand Prix,Brazil,20,2023
24,ZHO,Alfa Romeo,20.0,17.0,71.732,,,,30.30375,43.4375,51.325,3.2962499999999997,34.45,São Paulo Grand Prix,Brazil,20,2023
16,LEC,Ferrari,1.0,2.0,100.909,95.265,94.093,,13.820979020979024,15.1993006993007,73.74125874125875,0.7762237762237763,138.30769230769232,Las Vegas Grand Prix,United States,21,2023
55,SAI,Ferrari,2.0,6.0,100.909,95.265,94.093,,13.820979020979024,15.1993006993007,73.74125874125875,0.7762237762237763,138.30769230769232,Las Vegas Grand Prix,United States,21,2023
1,VER,Red Bull Racing,3.0,1.0,100.909,95.265,94.093,,13.820979020979024,15.1993006993007,73.74125874125875,0.7762237762237763,138.30769230769232,Las Vegas Grand Prix,United States,21,2023
63,RUS,Mercedes,4.0,8.0,100.909,95.265,94.093,,13.820979020979024,15.1993006993007,73.74125874125875,0.7762237762237763,138.30769230769232,Las Vegas Grand Prix,United States,21,2023
10,GAS,Alpine,5.0,11.0,100.909,95.265,94.093,,13.820979020979024,15.1993006993007,73.74125874125875,0.7762237762237763,138.30769230769232,Las Vegas Grand Prix,United States,21,2023
23,ALB,Williams,6.0,12.0,100.909,95.265,94.093,,13.820979020979024,15.1993006993007,73.74125874125875,0.7762237762237763,138.30769230769232,Las Vegas Grand Prix,United States,21,2023
2,SAR,Williams,7.0,16.0,100.909,95.265,94.093,,13.820979020979024,15.1993006993007,73.74125874125875,0.7762237762237763,138.30769230769232,Las Vegas Grand Prix,United States,21,2023
77,BOT,Alfa Romeo,8.0,17.0,100.909,95.265,94.093,,13.820979020979024,15.1993006993007,73.74125874125875,0.7762237762237763,138.30769230769232,Las Vegas Grand Prix,United States,21,2023
20,MAG,Haas F1 Team,9.0,13.0,100.909,95.265,94.093,,13.820979020979024,15.1993006993007,73.74125874125875,0.7762237762237763,138.30769230769232,Las Vegas Grand Prix,United States,21,2023
14,ALO,Aston Martin,10.0,9.0,100.909,95.265,94.093,,13.820979020979024,15.1993006993007,73.74125874125875,0.7762237762237763,138.30769230769232,Las Vegas Grand Prix,United States,21,2023
44,HAM,Mercedes,11.0,7.0,100.909,95.265,94.093,,13.820979020979024,15.1993006993007,73.74125874125875,0.7762237762237763,138.30769230769232,Las Vegas Grand Prix,United States,21,2023
11,PER,Red Bull Racing,12.0,3.0,100.909,95.265,94.093,,13.820979020979024,15.1993006993007,73.74125874125875,0.7762237762237763,138.30769230769232,Las Vegas Grand Prix,United States,21,2023
27,HUL,Haas F1 Team,13.0,19.0,100.909,95.265,94.093,,13.820979020979024,15.1993006993007,73.74125874125875,0.7762237762237763,138.30769230769232,Las Vegas Grand Prix,United States,21,2023
18,STR,Aston Martin,14.0,5.0,100.909,95.265,94.093,,13.820979020979024,15.1993006993007,73.74125874125875,0.7762237762237763,138.30769230769232,Las Vegas Grand Prix,United States,21,2023
3,RIC,AlphaTauri,15.0,14.0,100.909,95.265,94.093,,13.820979020979024,15.1993006993007,73.74125874125875,0.7762237762237763,138.30769230769232,Las Vegas Grand Prix,United States,21,2023
4,NOR,McLaren,16.0,20.0,100.909,95.265,94.093,,13.820979020979024,15.1993006993007,73.74125874125875,0.7762237762237763,138.30769230769232,Las Vegas Grand Prix,United States,21,2023
31,OCO,Alpine,17.0,4.0,100.909,95.265,94.093,,13.820979020979024,15.1993006993007,73.74125874125875,0.7762237762237763,138.30769230769232,Las Vegas Grand Prix,United States,21,2023
24,ZHO,Alfa Romeo,18.0,15.0,100.909,95.265,94.093,,13.820979020979024,15.1993006993007,73.74125874125875,0.7762237762237763,138.30769230769232,Las Vegas Grand Prix,United States,21,2023
81,PIA,McLaren,19.0,10.0,100.909,95.265,94.093,,13.820979020979024,15.1993006993007,73.74125874125875,0.7762237762237763,138.30769230769232,Las Vegas Grand Prix,United States,21,2023
22,TSU,AlphaTauri,20.0,18.0,100.909,95.265,94.093,,13.820979020979024,15.1993006993007,73.74125874125875,0.7762237762237763,138.30769230769232,Las Vegas Grand Prix,United States,21,2023
1,VER,Red Bull Racing,1.0,1.0,86.072,84.809,84.418,,26.95061728395061,33.33456790123457,59.71604938271605,1.1098765432098765,258.87654320987656,Abu Dhabi Grand Prix,Abu Dhabi,22,2023
16,LEC,Ferrari,2.0,2.0,86.072,84.809,84.418,,26.95061728395061,33.33456790123457,59.71604938271605,1.1098765432098765,258.87654320987656,Abu Dhabi Grand Prix,Abu Dhabi,22,2023
81,PIA,McLaren,3.0,6.0,86.072,84.809,84.418,,26.95061728395061,33.33456790123457,59.71604938271605,1.1098765432098765,258.87654320987656,Abu Dhabi Grand Prix,Abu Dhabi,22,2023
63,RUS,Mercedes,4.0,3.0,86.072,84.809,84.418,,26.95061728395061,33.33456790123457,59.71604938271605,1.1098765432098765,258.87654320987656,Abu Dhabi Grand Prix,Abu Dhabi,22,2023
4,NOR,McLaren,5.0,5.0,86.072,84.809,84.418,,26.95061728395061,33.33456790123457,59.71604938271605,1.1098765432098765,258.87654320987656,Abu Dhabi Grand Prix,Abu Dhabi,22,2023
22,TSU,AlphaTauri,6.0,8.0,86.072,84.809,84.418,,26.95061728395061,33.33456790123457,59.71604938271605,1.1098765432098765,258.87654320987656,Abu Dhabi Grand Prix,Abu Dhabi,22,2023
14,ALO,Aston Martin,7.0,7.0,86.072,84.809,84.418,,26.95061728395061,33.33456790123457,59.71604938271605,1.1098765432098765,258.87654320987656,Abu Dhabi Grand Prix,Abu Dhabi,22,2023
27,HUL,Haas F1 Team,8.0,15.0,86.072,84.809,84.418,,26.95061728395061,33.33456790123457,59.71604938271605,1.1098765432098765,258.87654320987656,Abu Dhabi Grand Prix,Abu Dhabi,22,2023
11,PER,Red Bull Racing,9.0,4.0,86.072,84.809,84.418,,26.95061728395061,33.33456790123457,59.71604938271605,1.1098765432098765,258.87654320987656,Abu Dhabi Grand Prix,Abu Dhabi,22,2023
10,GAS,Alpine,10.0,13.0,86.072,84.809,84.418,,26.95061728395061,33.33456790123457,59.71604938271605,1.1098765432098765,258.87654320987656,Abu Dhabi Grand Prix,Abu Dhabi,22,2023
44,HAM,Mercedes,11.0,9.0,86.072,84.809,84.418,,26.95061728395061,33.33456790123457,59.71604938271605,1.1098765432098765,258.87654320987656,Abu Dhabi Grand Prix,Abu Dhabi,22,2023
31,OCO,Alpine,12.0,12.0,86.072,84.809,84.418,,26.95061728395061,33.33456790123457,59.71604938271605,1.1098765432098765,258.87654320987656,Abu Dhabi Grand Prix,Abu Dhabi,22,2023
18,STR,Aston Martin,13.0,10.0,86.072,84.809,84.418,,26.95061728395061,33.33456790123457,59.71604938271605,1.1098765432098765,258.87654320987656,Abu Dhabi Grand Prix,Abu Dhabi,22,2023
23,ALB,Williams,14.0,14.0,86.072,84.809,84.418,,26.95061728395061,33.33456790123457,59.71604938271605,1.1098765432098765,258.87654320987656,Abu Dhabi Grand Prix,Abu Dhabi,22,2023
3,RIC,AlphaTauri,15.0,11.0,86.072,84.809,84.418,,26.95061728395061,33.33456790123457,59.71604938271605,1.1098765432098765,258.87654320987656,Abu Dhabi Grand Prix,Abu Dhabi,22,2023
55,SAI,Ferrari,16.0,18.0,86.072,84.809,84.418,,26.95061728395061,33.33456790123457,59.71604938271605,1.1098765432098765,258.87654320987656,Abu Dhabi Grand Prix,Abu Dhabi,22,2023
20,MAG,Haas F1 Team,17.0,20.0,86.072,84.809,84.418,,26.95061728395061,33.33456790123457,59.71604938271605,1.1098765432098765,258.87654320987656,Abu Dhabi Grand Prix,Abu Dhabi,22,2023
77,BOT,Alfa Romeo,18.0,19.0,86.072,84.809,84.418,,26.95061728395061,33.33456790123457,59.71604938271605,1.1098765432098765,258.87654320987656,Abu Dhabi Grand Prix,Abu Dhabi,22,2023
24,ZHO,Alfa Romeo,19.0,17.0,86.072,84.809,84.418,,26.95061728395061,33.33456790123457,59.71604938271605,1.1098765432098765,258.87654320987656,Abu Dhabi Grand Prix,Abu Dhabi,22,2023
2,SAR,Williams,20.0,16.0,86.072,84.809,84.418,,26.95061728395061,33.33456790123457,59.71604938271605,1.1098765432098765,258.87654320987656,Abu Dhabi Grand Prix,Abu Dhabi,22,2023
1,VER,Red Bull Racing,1.0,1.0,92.869,90.374,90.824,,17.24756097560976,22.098780487804877,39.02439024390244,2.2817073170731708,82.76829268292683,Bahrain Grand Prix,Bahrain,1,2024
16,LEC,Ferrari,2.0,4.0,92.869,90.374,90.824,,17.24756097560976,22.098780487804877,39.02439024390244,2.2817073170731708,82.76829268292683,Bahrain Grand Prix,Bahrain,1,2024
63,RUS,Mercedes,3.0,5.0,92.869,90.374,90.824,,17.24756097560976,22.098780487804877,39.02439024390244,2.2817073170731708,82.76829268292683,Bahrain Grand Prix,Bahrain,1,2024
55,SAI,Ferrari,4.0,3.0,92.869,90.374,90.824,,17.24756097560976,22.098780487804877,39.02439024390244,2.2817073170731708,82.76829268292683,Bahrain Grand Prix,Bahrain,1,2024
11,PER,Red Bull Racing,5.0,2.0,92.869,90.374,90.824,,17.24756097560976,22.098780487804877,39.02439024390244,2.2817073170731708,82.76829268292683,Bahrain Grand Prix,Bahrain,1,2024
14,ALO,Aston Martin,6.0,9.0,92.869,90.374,90.824,,17.24756097560976,22.098780487804877,39.02439024390244,2.2817073170731708,82.76829268292683,Bahrain Grand Prix,Bahrain,1,2024
4,NOR,McLaren,7.0,6.0,92.869,90.374,90.824,,17.24756097560976,22.098780487804877,39.02439024390244,2.2817073170731708,82.76829268292683,Bahrain Grand Prix,Bahrain,1,2024
81,PIA,McLaren,8.0,8.0,92.869,90.374,90.824,,17.24756097560976,22.098780487804877,39.02439024390244,2.2817073170731708,82.76829268292683,Bahrain Grand Prix,Bahrain,1,2024
44,HAM,Mercedes,9.0,7.0,92.869,90.374,90.824,,17.24756097560976,22.098780487804877,39.02439024390244,2.2817073170731708,82.76829268292683,Bahrain Grand Prix,Bahrain,1,2024
27,HUL,Haas F1 Team,10.0,16.0,92.869,90.374,90.824,,17.24756097560976,22.098780487804877,39.02439024390244,2.2817073170731708,82.76829268292683,Bahrain Grand Prix,Bahrain,1,2024
22,TSU,RB,11.0,14.0,92.869,90.374,90.824,,17.24756097560976,22.098780487804877,39.02439024390244,2.2817073170731708,82.76829268292683,Bahrain Grand Prix,Bahrain,1,2024
18,STR,Aston Martin,12.0,10.0,92.869,90.374,90.824,,17.24756097560976,22.098780487804877,39.02439024390244,2.2817073170731708,82.76829268292683,Bahrain Grand Prix,Bahrain,1,2024
23,ALB,Williams,13.0,15.0,92.869,90.374,90.824,,17.24756097560976,22.098780487804877,39.02439024390244,2.2817073170731708,82.76829268292683,Bahrain Grand Prix,Bahrain,1,2024
3,RIC,RB,14.0,13.0,92.869,90.374,90.824,,17.24756097560976,22.098780487804877,39.02439024390244,2.2817073170731708,82.76829268292683,Bahrain Grand Prix,Bahrain,1,2024
20,MAG,Haas F1 Team,15.0,12.0,92.869,90.374,90.824,,17.24756097560976,22.098780487804877,39.02439024390244,2.2817073170731708,82.76829268292683,Bahrain Grand Prix,Bahrain,1,2024
77,BOT,Kick Sauber,16.0,19.0,92.869,90.374,90.824,,17.24756097560976,22.098780487804877,39.02439024390244,2.2817073170731708,82.76829268292683,Bahrain Grand Prix,Bahrain,1,2024
24,ZHO,Kick Sauber,17.0,11.0,92.869,90.374,90.824,,17.24756097560976,22.098780487804877,39.02439024390244,2.2817073170731708,82.76829268292683,Bahrain Grand Prix,Bahrain,1,2024
2,SAR,Williams,18.0,20.0,92.869,90.374,90.824,,17.24756097560976,22.098780487804877,39.02439024390244,2.2817073170731708,82.76829268292683,Bahrain Grand Prix,Bahrain,1,2024
31,OCO,Alpine,19.0,17.0,92.869,90.374,90.824,,17.24756097560976,22.098780487804877,39.02439024390244,2.2817073170731708,82.76829268292683,Bahrain Grand Prix,Bahrain,1,2024
10,GAS,Alpine,20.0,18.0,92.869,90.374,90.824,,17.24756097560976,22.098780487804877,39.02439024390244,2.2817073170731708,82.76829268292683,Bahrain Grand Prix,Bahrain,1,2024
1,VER,Red Bull Racing,1.0,1.0,89.659,88.827,88.412,,25.370967741935488,30.59677419354838,59.784946236559136,2.4010752688172046,92.86021505376344,Saudi Arabian Grand Prix,Saudi Arabia,2,2024
16,LEC,Ferrari,2.0,3.0,89.659,88.827,88.412,,25.370967741935488,30.59677419354838,59.784946236559136,2.4010752688172046,92.86021505376344,Saudi Arabian Grand Prix,Saudi Arabia,2,2024
11,PER,Red Bull Racing,3.0,2.0,89.659,88.827,88.412,,25.370967741935488,30.59677419354838,59.784946236559136,2.4010752688172046,92.86021505376344,Saudi Arabian Grand Prix,Saudi Arabia,2,2024
14,ALO,Aston Martin,4.0,5.0,89.659,88.827,88.412,,25.370967741935488,30.59677419354838,59.784946236559136,2.4010752688172046,92.86021505376344,Saudi Arabian Grand Prix,Saudi Arabia,2,2024
81,PIA,McLaren,5.0,4.0,89.659,88.827,88.412,,25.370967741935488,30.59677419354838,59.784946236559136,2.4010752688172046,92.86021505376344,Saudi Arabian Grand Prix,Saudi Arabia,2,2024
4,NOR,McLaren,6.0,8.0,89.659,88.827,88.412,,25.370967741935488,30.59677419354838,59.784946236559136,2.4010752688172046,92.86021505376344,Saudi Arabian Grand Prix,Saudi Arabia,2,2024
63,RUS,Mercedes,7.0,6.0,89.659,88.827,88.412,,25.370967741935488,30.59677419354838,59.784946236559136,2.4010752688172046,92.86021505376344,Saudi Arabian Grand Prix,Saudi Arabia,2,2024
44,HAM,Mercedes,8.0,9.0,89.659,88.827,88.412,,25.370967741935488,30.59677419354838,59.784946236559136,2.4010752688172046,92.86021505376344,Saudi Arabian Grand Prix,Saudi Arabia,2,2024
22,TSU,RB,9.0,15.0,89.659,88.827,88.412,,25.370967741935488,30.59677419354838,59.784946236559136,2.4010752688172046,92.86021505376344,Saudi Arabian Grand Prix,Saudi Arabia,2,2024
18,STR,Aston Martin,10.0,19.0,89.659,88.827,88.412,,25.370967741935488,30.59677419354838,59.784946236559136,2.4010752688172046,92.86021505376344,Saudi Arabian Grand Prix,Saudi Arabia,2,2024
38,BEA,Ferrari,11.0,7.0,89.659,88.827,88.412,,25.370967741935488,30.59677419354838,59.784946236559136,2.4010752688172046,92.86021505376344,Saudi Arabian Grand Prix,Saudi Arabia,2,2024
23,ALB,Williams,12.0,11.0,89.659,88.827,88.412,,25.370967741935488,30.59677419354838,59.784946236559136,2.4010752688172046,92.86021505376344,Saudi Arabian Grand Prix,Saudi Arabia,2,2024
20,MAG,Haas F1 Team,13.0,12.0,89.659,88.827,88.412,,25.370967741935488,30.59677419354838,59.784946236559136,2.4010752688172046,92.86021505376344,Saudi Arabian Grand Prix,Saudi Arabia,2,2024
3,RIC,RB,14.0,16.0,89.659,88.827,88.412,,25.370967741935488,30.59677419354838,59.784946236559136,2.4010752688172046,92.86021505376344,Saudi Arabian Grand Prix,Saudi Arabia,2,2024
27,HUL,Haas F1 Team,15.0,10.0,89.659,88.827,88.412,,25.370967741935488,30.59677419354838,59.784946236559136,2.4010752688172046,92.86021505376344,Saudi Arabian Grand Prix,Saudi Arabia,2,2024
77,BOT,Kick Sauber,16.0,17.0,89.659,88.827,88.412,,25.370967741935488,30.59677419354838,59.784946236559136,2.4010752688172046,92.86021505376344,Saudi Arabian Grand Prix,Saudi Arabia,2,2024
31,OCO,Alpine,17.0,13.0,89.659,88.827,88.412,,25.370967741935488,30.59677419354838,59.784946236559136,2.4010752688172046,92.86021505376344,Saudi Arabian Grand Prix,Saudi Arabia,2,2024
10,GAS,Alpine,18.0,20.0,89.659,88.827,88.412,,25.370967741935488,30.59677419354838,59.784946236559136,2.4010752688172046,92.86021505376344,Saudi Arabian Grand Prix,Saudi Arabia,2,2024
2,SAR,Williams,19.0,14.0,89.659,88.827,88.412,,25.370967741935488,30.59677419354838,59.784946236559136,2.4010752688172046,92.86021505376344,Saudi Arabian Grand Prix,Saudi Arabia,2,2024
24,ZHO,Kick Sauber,20.0,18.0,89.659,88.827,88.412,,25.370967741935488,30.59677419354838,59.784946236559136,2.4010752688172046,92.86021505376344,Saudi Arabian Grand Prix,Saudi Arabia,2,2024
1,VER,Red Bull Racing,1.0,19.0,78.564,77.277,76.714,,20.157317073170734,36.15731707317073,56.926829268292686,1.803658536585366,147.47560975609755,Australian Grand Prix,Australia,3,2024
55,SAI,Ferrari,2.0,1.0,78.564,77.277,76.714,,20.157317073170734,36.15731707317073,56.926829268292686,1.803658536585366,147.47560975609755,Australian Grand Prix,Australia,3,2024
11,PER,Red Bull Racing,3.0,5.0,78.564,77.277,76.714,,20.157317073170734,36.15731707317073,56.926829268292686,1.803658536585366,147.47560975609755,Australian Grand Prix,Australia,3,2024
4,NOR,McLaren,4.0,3.0,78.564,77.277,76.714,,20.157317073170734,36.15731707317073,56.926829268292686,1.803658536585366,147.47560975609755,Australian Grand Prix,Australia,3,2024
16,LEC,Ferrari,5.0,2.0,78.564,77.277,76.714,,20.157317073170734,36.15731707317073,56.926829268292686,1.803658536585366,147.47560975609755,Australian Grand Prix,Australia,3,2024
81,PIA,McLaren,6.0,4.0,78.564,77.277,76.714,,20.157317073170734,36.15731707317073,56.926829268292686,1.803658536585366,147.47560975609755,Australian Grand Prix,Australia,3,2024
63,RUS,Mercedes,7.0,17.0,78.564,77.277,76.714,,20.157317073170734,36.15731707317073,56.926829268292686,1.803658536585366,147.47560975609755,Australian Grand Prix,Australia,3,2024
22,TSU,RB,8.0,7.0,78.564,77.277,76.714,,20.157317073170734,36.15731707317073,56.926829268292686,1.803658536585366,147.47560975609755,Australian Grand Prix,Australia,3,2024
18,STR,Aston Martin,9.0,6.0,78.564,77.277,76.714,,20.157317073170734,36.15731707317073,56.926829268292686,1.803658536585366,147.47560975609755,Australian Grand Prix,Australia,3,2024
14,ALO,Aston Martin,10.0,8.0,78.564,77.277,76.714,,20.157317073170734,36.15731707317073,56.926829268292686,1.803658536585366,147.47560975609755,Australian Grand Prix,Australia,3,2024
44,HAM,Mercedes,11.0,18.0,78.564,77.277,76.714,,20.157317073170734,36.15731707317073,56.926829268292686,1.803658536585366,147.47560975609755,Australian Grand Prix,Australia,3,2024
23,ALB,Williams,12.0,11.0,78.564,77.277,76.714,,20.157317073170734,36.15731707317073,56.926829268292686,1.803658536585366,147.47560975609755,Australian Grand Prix,Australia,3,2024
77,BOT,Kick Sauber,13.0,14.0,78.564,77.277,76.714,,20.157317073170734,36.15731707317073,56.926829268292686,1.803658536585366,147.47560975609755,Australian Grand Prix,Australia,3,2024
20,MAG,Haas F1 Team,14.0,10.0,78.564,77.277,76.714,,20.157317073170734,36.15731707317073,56.926829268292686,1.803658536585366,147.47560975609755,Australian Grand Prix,Australia,3,2024
31,OCO,Alpine,15.0,16.0,78.564,77.277,76.714,,20.157317073170734,36.15731707317073,56.926829268292686,1.803658536585366,147.47560975609755,Australian Grand Prix,Australia,3,2024
27,HUL,Haas F1 Team,16.0,9.0,78.564,77.277,76.714,,20.157317073170734,36.15731707317073,56.926829268292686,1.803658536585366,147.47560975609755,Australian Grand Prix,Australia,3,2024
10,GAS,Alpine,17.0,13.0,78.564,77.277,76.714,,20.157317073170734,36.15731707317073,56.926829268292686,1.803658536585366,147.47560975609755,Australian Grand Prix,Australia,3,2024
3,RIC,RB,18.0,12.0,78.564,77.277,76.714,,20.157317073170734,36.15731707317073,56.926829268292686,1.803658536585366,147.47560975609755,Australian Grand Prix,Australia,3,2024
24,ZHO,Kick Sauber,19.0,15.0,78.564,77.277,76.714,,20.157317073170734,36.15731707317073,56.926829268292686,1.803658536585366,147.47560975609755,Australian Grand Prix,Australia,3,2024
1,VER,Red Bull Racing,1.0,1.0,90.056,94.725,89.563,,13.02093023255814,16.752325581395347,72.95348837209302,1.0046511627906978,157.5,Japanese Grand Prix,Japan,4,2024
11,PER,Red Bull Racing,2.0,2.0,90.056,94.725,89.563,,13.02093023255814,16.752325581395347,72.95348837209302,1.0046511627906978,157.5,Japanese Grand Prix,Japan,4,2024
4,NOR,McLaren,3.0,5.0,90.056,94.725,89.563,,13.02093023255814,16.752325581395347,72.95348837209302,1.0046511627906978,157.5,Japanese Grand Prix,Japan,4,2024
55,SAI,Ferrari,4.0,3.0,90.056,94.725,89.563,,13.02093023255814,16.752325581395347,72.95348837209302,1.0046511627906978,157.5,Japanese Grand Prix,Japan,4,2024
14,ALO,Aston Martin,5.0,6.0,90.056,94.725,89.563,,13.02093023255814,16.752325581395347,72.95348837209302,1.0046511627906978,157.5,Japanese Grand Prix,Japan,4,2024
81,PIA,McLaren,6.0,8.0,90.056,94.725,89.563,,13.02093023255814,16.752325581395347,72.95348837209302,1.0046511627906978,157.5,Japanese Grand Prix,Japan,4,2024
44,HAM,Mercedes,7.0,9.0,90.056,94.725,89.563,,13.02093023255814,16.752325581395347,72.95348837209302,1.0046511627906978,157.5,Japanese Grand Prix,Japan,4,2024
16,LEC,Ferrari,8.0,4.0,90.056,94.725,89.563,,13.02093023255814,16.752325581395347,72.95348837209302,1.0046511627906978,157.5,Japanese Grand Prix,Japan,4,2024
63,RUS,Mercedes,9.0,7.0,90.056,94.725,89.563,,13.02093023255814,16.752325581395347,72.95348837209302,1.0046511627906978,157.5,Japanese Grand Prix,Japan,4,2024
22,TSU,RB,10.0,10.0,90.056,94.725,89.563,,13.02093023255814,16.752325581395347,72.95348837209302,1.0046511627906978,157.5,Japanese Grand Prix,Japan,4,2024
3,RIC,RB,11.0,19.0,90.056,94.725,89.563,,13.02093023255814,16.752325581395347,72.95348837209302,1.0046511627906978,157.5,Japanese Grand Prix,Japan,4,2024
27,HUL,Haas F1 Team,12.0,11.0,90.056,94.725,89.563,,13.02093023255814,16.752325581395347,72.95348837209302,1.0046511627906978,157.5,Japanese Grand Prix,Japan,4,2024
77,BOT,Kick Sauber,13.0,14.0,90.056,94.725,89.563,,13.02093023255814,16.752325581395347,72.95348837209302,1.0046511627906978,157.5,Japanese Grand Prix,Japan,4,2024
23,ALB,Williams,14.0,20.0,90.056,94.725,89.563,,13.02093023255814,16.752325581395347,72.95348837209302,1.0046511627906978,157.5,Japanese Grand Prix,Japan,4,2024
31,OCO,Alpine,15.0,15.0,90.056,94.725,89.563,,13.02093023255814,16.752325581395347,72.95348837209302,1.0046511627906978,157.5,Japanese Grand Prix,Japan,4,2024
18,STR,Aston Martin,16.0,12.0,90.056,94.725,89.563,,13.02093023255814,16.752325581395347,72.95348837209302,1.0046511627906978,157.5,Japanese Grand Prix,Japan,4,2024
10,GAS,Alpine,17.0,16.0,90.056,94.725,89.563,,13.02093023255814,16.752325581395347,72.95348837209302,1.0046511627906978,157.5,Japanese Grand Prix,Japan,4,2024
20,MAG,Haas F1 Team,18.0,13.0,90.056,94.725,89.563,,13.02093023255814,16.752325581395347,72.95348837209302,1.0046511627906978,157.5,Japanese Grand Prix,Japan,4,2024
2,SAR,Williams,19.0,17.0,90.056,94.725,89.563,,13.02093023255814,16.752325581395347,72.95348837209302,1.0046511627906978,157.5,Japanese Grand Prix,Japan,4,2024
24,ZHO,Kick Sauber,20.0,18.0,90.056,94.725,89.563,,13.02093023255814,16.752325581395347,72.95348837209302,1.0046511627906978,157.5,Japanese Grand Prix,Japan,4,2024
1,VER,Red Bull Racing,1.0,1.0,96.302,,,,23.142682926829266,39.46829268292684,22.865853658536587,1.3536585365853657,146.96341463414635,Chinese Grand Prix,China,5,2024
11,PER,Red Bull Racing,2.0,3.0,96.302,,,,23.142682926829266,39.46829268292684,22.865853658536587,1.3536585365853657,146.96341463414635,Chinese Grand Prix,China,5,2024
14,ALO,Aston Martin,3.0,7.0,96.302,,,,23.142682926829266,39.46829268292684,22.865853658536587,1.3536585365853657,146.96341463414635,Chinese Grand Prix,China,5,2024
4,NOR,McLaren,4.0,2.0,96.302,,,,23.142682926829266,39.46829268292684,22.865853658536587,1.3536585365853657,146.96341463414635,Chinese Grand Prix,China,5,2024
81,PIA,McLaren,5.0,8.0,96.302,,,,23.142682926829266,39.46829268292684,22.865853658536587,1.3536585365853657,146.96341463414635,Chinese Grand Prix,China,5,2024
16,LEC,Ferrari,6.0,4.0,96.302,,,,23.142682926829266,39.46829268292684,22.865853658536587,1.3536585365853657,146.96341463414635,Chinese Grand Prix,China,5,2024
55,SAI,Ferrari,7.0,5.0,96.302,,,,23.142682926829266,39.46829268292684,22.865853658536587,1.3536585365853657,146.96341463414635,Chinese Grand Prix,China,5,2024
63,RUS,Mercedes,8.0,6.0,96.302,,,,23.142682926829266,39.46829268292684,22.865853658536587,1.3536585365853657,146.96341463414635,Chinese Grand Prix,China,5,2024
27,HUL,Haas F1 Team,9.0,10.0,96.302,,,,23.142682926829266,39.46829268292684,22.865853658536587,1.3536585365853657,146.96341463414635,Chinese Grand Prix,China,5,2024
77,BOT,Kick Sauber,10.0,20.0,96.302,,,,23.142682926829266,39.46829268292684,22.865853658536587,1.3536585365853657,146.96341463414635,Chinese Grand Prix,China,5,2024
18,STR,Aston Martin,11.0,15.0,96.302,,,,23.142682926829266,39.46829268292684,22.865853658536587,1.3536585365853657,146.96341463414635,Chinese Grand Prix,China,5,2024
3,RIC,RB,12.0,18.0,96.302,,,,23.142682926829266,39.46829268292684,22.865853658536587,1.3536585365853657,146.96341463414635,Chinese Grand Prix,China,5,2024
31,OCO,Alpine,13.0,11.0,96.302,,,,23.142682926829266,39.46829268292684,22.865853658536587,1.3536585365853657,146.96341463414635,Chinese Grand Prix,China,5,2024
23,ALB,Williams,14.0,12.0,96.302,,,,23.142682926829266,39.46829268292684,22.865853658536587,1.3536585365853657,146.96341463414635,Chinese Grand Prix,China,5,2024
10,GAS,Alpine,15.0,13.0,96.302,,,,23.142682926829266,39.46829268292684,22.865853658536587,1.3536585365853657,146.96341463414635,Chinese Grand Prix,China,5,2024
24,ZHO,Kick Sauber,16.0,14.0,96.302,,,,23.142682926829266,39.46829268292684,22.865853658536587,1.3536585365853657,146.96341463414635,Chinese Grand Prix,China,5,2024
20,MAG,Haas F1 Team,17.0,16.0,96.302,,,,23.142682926829266,39.46829268292684,22.865853658536587,1.3536585365853657,146.96341463414635,Chinese Grand Prix,China,5,2024
44,HAM,Mercedes,18.0,9.0,96.302,,,,23.142682926829266,39.46829268292684,22.865853658536587,1.3536585365853657,146.96341463414635,Chinese Grand Prix,China,5,2024
22,TSU,RB,19.0,19.0,96.302,,,,23.142682926829266,39.46829268292684,22.865853658536587,1.3536585365853657,146.96341463414635,Chinese Grand Prix,China,5,2024
2,SAR,Williams,20.0,17.0,96.302,,,,23.142682926829266,39.46829268292684,22.865853658536587,1.3536585365853657,146.96341463414635,Chinese Grand Prix,China,5,2024
1,VER,Red Bull Racing,1.0,2.0,88.595,,,,28.780519480519484,49.958441558441564,56.27272727272727,3.0090909090909084,160.14285714285714,Miami Grand Prix,United States,6,2024
16,LEC,Ferrari,2.0,3.0,88.595,,,,28.780519480519484,49.958441558441564,56.27272727272727,3.0090909090909084,160.14285714285714,Miami Grand Prix,United States,6,2024
55,SAI,Ferrari,3.0,5.0,88.595,,,,28.780519480519484,49.958441558441564,56.27272727272727,3.0090909090909084,160.14285714285714,Miami Grand Prix,United States,6,2024
11,PER,Red Bull Racing,4.0,4.0,88.595,,,,28.780519480519484,49.958441558441564,56.27272727272727,3.0090909090909084,160.14285714285714,Miami Grand Prix,United States,6,2024
4,NOR,McLaren,5.0,1.0,88.595,,,,28.780519480519484,49.958441558441564,56.27272727272727,3.0090909090909084,160.14285714285714,Miami Grand Prix,United States,6,2024
81,PIA,McLaren,6.0,13.0,88.595,,,,28.780519480519484,49.958441558441564,56.27272727272727,3.0090909090909084,160.14285714285714,Miami Grand Prix,United States,6,2024
63,RUS,Mercedes,7.0,8.0,88.595,,,,28.780519480519484,49.958441558441564,56.27272727272727,3.0090909090909084,160.14285714285714,Miami Grand Prix,United States,6,2024
44,HAM,Mercedes,8.0,6.0,88.595,,,,28.780519480519484,49.958441558441564,56.27272727272727,3.0090909090909084,160.14285714285714,Miami Grand Prix,United States,6,2024
27,HUL,Haas F1 Team,9.0,11.0,88.595,,,,28.780519480519484,49.958441558441564,56.27272727272727,3.0090909090909084,160.14285714285714,Miami Grand Prix,United States,6,2024
22,TSU,RB,10.0,7.0,88.595,,,,28.780519480519484,49.958441558441564,56.27272727272727,3.0090909090909084,160.14285714285714,Miami Grand Prix,United States,6,2024
18,STR,Aston Martin,11.0,17.0,88.595,,,,28.780519480519484,49.958441558441564,56.27272727272727,3.0090909090909084,160.14285714285714,Miami Grand Prix,United States,6,2024
10,GAS,Alpine,12.0,12.0,88.595,,,,28.780519480519484,49.958441558441564,56.27272727272727,3.0090909090909084,160.14285714285714,Miami Grand Prix,United States,6,2024
31,OCO,Alpine,13.0,10.0,88.595,,,,28.780519480519484,49.958441558441564,56.27272727272727,3.0090909090909084,160.14285714285714,Miami Grand Prix,United States,6,2024
23,ALB,Williams,14.0,18.0,88.595,,,,28.780519480519484,49.958441558441564,56.27272727272727,3.0090909090909084,160.14285714285714,Miami Grand Prix,United States,6,2024
14,ALO,Aston Martin,15.0,9.0,88.595,,,,28.780519480519484,49.958441558441564,56.27272727272727,3.0090909090909084,160.14285714285714,Miami Grand Prix,United States,6,2024
77,BOT,Kick Sauber,16.0,16.0,88.595,,,,28.780519480519484,49.958441558441564,56.27272727272727,3.0090909090909084,160.14285714285714,Miami Grand Prix,United States,6,2024
2,SAR,Williams,17.0,20.0,88.595,,,,28.780519480519484,49.958441558441564,56.27272727272727,3.0090909090909084,160.14285714285714,Miami Grand Prix,United States,6,2024
3,RIC,RB,18.0,15.0,88.595,,,,28.780519480519484,49.958441558441564,56.27272727272727,3.0090909090909084,160.14285714285714,Miami Grand Prix,United States,6,2024
20,MAG,Haas F1 Team,19.0,19.0,88.595,,,,28.780519480519484,49.958441558441564,56.27272727272727,3.0090909090909084,160.14285714285714,Miami Grand Prix,United States,6,2024
24,ZHO,Kick Sauber,20.0,14.0,88.595,,,,28.780519480519484,49.958441558441564,56.27272727272727,3.0090909090909084,160.14285714285714,Miami Grand Prix,United States,6,2024
1,VER,Red Bull Racing,1.0,1.0,76.99,75.906,75.529,,24.379487179487178,36.84230769230769,33.94871794871795,2.5230769230769234,284.1923076923077,Emilia Romagna Grand Prix,Italy,7,2024
81,PIA,McLaren,2.0,4.0,76.99,75.906,75.529,,24.379487179487178,36.84230769230769,33.94871794871795,2.5230769230769234,284.1923076923077,Emilia Romagna Grand Prix,Italy,7,2024
4,NOR,McLaren,3.0,2.0,76.99,75.906,75.529,,24.379487179487178,36.84230769230769,33.94871794871795,2.5230769230769234,284.1923076923077,Emilia Romagna Grand Prix,Italy,7,2024
16,LEC,Ferrari,4.0,3.0,76.99,75.906,75.529,,24.379487179487178,36.84230769230769,33.94871794871795,2.5230769230769234,284.1923076923077,Emilia Romagna Grand Prix,Italy,7,2024
55,SAI,Ferrari,5.0,5.0,76.99,75.906,75.529,,24.379487179487178,36.84230769230769,33.94871794871795,2.5230769230769234,284.1923076923077,Emilia Romagna Grand Prix,Italy,7,2024
63,RUS,Mercedes,6.0,7.0,76.99,75.906,75.529,,24.379487179487178,36.84230769230769,33.94871794871795,2.5230769230769234,284.1923076923077,Emilia Romagna Grand Prix,Italy,7,2024
22,TSU,RB,7.0,10.0,76.99,75.906,75.529,,24.379487179487178,36.84230769230769,33.94871794871795,2.5230769230769234,284.1923076923077,Emilia Romagna Grand Prix,Italy,7,2024
44,HAM,Mercedes,8.0,6.0,76.99,75.906,75.529,,24.379487179487178,36.84230769230769,33.94871794871795,2.5230769230769234,284.1923076923077,Emilia Romagna Grand Prix,Italy,7,2024
3,RIC,RB,9.0,13.0,76.99,75.906,75.529,,24.379487179487178,36.84230769230769,33.94871794871795,2.5230769230769234,284.1923076923077,Emilia Romagna Grand Prix,Italy,7,2024
27,HUL,Haas F1 Team,10.0,11.0,76.99,75.906,75.529,,24.379487179487178,36.84230769230769,33.94871794871795,2.5230769230769234,284.1923076923077,Emilia Romagna Grand Prix,Italy,7,2024
11,PER,Red Bull Racing,11.0,8.0,76.99,75.906,75.529,,24.379487179487178,36.84230769230769,33.94871794871795,2.5230769230769234,284.1923076923077,Emilia Romagna Grand Prix,Italy,7,2024
31,OCO,Alpine,12.0,14.0,76.99,75.906,75.529,,24.379487179487178,36.84230769230769,33.94871794871795,2.5230769230769234,284.1923076923077,Emilia Romagna Grand Prix,Italy,7,2024
18,STR,Aston Martin,13.0,9.0,76.99,75.906,75.529,,24.379487179487178,36.84230769230769,33.94871794871795,2.5230769230769234,284.1923076923077,Emilia Romagna Grand Prix,Italy,7,2024
23,ALB,Williams,14.0,20.0,76.99,75.906,75.529,,24.379487179487178,36.84230769230769,33.94871794871795,2.5230769230769234,284.1923076923077,Emilia Romagna Grand Prix,Italy,7,2024
10,GAS,Alpine,15.0,16.0,76.99,75.906,75.529,,24.379487179487178,36.84230769230769,33.94871794871795,2.5230769230769234,284.1923076923077,Emilia Romagna Grand Prix,Italy,7,2024
77,BOT,Kick Sauber,16.0,18.0,76.99,75.906,75.529,,24.379487179487178,36.84230769230769,33.94871794871795,2.5230769230769234,284.1923076923077,Emilia Romagna Grand Prix,Italy,7,2024
24,ZHO,Kick Sauber,17.0,15.0,76.99,75.906,75.529,,24.379487179487178,36.84230769230769,33.94871794871795,2.5230769230769234,284.1923076923077,Emilia Romagna Grand Prix,Italy,7,2024
20,MAG,Haas F1 Team,18.0,12.0,76.99,75.906,75.529,,24.379487179487178,36.84230769230769,33.94871794871795,2.5230769230769234,284.1923076923077,Emilia Romagna Grand Prix,Italy,7,2024
14,ALO,Aston Martin,19.0,19.0,76.99,75.906,75.529,,24.379487179487178,36.84230769230769,33.94871794871795,2.5230769230769234,284.1923076923077,Emilia Romagna Grand Prix,Italy,7,2024
2,SAR,Williams,20.0,17.0,76.99,75.906,75.529,,24.379487179487178,36.84230769230769,33.94871794871795,2.5230769230769234,284.1923076923077,Emilia Romagna Grand Prix,Italy,7,2024
16,LEC,Ferrari,1.0,1.0,72.169,71.278,71.369,,20.76172839506173,31.30246913580247,66.44444444444444,0.7901234567901234,144.09876543209876,Monaco Grand Prix,Monaco,8,2024
81,PIA,McLaren,2.0,2.0,72.169,71.278,71.369,,20.76172839506173,31.30246913580247,66.44444444444444,0.7901234567901234,144.09876543209876,Monaco Grand Prix,Monaco,8,2024
55,SAI,Ferrari,3.0,3.0,72.169,71.278,71.369,,20.76172839506173,31.30246913580247,66.44444444444444,0.7901234567901234,144.09876543209876,Monaco Grand Prix,Monaco,8,2024
4,NOR,McLaren,4.0,4.0,72.169,71.278,71.369,,20.76172839506173,31.30246913580247,66.44444444444444,0.7901234567901234,144.09876543209876,Monaco Grand Prix,Monaco,8,2024
63,RUS,Mercedes,5.0,5.0,72.169,71.278,71.369,,20.76172839506173,31.30246913580247,66.44444444444444,0.7901234567901234,144.09876543209876,Monaco Grand Prix,Monaco,8,2024
1,VER,Red Bull Racing,6.0,6.0,72.169,71.278,71.369,,20.76172839506173,31.30246913580247,66.44444444444444,0.7901234567901234,144.09876543209876,Monaco Grand Prix,Monaco,8,2024
44,HAM,Mercedes,7.0,7.0,72.169,71.278,71.369,,20.76172839506173,31.30246913580247,66.44444444444444,0.7901234567901234,144.09876543209876,Monaco Grand Prix,Monaco,8,2024
22,TSU,RB,8.0,8.0,72.169,71.278,71.369,,20.76172839506173,31.30246913580247,66.44444444444444,0.7901234567901234,144.09876543209876,Monaco Grand Prix,Monaco,8,2024
23,ALB,Williams,9.0,9.0,72.169,71.278,71.369,,20.76172839506173,31.30246913580247,66.44444444444444,0.7901234567901234,144.09876543209876,Monaco Grand Prix,Monaco,8,2024
10,GAS,Alpine,10.0,10.0,72.169,71.278,71.369,,20.76172839506173,31.30246913580247,66.44444444444444,0.7901234567901234,144.09876543209876,Monaco Grand Prix,Monaco,8,2024
31,OCO,Alpine,11.0,17.0,72.169,71.278,71.369,,20.76172839506173,31.30246913580247,66.44444444444444,0.7901234567901234,144.09876543209876,Monaco Grand Prix,Monaco,8,2024
3,RIC,RB,12.0,12.0,72.169,71.278,71.369,,20.76172839506173,31.30246913580247,66.44444444444444,0.7901234567901234,144.09876543209876,Monaco Grand Prix,Monaco,8,2024
18,STR,Aston Martin,13.0,14.0,72.169,71.278,71.369,,20.76172839506173,31.30246913580247,66.44444444444444,0.7901234567901234,144.09876543209876,Monaco Grand Prix,Monaco,8,2024
27,HUL,Haas F1 Team,14.0,19.0,72.169,71.278,71.369,,20.76172839506173,31.30246913580247,66.44444444444444,0.7901234567901234,144.09876543209876,Monaco Grand Prix,Monaco,8,2024
14,ALO,Aston Martin,14.0,11.0,72.169,71.278,71.369,,20.76172839506173,31.30246913580247,66.44444444444444,0.7901234567901234,144.09876543209876,Monaco Grand Prix,Monaco,8,2024
2,SAR,Williams,15.0,15.0,72.169,71.278,71.369,,20.76172839506173,31.30246913580247,66.44444444444444,0.7901234567901234,144.09876543209876,Monaco Grand Prix,Monaco,8,2024
20,MAG,Haas F1 Team,15.0,20.0,72.169,71.278,71.369,,20.76172839506173,31.30246913580247,66.44444444444444,0.7901234567901234,144.09876543209876,Monaco Grand Prix,Monaco,8,2024
11,PER,Red Bull Racing,16.0,18.0,72.169,71.278,71.369,,20.76172839506173,31.30246913580247,66.44444444444444,0.7901234567901234,144.09876543209876,Monaco Grand Prix,Monaco,8,2024
77,BOT,Kick Sauber,17.0,13.0,72.169,71.278,71.369,,20.76172839506173,31.30246913580247,66.44444444444444,0.7901234567901234,144.09876543209876,Monaco Grand Prix,Monaco,8,2024
24,ZHO,Kick Sauber,18.0,16.0,72.169,71.278,71.369,,20.76172839506173,31.30246913580247,66.44444444444444,0.7901234567901234,144.09876543209876,Monaco Grand Prix,Monaco,8,2024
63,RUS,Mercedes,1.0,3.0,84.435,75.81,72.549,,18.99625,25.546249999999997,68.5,1.2925,151.95,Canadian Grand Prix,Canada,9,2024
1,VER,Red Bull Racing,2.0,1.0,84.435,75.81,72.549,,18.99625,25.546249999999997,68.5,1.2925,151.95,Canadian Grand Prix,Canada,9,2024
4,NOR,McLaren,3.0,2.0,84.435,75.81,72.549,,18.99625,25.546249999999997,68.5,1.2925,151.95,Canadian Grand Prix,Canada,9,2024
81,PIA,McLaren,4.0,5.0,84.435,75.81,72.549,,18.99625,25.546249999999997,68.5,1.2925,151.95,Canadian Grand Prix,Canada,9,2024
3,RIC,RB,5.0,8.0,84.435,75.81,72.549,,18.99625,25.546249999999997,68.5,1.2925,151.95,Canadian Grand Prix,Canada,9,2024
14,ALO,Aston Martin,6.0,6.0,84.435,75.81,72.549,,18.99625,25.546249999999997,68.5,1.2925,151.95,Canadian Grand Prix,Canada,9,2024
44,HAM,Mercedes,7.0,4.0,84.435,75.81,72.549,,18.99625,25.546249999999997,68.5,1.2925,151.95,Canadian Grand Prix,Canada,9,2024
22,TSU,RB,8.0,14.0,84.435,75.81,72.549,,18.99625,25.546249999999997,68.5,1.2925,151.95,Canadian Grand Prix,Canada,9,2024
18,STR,Aston Martin,9.0,7.0,84.435,75.81,72.549,,18.99625,25.546249999999997,68.5,1.2925,151.95,Canadian Grand Prix,Canada,9,2024
23,ALB,Williams,10.0,17.0,84.435,75.81,72.549,,18.99625,25.546249999999997,68.5,1.2925,151.95,Canadian Grand Prix,Canada,9,2024
16,LEC,Ferrari,11.0,19.0,84.435,75.81,72.549,,18.99625,25.546249999999997,68.5,1.2925,151.95,Canadian Grand Prix,Canada,9,2024
55,SAI,Ferrari,12.0,16.0,84.435,75.81,72.549,,18.99625,25.546249999999997,68.5,1.2925,151.95,Canadian Grand Prix,Canada,9,2024
2,SAR,Williams,13.0,20.0,84.435,75.81,72.549,,18.99625,25.546249999999997,68.5,1.2925,151.95,Canadian Grand Prix,Canada,9,2024
20,MAG,Haas F1 Team,14.0,12.0,84.435,75.81,72.549,,18.99625,25.546249999999997,68.5,1.2925,151.95,Canadian Grand Prix,Canada,9,2024
10,GAS,Alpine,15.0,9.0,84.435,75.81,72.549,,18.99625,25.546249999999997,68.5,1.2925,151.95,Canadian Grand Prix,Canada,9,2024
11,PER,Red Bull Racing,16.0,18.0,84.435,75.81,72.549,,18.99625,25.546249999999997,68.5,1.2925,151.95,Canadian Grand Prix,Canada,9,2024
77,BOT,Kick Sauber,17.0,13.0,84.435,75.81,72.549,,18.99625,25.546249999999997,68.5,1.2925,151.95,Canadian Grand Prix,Canada,9,2024
31,OCO,Alpine,18.0,10.0,84.435,75.81,72.549,,18.99625,25.546249999999997,68.5,1.2925,151.95,Canadian Grand Prix,Canada,9,2024
27,HUL,Haas F1 Team,19.0,11.0,84.435,75.81,72.549,,18.99625,25.546249999999997,68.5,1.2925,151.95,Canadian Grand Prix,Canada,9,2024
24,ZHO,Kick Sauber,20.0,15.0,84.435,75.81,72.549,,18.99625,25.546249999999997,68.5,1.2925,151.95,Canadian Grand Prix,Canada,9,2024
4,NOR,McLaren,1.0,2.0,74.228,73.264,73.013,,24.86543209876543,43.05185185185185,49.901234567901234,1.8407407407407406,205.08641975308643,Spanish Grand Prix,Spain,10,2024
1,VER,Red Bull Racing,2.0,1.0,74.228,73.264,73.013,,24.86543209876543,43.05185185185185,49.901234567901234,1.8407407407407406,205.08641975308643,Spanish Grand Prix,Spain,10,2024
44,HAM,Mercedes,3.0,3.0,74.228,73.264,73.013,,24.86543209876543,43.05185185185185,49.901234567901234,1.8407407407407406,205.08641975308643,Spanish Grand Prix,Spain,10,2024
63,RUS,Mercedes,4.0,4.0,74.228,73.264,73.013,,24.86543209876543,43.05185185185185,49.901234567901234,1.8407407407407406,205.08641975308643,Spanish Grand Prix,Spain,10,2024
16,LEC,Ferrari,5.0,5.0,74.228,73.264,73.013,,24.86543209876543,43.05185185185185,49.901234567901234,1.8407407407407406,205.08641975308643,Spanish Grand Prix,Spain,10,2024
55,SAI,Ferrari,6.0,6.0,74.228,73.264,73.013,,24.86543209876543,43.05185185185185,49.901234567901234,1.8407407407407406,205.08641975308643,Spanish Grand Prix,Spain,10,2024
10,GAS,Alpine,7.0,9.0,74.228,73.264,73.013,,24.86543209876543,43.05185185185185,49.901234567901234,1.8407407407407406,205.08641975308643,Spanish Grand Prix,Spain,10,2024
11,PER,Red Bull Racing,8.0,8.0,74.228,73.264,73.013,,24.86543209876543,43.05185185185185,49.901234567901234,1.8407407407407406,205.08641975308643,Spanish Grand Prix,Spain,10,2024
31,OCO,Alpine,9.0,10.0,74.228,73.264,73.013,,24.86543209876543,43.05185185185185,49.901234567901234,1.8407407407407406,205.08641975308643,Spanish Grand Prix,Spain,10,2024
81,PIA,McLaren,10.0,7.0,74.228,73.264,73.013,,24.86543209876543,43.05185185185185,49.901234567901234,1.8407407407407406,205.08641975308643,Spanish Grand Prix,Spain,10,2024
14,ALO,Aston Martin,11.0,12.0,74.228,73.264,73.013,,24.86543209876543,43.05185185185185,49.901234567901234,1.8407407407407406,205.08641975308643,Spanish Grand Prix,Spain,10,2024
77,BOT,Kick Sauber,12.0,16.0,74.228,73.264,73.013,,24.86543209876543,43.05185185185185,49.901234567901234,1.8407407407407406,205.08641975308643,Spanish Grand Prix,Spain,10,2024
27,HUL,Haas F1 Team,13.0,11.0,74.228,73.264,73.013,,24.86543209876543,43.05185185185185,49.901234567901234,1.8407407407407406,205.08641975308643,Spanish Grand Prix,Spain,10,2024
18,STR,Aston Martin,14.0,14.0,74.228,73.264,73.013,,24.86543209876543,43.05185185185185,49.901234567901234,1.8407407407407406,205.08641975308643,Spanish Grand Prix,Spain,10,2024
24,ZHO,Kick Sauber,15.0,13.0,74.228,73.264,73.013,,24.86543209876543,43.05185185185185,49.901234567901234,1.8407407407407406,205.08641975308643,Spanish Grand Prix,Spain,10,2024
20,MAG,Haas F1 Team,16.0,17.0,74.228,73.264,73.013,,24.86543209876543,43.05185185185185,49.901234567901234,1.8407407407407406,205.08641975308643,Spanish Grand Prix,Spain,10,2024
22,TSU,RB,17.0,19.0,74.228,73.264,73.013,,24.86543209876543,43.05185185185185,49.901234567901234,1.8407407407407406,205.08641975308643,Spanish Grand Prix,Spain,10,2024
3,RIC,RB,18.0,15.0,74.228,73.264,73.013,,24.86543209876543,43.05185185185185,49.901234567901234,1.8407407407407406,205.08641975308643,Spanish Grand Prix,Spain,10,2024
23,ALB,Williams,19.0,18.0,74.228,73.264,73.013,,24.86543209876543,43.05185185185185,49.901234567901234,1.8407407407407406,205.08641975308643,Spanish Grand Prix,Spain,10,2024
2,SAR,Williams,20.0,20.0,74.228,73.264,73.013,,24.86543209876543,43.05185185185185,49.901234567901234,1.8407407407407406,205.08641975308643,Spanish Grand Prix,Spain,10,2024
1,VER,Red Bull Racing,1.0,5.0,65.685,,,,23.24430379746836,36.88354430379747,59.54430379746835,2.6,104.36708860759494,Austrian Grand Prix,Austria,11,2024
4,NOR,McLaren,2.0,20.0,65.685,,,,23.24430379746836,36.88354430379747,59.54430379746835,2.6,104.36708860759494,Austrian Grand Prix,Austria,11,2024
63,RUS,Mercedes,3.0,1.0,65.685,,,,23.24430379746836,36.88354430379747,59.54430379746835,2.6,104.36708860759494,Austrian Grand Prix,Austria,11,2024
55,SAI,Ferrari,4.0,3.0,65.685,,,,23.24430379746836,36.88354430379747,59.54430379746835,2.6,104.36708860759494,Austrian Grand Prix,Austria,11,2024
44,HAM,Mercedes,5.0,4.0,65.685,,,,23.24430379746836,36.88354430379747,59.54430379746835,2.6,104.36708860759494,Austrian Grand Prix,Austria,11,2024
16,LEC,Ferrari,6.0,11.0,65.685,,,,23.24430379746836,36.88354430379747,59.54430379746835,2.6,104.36708860759494,Austrian Grand Prix,Austria,11,2024
81,PIA,McLaren,7.0,2.0,65.685,,,,23.24430379746836,36.88354430379747,59.54430379746835,2.6,104.36708860759494,Austrian Grand Prix,Austria,11,2024
11,PER,Red Bull Racing,8.0,7.0,65.685,,,,23.24430379746836,36.88354430379747,59.54430379746835,2.6,104.36708860759494,Austrian Grand Prix,Austria,11,2024
27,HUL,Haas F1 Team,9.0,6.0,65.685,,,,23.24430379746836,36.88354430379747,59.54430379746835,2.6,104.36708860759494,Austrian Grand Prix,Austria,11,2024
31,OCO,Alpine,10.0,12.0,65.685,,,,23.24430379746836,36.88354430379747,59.54430379746835,2.6,104.36708860759494,Austrian Grand Prix,Austria,11,2024
3,RIC,RB,11.0,9.0,65.685,,,,23.24430379746836,36.88354430379747,59.54430379746835,2.6,104.36708860759494,Austrian Grand Prix,Austria,11,2024
20,MAG,Haas F1 Team,12.0,8.0,65.685,,,,23.24430379746836,36.88354430379747,59.54430379746835,2.6,104.36708860759494,Austrian Grand Prix,Austria,11,2024
10,GAS,Alpine,13.0,10.0,65.685,,,,23.24430379746836,36.88354430379747,59.54430379746835,2.6,104.36708860759494,Austrian Grand Prix,Austria,11,2024
22,TSU,RB,14.0,14.0,65.685,,,,23.24430379746836,36.88354430379747,59.54430379746835,2.6,104.36708860759494,Austrian Grand Prix,Austria,11,2024
14,ALO,Aston Martin,15.0,18.0,65.685,,,,23.24430379746836,36.88354430379747,59.54430379746835,2.6,104.36708860759494,Austrian Grand Prix,Austria,11,2024
23,ALB,Williams,16.0,15.0,65.685,,,,23.24430379746836,36.88354430379747,59.54430379746835,2.6,104.36708860759494,Austrian Grand Prix,Austria,11,2024
18,STR,Aston Martin,17.0,13.0,65.685,,,,23.24430379746836,36.88354430379747,59.54430379746835,2.6,104.36708860759494,Austrian Grand Prix,Austria,11,2024
77,BOT,Kick Sauber,18.0,16.0,65.685,,,,23.24430379746836,36.88354430379747,59.54430379746835,2.6,104.36708860759494,Austrian Grand Prix,Austria,11,2024
2,SAR,Williams,19.0,19.0,65.685,,,,23.24430379746836,36.88354430379747,59.54430379746835,2.6,104.36708860759494,Austrian Grand Prix,Austria,11,2024
24,ZHO,Kick Sauber,20.0,17.0,65.685,,,,23.24430379746836,36.88354430379747,59.54430379746835,2.6,104.36708860759494,Austrian Grand Prix,Austria,11,2024
63,RUS,Mercedes,1.0,19.0,87.42,86.549,97.529,,18.319753086419755,29.296296296296298,67.5679012345679,1.7185185185185183,223.8148148148148,British Grand Prix,United Kingdom,12,2024
44,HAM,Mercedes,2.0,1.0,87.42,86.549,97.529,,18.319753086419755,29.296296296296298,67.5679012345679,1.7185185185185183,223.8148148148148,British Grand Prix,United Kingdom,12,2024
4,NOR,McLaren,3.0,3.0,87.42,86.549,97.529,,18.319753086419755,29.296296296296298,67.5679012345679,1.7185185185185183,223.8148148148148,British Grand Prix,United Kingdom,12,2024
1,VER,Red Bull Racing,4.0,2.0,87.42,86.549,97.529,,18.319753086419755,29.296296296296298,67.5679012345679,1.7185185185185183,223.8148148148148,British Grand Prix,United Kingdom,12,2024
81,PIA,McLaren,5.0,4.0,87.42,86.549,97.529,,18.319753086419755,29.296296296296298,67.5679012345679,1.7185185185185183,223.8148148148148,British Grand Prix,United Kingdom,12,2024
27,HUL,Haas F1 Team,6.0,6.0,87.42,86.549,97.529,,18.319753086419755,29.296296296296298,67.5679012345679,1.7185185185185183,223.8148148148148,British Grand Prix,United Kingdom,12,2024
55,SAI,Ferrari,7.0,5.0,87.42,86.549,97.529,,18.319753086419755,29.296296296296298,67.5679012345679,1.7185185185185183,223.8148148148148,British Grand Prix,United Kingdom,12,2024
18,STR,Aston Martin,8.0,7.0,87.42,86.549,97.529,,18.319753086419755,29.296296296296298,67.5679012345679,1.7185185185185183,223.8148148148148,British Grand Prix,United Kingdom,12,2024
23,ALB,Williams,9.0,9.0,87.42,86.549,97.529,,18.319753086419755,29.296296296296298,67.5679012345679,1.7185185185185183,223.8148148148148,British Grand Prix,United Kingdom,12,2024
14,ALO,Aston Martin,10.0,8.0,87.42,86.549,97.529,,18.319753086419755,29.296296296296298,67.5679012345679,1.7185185185185183,223.8148148148148,British Grand Prix,United Kingdom,12,2024
16,LEC,Ferrari,11.0,14.0,87.42,86.549,97.529,,18.319753086419755,29.296296296296298,67.5679012345679,1.7185185185185183,223.8148148148148,British Grand Prix,United Kingdom,12,2024
2,SAR,Williams,12.0,11.0,87.42,86.549,97.529,,18.319753086419755,29.296296296296298,67.5679012345679,1.7185185185185183,223.8148148148148,British Grand Prix,United Kingdom,12,2024
22,TSU,RB,13.0,10.0,87.42,86.549,97.529,,18.319753086419755,29.296296296296298,67.5679012345679,1.7185185185185183,223.8148148148148,British Grand Prix,United Kingdom,12,2024
24,ZHO,Kick Sauber,14.0,18.0,87.42,86.549,97.529,,18.319753086419755,29.296296296296298,67.5679012345679,1.7185185185185183,223.8148148148148,British Grand Prix,United Kingdom,12,2024
3,RIC,RB,15.0,13.0,87.42,86.549,97.529,,18.319753086419755,29.296296296296298,67.5679012345679,1.7185185185185183,223.8148148148148,British Grand Prix,United Kingdom,12,2024
77,BOT,Kick Sauber,16.0,15.0,87.42,86.549,97.529,,18.319753086419755,29.296296296296298,67.5679012345679,1.7185185185185183,223.8148148148148,British Grand Prix,United Kingdom,12,2024
20,MAG,Haas F1 Team,17.0,12.0,87.42,86.549,97.529,,18.319753086419755,29.296296296296298,67.5679012345679,1.7185185185185183,223.8148148148148,British Grand Prix,United Kingdom,12,2024
31,OCO,Alpine,18.0,16.0,87.42,86.549,97.529,,18.319753086419755,29.296296296296298,67.5679012345679,1.7185185185185183,223.8148148148148,British Grand Prix,United Kingdom,12,2024
11,PER,Red Bull Racing,19.0,17.0,87.42,86.549,97.529,,18.319753086419755,29.296296296296298,67.5679012345679,1.7185185185185183,223.8148148148148,British Grand Prix,United Kingdom,12,2024
10,GAS,Alpine,20.0,20.0,87.42,86.549,97.529,,18.319753086419755,29.296296296296298,67.5679012345679,1.7185185185185183,223.8148148148148,British Grand Prix,United Kingdom,12,2024
4,NOR,McLaren,1.0,2.0,78.713,77.788,76.098,,31.196296296296293,45.81975308641975,37.17283950617284,1.008641975308642,162.4320987654321,Hungarian Grand Prix,Hungary,13,2024
81,PIA,McLaren,2.0,1.0,78.713,77.788,76.098,,31.196296296296293,45.81975308641975,37.17283950617284,1.008641975308642,162.4320987654321,Hungarian Grand Prix,Hungary,13,2024
1,VER,Red Bull Racing,3.0,5.0,78.713,77.788,76.098,,31.196296296296293,45.81975308641975,37.17283950617284,1.008641975308642,162.4320987654321,Hungarian Grand Prix,Hungary,13,2024
55,SAI,Ferrari,4.0,6.0,78.713,77.788,76.098,,31.196296296296293,45.81975308641975,37.17283950617284,1.008641975308642,162.4320987654321,Hungarian Grand Prix,Hungary,13,2024
44,HAM,Mercedes,5.0,3.0,78.713,77.788,76.098,,31.196296296296293,45.81975308641975,37.17283950617284,1.008641975308642,162.4320987654321,Hungarian Grand Prix,Hungary,13,2024
16,LEC,Ferrari,6.0,4.0,78.713,77.788,76.098,,31.196296296296293,45.81975308641975,37.17283950617284,1.008641975308642,162.4320987654321,Hungarian Grand Prix,Hungary,13,2024
14,ALO,Aston Martin,7.0,11.0,78.713,77.788,76.098,,31.196296296296293,45.81975308641975,37.17283950617284,1.008641975308642,162.4320987654321,Hungarian Grand Prix,Hungary,13,2024
18,STR,Aston Martin,8.0,10.0,78.713,77.788,76.098,,31.196296296296293,45.81975308641975,37.17283950617284,1.008641975308642,162.4320987654321,Hungarian Grand Prix,Hungary,13,2024
3,RIC,RB,9.0,12.0,78.713,77.788,76.098,,31.196296296296293,45.81975308641975,37.17283950617284,1.008641975308642,162.4320987654321,Hungarian Grand Prix,Hungary,13,2024
22,TSU,RB,10.0,9.0,78.713,77.788,76.098,,31.196296296296293,45.81975308641975,37.17283950617284,1.008641975308642,162.4320987654321,Hungarian Grand Prix,Hungary,13,2024
27,HUL,Haas F1 Team,11.0,13.0,78.713,77.788,76.098,,31.196296296296293,45.81975308641975,37.17283950617284,1.008641975308642,162.4320987654321,Hungarian Grand Prix,Hungary,13,2024
77,BOT,Kick Sauber,12.0,16.0,78.713,77.788,76.098,,31.196296296296293,45.81975308641975,37.17283950617284,1.008641975308642,162.4320987654321,Hungarian Grand Prix,Hungary,13,2024
23,ALB,Williams,13.0,14.0,78.713,77.788,76.098,,31.196296296296293,45.81975308641975,37.17283950617284,1.008641975308642,162.4320987654321,Hungarian Grand Prix,Hungary,13,2024
2,SAR,Williams,14.0,17.0,78.713,77.788,76.098,,31.196296296296293,45.81975308641975,37.17283950617284,1.008641975308642,162.4320987654321,Hungarian Grand Prix,Hungary,13,2024
20,MAG,Haas F1 Team,15.0,15.0,78.713,77.788,76.098,,31.196296296296293,45.81975308641975,37.17283950617284,1.008641975308642,162.4320987654321,Hungarian Grand Prix,Hungary,13,2024
11,PER,Red Bull Racing,16.0,7.0,78.713,77.788,76.098,,31.196296296296293,45.81975308641975,37.17283950617284,1.008641975308642,162.4320987654321,Hungarian Grand Prix,Hungary,13,2024
63,RUS,Mercedes,17.0,8.0,78.713,77.788,76.098,,31.196296296296293,45.81975308641975,37.17283950617284,1.008641975308642,162.4320987654321,Hungarian Grand Prix,Hungary,13,2024
24,ZHO,Kick Sauber,18.0,19.0,78.713,77.788,76.098,,31.196296296296293,45.81975308641975,37.17283950617284,1.008641975308642,162.4320987654321,Hungarian Grand Prix,Hungary,13,2024
31,OCO,Alpine,19.0,18.0,78.713,77.788,76.098,,31.196296296296293,45.81975308641975,37.17283950617284,1.008641975308642,162.4320987654321,Hungarian Grand Prix,Hungary,13,2024
10,GAS,Alpine,20.0,20.0,78.713,77.788,76.098,,31.196296296296293,45.81975308641975,37.17283950617284,1.008641975308642,162.4320987654321,Hungarian Grand Prix,Hungary,13,2024
1,VER,Red Bull Racing,1.0,4.0,103.372,102.26,121.565,,21.78170731707317,35.19024390243902,64.3048780487805,1.2378048780487805,134.90243902439025,Belgian Grand Prix,Belgium,14,2024
16,LEC,Ferrari,2.0,3.0,103.372,102.26,121.565,,21.78170731707317,35.19024390243902,64.3048780487805,1.2378048780487805,134.90243902439025,Belgian Grand Prix,Belgium,14,2024
11,PER,Red Bull Racing,3.0,7.0,103.372,102.26,121.565,,21.78170731707317,35.19024390243902,64.3048780487805,1.2378048780487805,134.90243902439025,Belgian Grand Prix,Belgium,14,2024
44,HAM,Mercedes,4.0,1.0,103.372,102.26,121.565,,21.78170731707317,35.19024390243902,64.3048780487805,1.2378048780487805,134.90243902439025,Belgian Grand Prix,Belgium,14,2024
4,NOR,McLaren,5.0,5.0,103.372,102.26,121.565,,21.78170731707317,35.19024390243902,64.3048780487805,1.2378048780487805,134.90243902439025,Belgian Grand Prix,Belgium,14,2024
81,PIA,McLaren,6.0,2.0,103.372,102.26,121.565,,21.78170731707317,35.19024390243902,64.3048780487805,1.2378048780487805,134.90243902439025,Belgian Grand Prix,Belgium,14,2024
63,RUS,Mercedes,7.0,20.0,103.372,102.26,121.565,,21.78170731707317,35.19024390243902,64.3048780487805,1.2378048780487805,134.90243902439025,Belgian Grand Prix,Belgium,14,2024
55,SAI,Ferrari,8.0,6.0,103.372,102.26,121.565,,21.78170731707317,35.19024390243902,64.3048780487805,1.2378048780487805,134.90243902439025,Belgian Grand Prix,Belgium,14,2024
14,ALO,Aston Martin,9.0,8.0,103.372,102.26,121.565,,21.78170731707317,35.19024390243902,64.3048780487805,1.2378048780487805,134.90243902439025,Belgian Grand Prix,Belgium,14,2024
31,OCO,Alpine,10.0,9.0,103.372,102.26,121.565,,21.78170731707317,35.19024390243902,64.3048780487805,1.2378048780487805,134.90243902439025,Belgian Grand Prix,Belgium,14,2024
23,ALB,Williams,11.0,12.0,103.372,102.26,121.565,,21.78170731707317,35.19024390243902,64.3048780487805,1.2378048780487805,134.90243902439025,Belgian Grand Prix,Belgium,14,2024
10,GAS,Alpine,12.0,13.0,103.372,102.26,121.565,,21.78170731707317,35.19024390243902,64.3048780487805,1.2378048780487805,134.90243902439025,Belgian Grand Prix,Belgium,14,2024
3,RIC,RB,13.0,10.0,103.372,102.26,121.565,,21.78170731707317,35.19024390243902,64.3048780487805,1.2378048780487805,134.90243902439025,Belgian Grand Prix,Belgium,14,2024
77,BOT,Kick Sauber,14.0,15.0,103.372,102.26,121.565,,21.78170731707317,35.19024390243902,64.3048780487805,1.2378048780487805,134.90243902439025,Belgian Grand Prix,Belgium,14,2024
18,STR,Aston Martin,15.0,11.0,103.372,102.26,121.565,,21.78170731707317,35.19024390243902,64.3048780487805,1.2378048780487805,134.90243902439025,Belgian Grand Prix,Belgium,14,2024
27,HUL,Haas F1 Team,16.0,18.0,103.372,102.26,121.565,,21.78170731707317,35.19024390243902,64.3048780487805,1.2378048780487805,134.90243902439025,Belgian Grand Prix,Belgium,14,2024
20,MAG,Haas F1 Team,17.0,14.0,103.372,102.26,121.565,,21.78170731707317,35.19024390243902,64.3048780487805,1.2378048780487805,134.90243902439025,Belgian Grand Prix,Belgium,14,2024
22,TSU,RB,18.0,16.0,103.372,102.26,121.565,,21.78170731707317,35.19024390243902,64.3048780487805,1.2378048780487805,134.90243902439025,Belgian Grand Prix,Belgium,14,2024
2,SAR,Williams,19.0,17.0,103.372,102.26,121.565,,21.78170731707317,35.19024390243902,64.3048780487805,1.2378048780487805,134.90243902439025,Belgian Grand Prix,Belgium,14,2024
24,ZHO,Kick Sauber,20.0,19.0,103.372,102.26,121.565,,21.78170731707317,35.19024390243902,64.3048780487805,1.2378048780487805,134.90243902439025,Belgian Grand Prix,Belgium,14,2024
4,NOR,McLaren,1.0,1.0,72.322,70.702,80.311,,21.37721518987342,31.169620253164563,62.51898734177215,5.472151898734178,207.31645569620252,Dutch Grand Prix,Netherlands,15,2024
1,VER,Red Bull Racing,2.0,2.0,72.322,70.702,80.311,,21.37721518987342,31.169620253164563,62.51898734177215,5.472151898734178,207.31645569620252,Dutch Grand Prix,Netherlands,15,2024
81,PIA,McLaren,3.0,4.0,72.322,70.702,80.311,,21.37721518987342,31.169620253164563,62.51898734177215,5.472151898734178,207.31645569620252,Dutch Grand Prix,Netherlands,15,2024
63,RUS,Mercedes,4.0,7.0,72.322,70.702,80.311,,21.37721518987342,31.169620253164563,62.51898734177215,5.472151898734178,207.31645569620252,Dutch Grand Prix,Netherlands,15,2024
11,PER,Red Bull Racing,5.0,6.0,72.322,70.702,80.311,,21.37721518987342,31.169620253164563,62.51898734177215,5.472151898734178,207.31645569620252,Dutch Grand Prix,Netherlands,15,2024
16,LEC,Ferrari,6.0,3.0,72.322,70.702,80.311,,21.37721518987342,31.169620253164563,62.51898734177215,5.472151898734178,207.31645569620252,Dutch Grand Prix,Netherlands,15,2024
14,ALO,Aston Martin,7.0,10.0,72.322,70.702,80.311,,21.37721518987342,31.169620253164563,62.51898734177215,5.472151898734178,207.31645569620252,Dutch Grand Prix,Netherlands,15,2024
18,STR,Aston Martin,8.0,13.0,72.322,70.702,80.311,,21.37721518987342,31.169620253164563,62.51898734177215,5.472151898734178,207.31645569620252,Dutch Grand Prix,Netherlands,15,2024
10,GAS,Alpine,9.0,9.0,72.322,70.702,80.311,,21.37721518987342,31.169620253164563,62.51898734177215,5.472151898734178,207.31645569620252,Dutch Grand Prix,Netherlands,15,2024
55,SAI,Ferrari,10.0,5.0,72.322,70.702,80.311,,21.37721518987342,31.169620253164563,62.51898734177215,5.472151898734178,207.31645569620252,Dutch Grand Prix,Netherlands,15,2024
23,ALB,Williams,10.0,14.0,72.322,70.702,80.311,,21.37721518987342,31.169620253164563,62.51898734177215,5.472151898734178,207.31645569620252,Dutch Grand Prix,Netherlands,15,2024
44,HAM,Mercedes,11.0,8.0,72.322,70.702,80.311,,21.37721518987342,31.169620253164563,62.51898734177215,5.472151898734178,207.31645569620252,Dutch Grand Prix,Netherlands,15,2024
22,TSU,RB,12.0,17.0,72.322,70.702,80.311,,21.37721518987342,31.169620253164563,62.51898734177215,5.472151898734178,207.31645569620252,Dutch Grand Prix,Netherlands,15,2024
27,HUL,Haas F1 Team,13.0,11.0,72.322,70.702,80.311,,21.37721518987342,31.169620253164563,62.51898734177215,5.472151898734178,207.31645569620252,Dutch Grand Prix,Netherlands,15,2024
20,MAG,Haas F1 Team,14.0,18.0,72.322,70.702,80.311,,21.37721518987342,31.169620253164563,62.51898734177215,5.472151898734178,207.31645569620252,Dutch Grand Prix,Netherlands,15,2024
3,RIC,RB,15.0,12.0,72.322,70.702,80.311,,21.37721518987342,31.169620253164563,62.51898734177215,5.472151898734178,207.31645569620252,Dutch Grand Prix,Netherlands,15,2024
31,OCO,Alpine,16.0,15.0,72.322,70.702,80.311,,21.37721518987342,31.169620253164563,62.51898734177215,5.472151898734178,207.31645569620252,Dutch Grand Prix,Netherlands,15,2024
77,BOT,Kick Sauber,17.0,19.0,72.322,70.702,80.311,,21.37721518987342,31.169620253164563,62.51898734177215,5.472151898734178,207.31645569620252,Dutch Grand Prix,Netherlands,15,2024
24,ZHO,Kick Sauber,18.0,20.0,72.322,70.702,80.311,,21.37721518987342,31.169620253164563,62.51898734177215,5.472151898734178,207.31645569620252,Dutch Grand Prix,Netherlands,15,2024
2,SAR,Williams,20.0,16.0,72.322,70.702,80.311,,21.37721518987342,31.169620253164563,62.51898734177215,5.472151898734178,207.31645569620252,Dutch Grand Prix,Netherlands,15,2024
4,NOR,McLaren,1.0,3.0,81.676,80.738,80.117,,34.029113924050634,44.350632911392395,32.177215189873415,1.092405063291139,213.26582278481013,Italian Grand Prix,Italy,16,2024
81,PIA,McLaren,2.0,2.0,81.676,80.738,80.117,,34.029113924050634,44.350632911392395,32.177215189873415,1.092405063291139,213.26582278481013,Italian Grand Prix,Italy,16,2024
63,RUS,Mercedes,3.0,7.0,81.676,80.738,80.117,,34.029113924050634,44.350632911392395,32.177215189873415,1.092405063291139,213.26582278481013,Italian Grand Prix,Italy,16,2024
16,LEC,Ferrari,4.0,1.0,81.676,80.738,80.117,,34.029113924050634,44.350632911392395,32.177215189873415,1.092405063291139,213.26582278481013,Italian Grand Prix,Italy,16,2024
55,SAI,Ferrari,5.0,4.0,81.676,80.738,80.117,,34.029113924050634,44.350632911392395,32.177215189873415,1.092405063291139,213.26582278481013,Italian Grand Prix,Italy,16,2024
44,HAM,Mercedes,6.0,5.0,81.676,80.738,80.117,,34.029113924050634,44.350632911392395,32.177215189873415,1.092405063291139,213.26582278481013,Italian Grand Prix,Italy,16,2024
1,VER,Red Bull Racing,7.0,6.0,81.676,80.738,80.117,,34.029113924050634,44.350632911392395,32.177215189873415,1.092405063291139,213.26582278481013,Italian Grand Prix,Italy,16,2024
11,PER,Red Bull Racing,8.0,8.0,81.676,80.738,80.117,,34.029113924050634,44.350632911392395,32.177215189873415,1.092405063291139,213.26582278481013,Italian Grand Prix,Italy,16,2024
23,ALB,Williams,9.0,9.0,81.676,80.738,80.117,,34.029113924050634,44.350632911392395,32.177215189873415,1.092405063291139,213.26582278481013,Italian Grand Prix,Italy,16,2024
27,HUL,Haas F1 Team,10.0,17.0,81.676,80.738,80.117,,34.029113924050634,44.350632911392395,32.177215189873415,1.092405063291139,213.26582278481013,Italian Grand Prix,Italy,16,2024
14,ALO,Aston Martin,11.0,11.0,81.676,80.738,80.117,,34.029113924050634,44.350632911392395,32.177215189873415,1.092405063291139,213.26582278481013,Italian Grand Prix,Italy,16,2024
3,RIC,RB,12.0,13.0,81.676,80.738,80.117,,34.029113924050634,44.350632911392395,32.177215189873415,1.092405063291139,213.26582278481013,Italian Grand Prix,Italy,16,2024
20,MAG,Haas F1 Team,13.0,10.0,81.676,80.738,80.117,,34.029113924050634,44.350632911392395,32.177215189873415,1.092405063291139,213.26582278481013,Italian Grand Prix,Italy,16,2024
10,GAS,Alpine,14.0,15.0,81.676,80.738,80.117,,34.029113924050634,44.350632911392395,32.177215189873415,1.092405063291139,213.26582278481013,Italian Grand Prix,Italy,16,2024
31,OCO,Alpine,15.0,14.0,81.676,80.738,80.117,,34.029113924050634,44.350632911392395,32.177215189873415,1.092405063291139,213.26582278481013,Italian Grand Prix,Italy,16,2024
22,TSU,RB,16.0,20.0,81.676,80.738,80.117,,34.029113924050634,44.350632911392395,32.177215189873415,1.092405063291139,213.26582278481013,Italian Grand Prix,Italy,16,2024
18,STR,Aston Martin,17.0,19.0,81.676,80.738,80.117,,34.029113924050634,44.350632911392395,32.177215189873415,1.092405063291139,213.26582278481013,Italian Grand Prix,Italy,16,2024
43,COL,Williams,18.0,12.0,81.676,80.738,80.117,,34.029113924050634,44.350632911392395,32.177215189873415,1.092405063291139,213.26582278481013,Italian Grand Prix,Italy,16,2024
77,BOT,Kick Sauber,19.0,16.0,81.676,80.738,80.117,,34.029113924050634,44.350632911392395,32.177215189873415,1.092405063291139,213.26582278481013,Italian Grand Prix,Italy,16,2024
24,ZHO,Kick Sauber,20.0,18.0,81.676,80.738,80.117,,34.029113924050634,44.350632911392395,32.177215189873415,1.092405063291139,213.26582278481013,Italian Grand Prix,Italy,16,2024
16,LEC,Ferrari,1.0,2.0,105.546,103.484,102.514,,28.52926829268293,36.34878048780487,33.09756097560975,1.224390243902439,115.8170731707317,Azerbaijan Grand Prix,Azerbaijan,17,2024
81,PIA,McLaren,2.0,1.0,105.546,103.484,102.514,,28.52926829268293,36.34878048780487,33.09756097560975,1.224390243902439,115.8170731707317,Azerbaijan Grand Prix,Azerbaijan,17,2024
55,SAI,Ferrari,3.0,18.0,105.546,103.484,102.514,,28.52926829268293,36.34878048780487,33.09756097560975,1.224390243902439,115.8170731707317,Azerbaijan Grand Prix,Azerbaijan,17,2024
11,PER,Red Bull Racing,4.0,17.0,105.546,103.484,102.514,,28.52926829268293,36.34878048780487,33.09756097560975,1.224390243902439,115.8170731707317,Azerbaijan Grand Prix,Azerbaijan,17,2024
63,RUS,Mercedes,5.0,3.0,105.546,103.484,102.514,,28.52926829268293,36.34878048780487,33.09756097560975,1.224390243902439,115.8170731707317,Azerbaijan Grand Prix,Azerbaijan,17,2024
1,VER,Red Bull Racing,6.0,5.0,105.546,103.484,102.514,,28.52926829268293,36.34878048780487,33.09756097560975,1.224390243902439,115.8170731707317,Azerbaijan Grand Prix,Azerbaijan,17,2024
44,HAM,Mercedes,7.0,9.0,105.546,103.484,102.514,,28.52926829268293,36.34878048780487,33.09756097560975,1.224390243902439,115.8170731707317,Azerbaijan Grand Prix,Azerbaijan,17,2024
14,ALO,Aston Martin,8.0,6.0,105.546,103.484,102.514,,28.52926829268293,36.34878048780487,33.09756097560975,1.224390243902439,115.8170731707317,Azerbaijan Grand Prix,Azerbaijan,17,2024
43,COL,Williams,9.0,8.0,105.546,103.484,102.514,,28.52926829268293,36.34878048780487,33.09756097560975,1.224390243902439,115.8170731707317,Azerbaijan Grand Prix,Azerbaijan,17,2024
23,ALB,Williams,10.0,7.0,105.546,103.484,102.514,,28.52926829268293,36.34878048780487,33.09756097560975,1.224390243902439,115.8170731707317,Azerbaijan Grand Prix,Azerbaijan,17,2024
50,BEA,Haas F1 Team,11.0,10.0,105.546,103.484,102.514,,28.52926829268293,36.34878048780487,33.09756097560975,1.224390243902439,115.8170731707317,Azerbaijan Grand Prix,Azerbaijan,17,2024
22,TSU,RB,12.0,20.0,105.546,103.484,102.514,,28.52926829268293,36.34878048780487,33.09756097560975,1.224390243902439,115.8170731707317,Azerbaijan Grand Prix,Azerbaijan,17,2024
27,HUL,Haas F1 Team,13.0,11.0,105.546,103.484,102.514,,28.52926829268293,36.34878048780487,33.09756097560975,1.224390243902439,115.8170731707317,Azerbaijan Grand Prix,Azerbaijan,17,2024
18,STR,Aston Martin,14.0,19.0,105.546,103.484,102.514,,28.52926829268293,36.34878048780487,33.09756097560975,1.224390243902439,115.8170731707317,Azerbaijan Grand Prix,Azerbaijan,17,2024
3,RIC,RB,15.0,13.0,105.546,103.484,102.514,,28.52926829268293,36.34878048780487,33.09756097560975,1.224390243902439,115.8170731707317,Azerbaijan Grand Prix,Azerbaijan,17,2024
10,GAS,Alpine,15.0,12.0,105.546,103.484,102.514,,28.52926829268293,36.34878048780487,33.09756097560975,1.224390243902439,115.8170731707317,Azerbaijan Grand Prix,Azerbaijan,17,2024
4,NOR,McLaren,16.0,4.0,105.546,103.484,102.514,,28.52926829268293,36.34878048780487,33.09756097560975,1.224390243902439,115.8170731707317,Azerbaijan Grand Prix,Azerbaijan,17,2024
77,BOT,Kick Sauber,17.0,16.0,105.546,103.484,102.514,,28.52926829268293,36.34878048780487,33.09756097560975,1.224390243902439,115.8170731707317,Azerbaijan Grand Prix,Azerbaijan,17,2024
24,ZHO,Kick Sauber,18.0,14.0,105.546,103.484,102.514,,28.52926829268293,36.34878048780487,33.09756097560975,1.224390243902439,115.8170731707317,Azerbaijan Grand Prix,Azerbaijan,17,2024
31,OCO,Alpine,19.0,15.0,105.546,103.484,102.514,,28.52926829268293,36.34878048780487,33.09756097560975,1.224390243902439,115.8170731707317,Azerbaijan Grand Prix,Azerbaijan,17,2024
4,NOR,McLaren,1.0,1.0,91.763,90.727,89.646,,30.181707317073165,32.95000000000001,73.98780487804878,1.6597560975609755,203.09756097560975,Singapore Grand Prix,Singapore,18,2024
1,VER,Red Bull Racing,2.0,2.0,91.763,90.727,89.646,,30.181707317073165,32.95000000000001,73.98780487804878,1.6597560975609755,203.09756097560975,Singapore Grand Prix,Singapore,18,2024
44,HAM,Mercedes,3.0,6.0,91.763,90.727,89.646,,30.181707317073165,32.95000000000001,73.98780487804878,1.6597560975609755,203.09756097560975,Singapore Grand Prix,Singapore,18,2024
63,RUS,Mercedes,4.0,4.0,91.763,90.727,89.646,,30.181707317073165,32.95000000000001,73.98780487804878,1.6597560975609755,203.09756097560975,Singapore Grand Prix,Singapore,18,2024
81,PIA,McLaren,5.0,3.0,91.763,90.727,89.646,,30.181707317073165,32.95000000000001,73.98780487804878,1.6597560975609755,203.09756097560975,Singapore Grand Prix,Singapore,18,2024
27,HUL,Haas F1 Team,6.0,9.0,91.763,90.727,89.646,,30.181707317073165,32.95000000000001,73.98780487804878,1.6597560975609755,203.09756097560975,Singapore Grand Prix,Singapore,18,2024
14,ALO,Aston Martin,7.0,8.0,91.763,90.727,89.646,,30.181707317073165,32.95000000000001,73.98780487804878,1.6597560975609755,203.09756097560975,Singapore Grand Prix,Singapore,18,2024
22,TSU,RB,8.0,12.0,91.763,90.727,89.646,,30.181707317073165,32.95000000000001,73.98780487804878,1.6597560975609755,203.09756097560975,Singapore Grand Prix,Singapore,18,2024
16,LEC,Ferrari,9.0,5.0,91.763,90.727,89.646,,30.181707317073165,32.95000000000001,73.98780487804878,1.6597560975609755,203.09756097560975,Singapore Grand Prix,Singapore,18,2024
55,SAI,Ferrari,10.0,7.0,91.763,90.727,89.646,,30.181707317073165,32.95000000000001,73.98780487804878,1.6597560975609755,203.09756097560975,Singapore Grand Prix,Singapore,18,2024
23,ALB,Williams,11.0,20.0,91.763,90.727,89.646,,30.181707317073165,32.95000000000001,73.98780487804878,1.6597560975609755,203.09756097560975,Singapore Grand Prix,Singapore,18,2024
43,COL,Williams,12.0,11.0,91.763,90.727,89.646,,30.181707317073165,32.95000000000001,73.98780487804878,1.6597560975609755,203.09756097560975,Singapore Grand Prix,Singapore,18,2024
11,PER,Red Bull Racing,13.0,10.0,91.763,90.727,89.646,,30.181707317073165,32.95000000000001,73.98780487804878,1.6597560975609755,203.09756097560975,Singapore Grand Prix,Singapore,18,2024
20,MAG,Haas F1 Team,14.0,19.0,91.763,90.727,89.646,,30.181707317073165,32.95000000000001,73.98780487804878,1.6597560975609755,203.09756097560975,Singapore Grand Prix,Singapore,18,2024
31,OCO,Alpine,15.0,13.0,91.763,90.727,89.646,,30.181707317073165,32.95000000000001,73.98780487804878,1.6597560975609755,203.09756097560975,Singapore Grand Prix,Singapore,18,2024
3,RIC,RB,16.0,18.0,91.763,90.727,89.646,,30.181707317073165,32.95000000000001,73.98780487804878,1.6597560975609755,203.09756097560975,Singapore Grand Prix,Singapore,18,2024
18,STR,Aston Martin,17.0,14.0,91.763,90.727,89.646,,30.181707317073165,32.95000000000001,73.98780487804878,1.6597560975609755,203.09756097560975,Singapore Grand Prix,Singapore,18,2024
10,GAS,Alpine,18.0,17.0,91.763,90.727,89.646,,30.181707317073165,32.95000000000001,73.98780487804878,1.6597560975609755,203.09756097560975,Singapore Grand Prix,Singapore,18,2024
77,BOT,Kick Sauber,19.0,16.0,91.763,90.727,89.646,,30.181707317073165,32.95000000000001,73.98780487804878,1.6597560975609755,203.09756097560975,Singapore Grand Prix,Singapore,18,2024
24,ZHO,Kick Sauber,20.0,15.0,91.763,90.727,89.646,,30.181707317073165,32.95000000000001,73.98780487804878,1.6597560975609755,203.09756097560975,Singapore Grand Prix,Singapore,18,2024
4,NOR,McLaren,1.0,4.0,93.602,,,,25.27777777777778,36.703703703703695,52.24691358024691,3.34074074074074,158.8641975308642,United States Grand Prix,United States,19,2024
1,VER,Red Bull Racing,2.0,3.0,93.602,,,,25.27777777777778,36.703703703703695,52.24691358024691,3.34074074074074,158.8641975308642,United States Grand Prix,United States,19,2024
55,SAI,Ferrari,3.0,2.0,93.602,,,,25.27777777777778,36.703703703703695,52.24691358024691,3.34074074074074,158.8641975308642,United States Grand Prix,United States,19,2024
16,LEC,Ferrari,4.0,1.0,93.602,,,,25.27777777777778,36.703703703703695,52.24691358024691,3.34074074074074,158.8641975308642,United States Grand Prix,United States,19,2024
81,PIA,McLaren,5.0,5.0,93.602,,,,25.27777777777778,36.703703703703695,52.24691358024691,3.34074074074074,158.8641975308642,United States Grand Prix,United States,19,2024
63,RUS,Mercedes,6.0,6.0,93.602,,,,25.27777777777778,36.703703703703695,52.24691358024691,3.34074074074074,158.8641975308642,United States Grand Prix,United States,19,2024
10,GAS,Alpine,7.0,12.0,93.602,,,,25.27777777777778,36.703703703703695,52.24691358024691,3.34074074074074,158.8641975308642,United States Grand Prix,United States,19,2024
14,ALO,Aston Martin,8.0,13.0,93.602,,,,25.27777777777778,36.703703703703695,52.24691358024691,3.34074074074074,158.8641975308642,United States Grand Prix,United States,19,2024
20,MAG,Haas F1 Team,9.0,11.0,93.602,,,,25.27777777777778,36.703703703703695,52.24691358024691,3.34074074074074,158.8641975308642,United States Grand Prix,United States,19,2024
11,PER,Red Bull Racing,10.0,7.0,93.602,,,,25.27777777777778,36.703703703703695,52.24691358024691,3.34074074074074,158.8641975308642,United States Grand Prix,United States,19,2024
22,TSU,RB,11.0,14.0,93.602,,,,25.27777777777778,36.703703703703695,52.24691358024691,3.34074074074074,158.8641975308642,United States Grand Prix,United States,19,2024
27,HUL,Haas F1 Team,12.0,8.0,93.602,,,,25.27777777777778,36.703703703703695,52.24691358024691,3.34074074074074,158.8641975308642,United States Grand Prix,United States,19,2024
31,OCO,Alpine,13.0,18.0,93.602,,,,25.27777777777778,36.703703703703695,52.24691358024691,3.34074074074074,158.8641975308642,United States Grand Prix,United States,19,2024
18,STR,Aston Martin,14.0,15.0,93.602,,,,25.27777777777778,36.703703703703695,52.24691358024691,3.34074074074074,158.8641975308642,United States Grand Prix,United States,19,2024
30,LAW,RB,15.0,9.0,93.602,,,,25.27777777777778,36.703703703703695,52.24691358024691,3.34074074074074,158.8641975308642,United States Grand Prix,United States,19,2024
23,ALB,Williams,16.0,16.0,93.602,,,,25.27777777777778,36.703703703703695,52.24691358024691,3.34074074074074,158.8641975308642,United States Grand Prix,United States,19,2024
43,COL,Williams,17.0,10.0,93.602,,,,25.27777777777778,36.703703703703695,52.24691358024691,3.34074074074074,158.8641975308642,United States Grand Prix,United States,19,2024
77,BOT,Kick Sauber,18.0,17.0,93.602,,,,25.27777777777778,36.703703703703695,52.24691358024691,3.34074074074074,158.8641975308642,United States Grand Prix,United States,19,2024
44,HAM,Mercedes,19.0,20.0,93.602,,,,25.27777777777778,36.703703703703695,52.24691358024691,3.34074074074074,158.8641975308642,United States Grand Prix,United States,19,2024
24,ZHO,Kick Sauber,20.0,19.0,93.602,,,,25.27777777777778,36.703703703703695,52.24691358024691,3.34074074074074,158.8641975308642,United States Grand Prix,United States,19,2024
55,SAI,Ferrari,1.0,1.0,77.998,77.699,76.492,,22.755963302752296,37.789908256880736,27.513761467889907,1.4238532110091744,255.9724770642202,Mexico City Grand Prix,Mexico,20,2024
1,VER,Red Bull Racing,2.0,6.0,77.998,77.699,76.492,,22.755963302752296,37.789908256880736,27.513761467889907,1.4238532110091744,255.9724770642202,Mexico City Grand Prix,Mexico,20,2024
4,NOR,McLaren,3.0,2.0,77.998,77.699,76.492,,22.755963302752296,37.789908256880736,27.513761467889907,1.4238532110091744,255.9724770642202,Mexico City Grand Prix,Mexico,20,2024
16,LEC,Ferrari,4.0,3.0,77.998,77.699,76.492,,22.755963302752296,37.789908256880736,27.513761467889907,1.4238532110091744,255.9724770642202,Mexico City Grand Prix,Mexico,20,2024
63,RUS,Mercedes,5.0,5.0,77.998,77.699,76.492,,22.755963302752296,37.789908256880736,27.513761467889907,1.4238532110091744,255.9724770642202,Mexico City Grand Prix,Mexico,20,2024
44,HAM,Mercedes,6.0,4.0,77.998,77.699,76.492,,22.755963302752296,37.789908256880736,27.513761467889907,1.4238532110091744,255.9724770642202,Mexico City Grand Prix,Mexico,20,2024
20,MAG,Haas F1 Team,7.0,7.0,77.998,77.699,76.492,,22.755963302752296,37.789908256880736,27.513761467889907,1.4238532110091744,255.9724770642202,Mexico City Grand Prix,Mexico,20,2024
10,GAS,Alpine,8.0,10.0,77.998,77.699,76.492,,22.755963302752296,37.789908256880736,27.513761467889907,1.4238532110091744,255.9724770642202,Mexico City Grand Prix,Mexico,20,2024
23,ALB,Williams,9.0,19.0,77.998,77.699,76.492,,22.755963302752296,37.789908256880736,27.513761467889907,1.4238532110091744,255.9724770642202,Mexico City Grand Prix,Mexico,20,2024
27,HUL,Haas F1 Team,10.0,9.0,77.998,77.699,76.492,,22.755963302752296,37.789908256880736,27.513761467889907,1.4238532110091744,255.9724770642202,Mexico City Grand Prix,Mexico,20,2024
22,TSU,RB,11.0,20.0,77.998,77.699,76.492,,22.755963302752296,37.789908256880736,27.513761467889907,1.4238532110091744,255.9724770642202,Mexico City Grand Prix,Mexico,20,2024
30,LAW,RB,12.0,16.0,77.998,77.699,76.492,,22.755963302752296,37.789908256880736,27.513761467889907,1.4238532110091744,255.9724770642202,Mexico City Grand Prix,Mexico,20,2024
14,ALO,Aston Martin,13.0,18.0,77.998,77.699,76.492,,22.755963302752296,37.789908256880736,27.513761467889907,1.4238532110091744,255.9724770642202,Mexico City Grand Prix,Mexico,20,2024
18,STR,Aston Martin,14.0,11.0,77.998,77.699,76.492,,22.755963302752296,37.789908256880736,27.513761467889907,1.4238532110091744,255.9724770642202,Mexico City Grand Prix,Mexico,20,2024
77,BOT,Kick Sauber,15.0,14.0,77.998,77.699,76.492,,22.755963302752296,37.789908256880736,27.513761467889907,1.4238532110091744,255.9724770642202,Mexico City Grand Prix,Mexico,20,2024
43,COL,Williams,16.0,12.0,77.998,77.699,76.492,,22.755963302752296,37.789908256880736,27.513761467889907,1.4238532110091744,255.9724770642202,Mexico City Grand Prix,Mexico,20,2024
81,PIA,McLaren,17.0,8.0,77.998,77.699,76.492,,22.755963302752296,37.789908256880736,27.513761467889907,1.4238532110091744,255.9724770642202,Mexico City Grand Prix,Mexico,20,2024
11,PER,Red Bull Racing,18.0,17.0,77.998,77.699,76.492,,22.755963302752296,37.789908256880736,27.513761467889907,1.4238532110091744,255.9724770642202,Mexico City Grand Prix,Mexico,20,2024
31,OCO,Alpine,19.0,13.0,77.998,77.699,76.492,,22.755963302752296,37.789908256880736,27.513761467889907,1.4238532110091744,255.9724770642202,Mexico City Grand Prix,Mexico,20,2024
24,ZHO,Kick Sauber,20.0,15.0,77.998,77.699,76.492,,22.755963302752296,37.789908256880736,27.513761467889907,1.4238532110091744,255.9724770642202,Mexico City Grand Prix,Mexico,20,2024
4,NOR,McLaren,1.0,6.0,70.61,,,,26.103658536585368,54.140243902439025,54.9390243902439,1.0865853658536584,180.59756097560975,São Paulo Grand Prix,Brazil,21,2024
63,RUS,Mercedes,2.0,4.0,70.61,,,,26.103658536585368,54.140243902439025,54.9390243902439,1.0865853658536584,180.59756097560975,São Paulo Grand Prix,Brazil,21,2024
22,TSU,RB,3.0,7.0,70.61,,,,26.103658536585368,54.140243902439025,54.9390243902439,1.0865853658536584,180.59756097560975,São Paulo Grand Prix,Brazil,21,2024
31,OCO,Alpine,4.0,2.0,70.61,,,,26.103658536585368,54.140243902439025,54.9390243902439,1.0865853658536584,180.59756097560975,São Paulo Grand Prix,Brazil,21,2024
30,LAW,RB,5.0,9.0,70.61,,,,26.103658536585368,54.140243902439025,54.9390243902439,1.0865853658536584,180.59756097560975,São Paulo Grand Prix,Brazil,21,2024
16,LEC,Ferrari,6.0,5.0,70.61,,,,26.103658536585368,54.140243902439025,54.9390243902439,1.0865853658536584,180.59756097560975,São Paulo Grand Prix,Brazil,21,2024
23,ALB,Williams,7.0,18.0,70.61,,,,26.103658536585368,54.140243902439025,54.9390243902439,1.0865853658536584,180.59756097560975,São Paulo Grand Prix,Brazil,21,2024
81,PIA,McLaren,8.0,8.0,70.61,,,,26.103658536585368,54.140243902439025,54.9390243902439,1.0865853658536584,180.59756097560975,São Paulo Grand Prix,Brazil,21,2024
14,ALO,Aston Martin,9.0,14.0,70.61,,,,26.103658536585368,54.140243902439025,54.9390243902439,1.0865853658536584,180.59756097560975,São Paulo Grand Prix,Brazil,21,2024
18,STR,Aston Martin,10.0,19.0,70.61,,,,26.103658536585368,54.140243902439025,54.9390243902439,1.0865853658536584,180.59756097560975,São Paulo Grand Prix,Brazil,21,2024
77,BOT,Kick Sauber,11.0,13.0,70.61,,,,26.103658536585368,54.140243902439025,54.9390243902439,1.0865853658536584,180.59756097560975,São Paulo Grand Prix,Brazil,21,2024
1,VER,Red Bull Racing,12.0,1.0,70.61,,,,26.103658536585368,54.140243902439025,54.9390243902439,1.0865853658536584,180.59756097560975,São Paulo Grand Prix,Brazil,21,2024
11,PER,Red Bull Racing,13.0,11.0,70.61,,,,26.103658536585368,54.140243902439025,54.9390243902439,1.0865853658536584,180.59756097560975,São Paulo Grand Prix,Brazil,21,2024
55,SAI,Ferrari,14.0,16.0,70.61,,,,26.103658536585368,54.140243902439025,54.9390243902439,1.0865853658536584,180.59756097560975,São Paulo Grand Prix,Brazil,21,2024
10,GAS,Alpine,15.0,3.0,70.61,,,,26.103658536585368,54.140243902439025,54.9390243902439,1.0865853658536584,180.59756097560975,São Paulo Grand Prix,Brazil,21,2024
44,HAM,Mercedes,16.0,10.0,70.61,,,,26.103658536585368,54.140243902439025,54.9390243902439,1.0865853658536584,180.59756097560975,São Paulo Grand Prix,Brazil,21,2024
50,BEA,Haas F1 Team,17.0,12.0,70.61,,,,26.103658536585368,54.140243902439025,54.9390243902439,1.0865853658536584,180.59756097560975,São Paulo Grand Prix,Brazil,21,2024
43,COL,Williams,18.0,17.0,70.61,,,,26.103658536585368,54.140243902439025,54.9390243902439,1.0865853658536584,180.59756097560975,São Paulo Grand Prix,Brazil,21,2024
27,HUL,Haas F1 Team,19.0,20.0,70.61,,,,26.103658536585368,54.140243902439025,54.9390243902439,1.0865853658536584,180.59756097560975,São Paulo Grand Prix,Brazil,21,2024
24,ZHO,Kick Sauber,20.0,15.0,70.61,,,,26.103658536585368,54.140243902439025,54.9390243902439,1.0865853658536584,180.59756097560975,São Paulo Grand Prix,Brazil,21,2024
63,RUS,Mercedes,1.0,1.0,95.001,93.825,93.57,,11.146296296296295,12.870987654320986,24.290123456790123,0.9117283950617283,216.62345679012347,Las Vegas Grand Prix,United States,22,2024
55,SAI,Ferrari,2.0,3.0,95.001,93.825,93.57,,11.146296296296295,12.870987654320986,24.290123456790123,0.9117283950617283,216.62345679012347,Las Vegas Grand Prix,United States,22,2024
10,GAS,Alpine,3.0,20.0,95.001,93.825,93.57,,11.146296296296295,12.870987654320986,24.290123456790123,0.9117283950617283,216.62345679012347,Las Vegas Grand Prix,United States,22,2024
16,LEC,Ferrari,4.0,4.0,95.001,93.825,93.57,,11.146296296296295,12.870987654320986,24.290123456790123,0.9117283950617283,216.62345679012347,Las Vegas Grand Prix,United States,22,2024
1,VER,Red Bull Racing,5.0,5.0,95.001,93.825,93.57,,11.146296296296295,12.870987654320986,24.290123456790123,0.9117283950617283,216.62345679012347,Las Vegas Grand Prix,United States,22,2024
4,NOR,McLaren,6.0,6.0,95.001,93.825,93.57,,11.146296296296295,12.870987654320986,24.290123456790123,0.9117283950617283,216.62345679012347,Las Vegas Grand Prix,United States,22,2024
22,TSU,RB,7.0,9.0,95.001,93.825,93.57,,11.146296296296295,12.870987654320986,24.290123456790123,0.9117283950617283,216.62345679012347,Las Vegas Grand Prix,United States,22,2024
81,PIA,McLaren,8.0,7.0,95.001,93.825,93.57,,11.146296296296295,12.870987654320986,24.290123456790123,0.9117283950617283,216.62345679012347,Las Vegas Grand Prix,United States,22,2024
27,HUL,Haas F1 Team,9.0,8.0,95.001,93.825,93.57,,11.146296296296295,12.870987654320986,24.290123456790123,0.9117283950617283,216.62345679012347,Las Vegas Grand Prix,United States,22,2024
44,HAM,Mercedes,10.0,2.0,95.001,93.825,93.57,,11.146296296296295,12.870987654320986,24.290123456790123,0.9117283950617283,216.62345679012347,Las Vegas Grand Prix,United States,22,2024
31,OCO,Alpine,11.0,17.0,95.001,93.825,93.57,,11.146296296296295,12.870987654320986,24.290123456790123,0.9117283950617283,216.62345679012347,Las Vegas Grand Prix,United States,22,2024
20,MAG,Haas F1 Team,12.0,12.0,95.001,93.825,93.57,,11.146296296296295,12.870987654320986,24.290123456790123,0.9117283950617283,216.62345679012347,Las Vegas Grand Prix,United States,22,2024
24,ZHO,Kick Sauber,13.0,13.0,95.001,93.825,93.57,,11.146296296296295,12.870987654320986,24.290123456790123,0.9117283950617283,216.62345679012347,Las Vegas Grand Prix,United States,22,2024
43,COL,Williams,14.0,14.0,95.001,93.825,93.57,,11.146296296296295,12.870987654320986,24.290123456790123,0.9117283950617283,216.62345679012347,Las Vegas Grand Prix,United States,22,2024
30,LAW,RB,15.0,16.0,95.001,93.825,93.57,,11.146296296296295,12.870987654320986,24.290123456790123,0.9117283950617283,216.62345679012347,Las Vegas Grand Prix,United States,22,2024
11,PER,Red Bull Racing,16.0,10.0,95.001,93.825,93.57,,11.146296296296295,12.870987654320986,24.290123456790123,0.9117283950617283,216.62345679012347,Las Vegas Grand Prix,United States,22,2024
14,ALO,Aston Martin,17.0,11.0,95.001,93.825,93.57,,11.146296296296295,12.870987654320986,24.290123456790123,0.9117283950617283,216.62345679012347,Las Vegas Grand Prix,United States,22,2024
23,ALB,Williams,18.0,19.0,95.001,93.825,93.57,,11.146296296296295,12.870987654320986,24.290123456790123,0.9117283950617283,216.62345679012347,Las Vegas Grand Prix,United States,22,2024
77,BOT,Kick Sauber,19.0,18.0,95.001,93.825,93.57,,11.146296296296295,12.870987654320986,24.290123456790123,0.9117283950617283,216.62345679012347,Las Vegas Grand Prix,United States,22,2024
18,STR,Aston Martin,20.0,15.0,95.001,93.825,93.57,,11.146296296296295,12.870987654320986,24.290123456790123,0.9117283950617283,216.62345679012347,Las Vegas Grand Prix,United States,22,2024
1,VER,Red Bull Racing,1.0,1.0,81.953,,,,20.33456790123457,25.320987654320994,57.864197530864196,3.3567901234567907,141.85185185185185,Qatar Grand Prix,Qatar,23,2024
63,RUS,Mercedes,2.0,4.0,81.953,,,,20.33456790123457,25.320987654320994,57.864197530864196,3.3567901234567907,141.85185185185185,Qatar Grand Prix,Qatar,23,2024
4,NOR,McLaren,3.0,10.0,81.953,,,,20.33456790123457,25.320987654320994,57.864197530864196,3.3567901234567907,141.85185185185185,Qatar Grand Prix,Qatar,23,2024
81,PIA,McLaren,4.0,3.0,81.953,,,,20.33456790123457,25.320987654320994,57.864197530864196,3.3567901234567907,141.85185185185185,Qatar Grand Prix,Qatar,23,2024
16,LEC,Ferrari,5.0,2.0,81.953,,,,20.33456790123457,25.320987654320994,57.864197530864196,3.3567901234567907,141.85185185185185,Qatar Grand Prix,Qatar,23,2024
44,HAM,Mercedes,6.0,12.0,81.953,,,,20.33456790123457,25.320987654320994,57.864197530864196,3.3567901234567907,141.85185185185185,Qatar Grand Prix,Qatar,23,2024
55,SAI,Ferrari,7.0,6.0,81.953,,,,20.33456790123457,25.320987654320994,57.864197530864196,3.3567901234567907,141.85185185185185,Qatar Grand Prix,Qatar,23,2024
14,ALO,Aston Martin,8.0,7.0,81.953,,,,20.33456790123457,25.320987654320994,57.864197530864196,3.3567901234567907,141.85185185185185,Qatar Grand Prix,Qatar,23,2024
11,PER,Red Bull Racing,9.0,17.0,81.953,,,,20.33456790123457,25.320987654320994,57.864197530864196,3.3567901234567907,141.85185185185185,Qatar Grand Prix,Qatar,23,2024
20,MAG,Haas F1 Team,10.0,9.0,81.953,,,,20.33456790123457,25.320987654320994,57.864197530864196,3.3567901234567907,141.85185185185185,Qatar Grand Prix,Qatar,23,2024
10,GAS,Alpine,11.0,5.0,81.953,,,,20.33456790123457,25.320987654320994,57.864197530864196,3.3567901234567907,141.85185185185185,Qatar Grand Prix,Qatar,23,2024
24,ZHO,Kick Sauber,12.0,8.0,81.953,,,,20.33456790123457,25.320987654320994,57.864197530864196,3.3567901234567907,141.85185185185185,Qatar Grand Prix,Qatar,23,2024
77,BOT,Kick Sauber,13.0,11.0,81.953,,,,20.33456790123457,25.320987654320994,57.864197530864196,3.3567901234567907,141.85185185185185,Qatar Grand Prix,Qatar,23,2024
22,TSU,RB,14.0,13.0,81.953,,,,20.33456790123457,25.320987654320994,57.864197530864196,3.3567901234567907,141.85185185185185,Qatar Grand Prix,Qatar,23,2024
18,STR,Aston Martin,15.0,18.0,81.953,,,,20.33456790123457,25.320987654320994,57.864197530864196,3.3567901234567907,141.85185185185185,Qatar Grand Prix,Qatar,23,2024
23,ALB,Williams,16.0,15.0,81.953,,,,20.33456790123457,25.320987654320994,57.864197530864196,3.3567901234567907,141.85185185185185,Qatar Grand Prix,Qatar,23,2024
30,LAW,RB,17.0,14.0,81.953,,,,20.33456790123457,25.320987654320994,57.864197530864196,3.3567901234567907,141.85185185185185,Qatar Grand Prix,Qatar,23,2024
27,HUL,Haas F1 Team,18.0,16.0,81.953,,,,20.33456790123457,25.320987654320994,57.864197530864196,3.3567901234567907,141.85185185185185,Qatar Grand Prix,Qatar,23,2024
43,COL,Williams,19.0,19.0,81.953,,,,20.33456790123457,25.320987654320994,57.864197530864196,3.3567901234567907,141.85185185185185,Qatar Grand Prix,Qatar,23,2024
31,OCO,Alpine,20.0,20.0,81.953,,,,20.33456790123457,25.320987654320994,57.864197530864196,3.3567901234567907,141.85185185185185,Qatar Grand Prix,Qatar,23,2024
4,NOR,McLaren,1.0,1.0,84.321,83.517,83.433,,26.474683544303797,31.649367088607598,66.10126582278481,1.2189873417721517,269.0253164556962,Abu Dhabi Grand Prix,United Arab Emirates,24,2024
81,PIA,McLaren,2.0,10.0,84.321,83.517,83.433,,26.474683544303797,31.649367088607598,66.10126582278481,1.2189873417721517,269.0253164556962,Abu Dhabi Grand Prix,United Arab Emirates,24,2024
55,SAI,Ferrari,3.0,2.0,84.321,83.517,83.433,,26.474683544303797,31.649367088607598,66.10126582278481,1.2189873417721517,269.0253164556962,Abu Dhabi Grand Prix,United Arab Emirates,24,2024
27,HUL,Haas F1 Team,4.0,8.0,84.321,83.517,83.433,,26.474683544303797,31.649367088607598,66.10126582278481,1.2189873417721517,269.0253164556962,Abu Dhabi Grand Prix,United Arab Emirates,24,2024
1,VER,Red Bull Racing,5.0,6.0,84.321,83.517,83.433,,26.474683544303797,31.649367088607598,66.10126582278481,1.2189873417721517,269.0253164556962,Abu Dhabi Grand Prix,United Arab Emirates,24,2024
10,GAS,Alpine,6.0,7.0,84.321,83.517,83.433,,26.474683544303797,31.649367088607598,66.10126582278481,1.2189873417721517,269.0253164556962,Abu Dhabi Grand Prix,United Arab Emirates,24,2024
63,RUS,Mercedes,7.0,5.0,84.321,83.517,83.433,,26.474683544303797,31.649367088607598,66.10126582278481,1.2189873417721517,269.0253164556962,Abu Dhabi Grand Prix,United Arab Emirates,24,2024
14,ALO,Aston Martin,8.0,9.0,84.321,83.517,83.433,,26.474683544303797,31.649367088607598,66.10126582278481,1.2189873417721517,269.0253164556962,Abu Dhabi Grand Prix,United Arab Emirates,24,2024
77,BOT,Kick Sauber,9.0,18.0,84.321,83.517,83.433,,26.474683544303797,31.649367088607598,66.10126582278481,1.2189873417721517,269.0253164556962,Abu Dhabi Grand Prix,United Arab Emirates,24,2024
11,PER,Red Bull Racing,10.0,20.0,84.321,83.517,83.433,,26.474683544303797,31.649367088607598,66.10126582278481,1.2189873417721517,269.0253164556962,Abu Dhabi Grand Prix,United Arab Emirates,24,2024
22,TSU,RB,11.0,12.0,84.321,83.517,83.433,,26.474683544303797,31.649367088607598,66.10126582278481,1.2189873417721517,269.0253164556962,Abu Dhabi Grand Prix,United Arab Emirates,24,2024
30,LAW,RB,12.0,17.0,84.321,83.517,83.433,,26.474683544303797,31.649367088607598,66.10126582278481,1.2189873417721517,269.0253164556962,Abu Dhabi Grand Prix,United Arab Emirates,24,2024
18,STR,Aston Martin,13.0,14.0,84.321,83.517,83.433,,26.474683544303797,31.649367088607598,66.10126582278481,1.2189873417721517,269.0253164556962,Abu Dhabi Grand Prix,United Arab Emirates,24,2024
16,LEC,Ferrari,14.0,3.0,84.321,83.517,83.433,,26.474683544303797,31.649367088607598,66.10126582278481,1.2189873417721517,269.0253164556962,Abu Dhabi Grand Prix,United Arab Emirates,24,2024
20,MAG,Haas F1 Team,15.0,16.0,84.321,83.517,83.433,,26.474683544303797,31.649367088607598,66.10126582278481,1.2189873417721517,269.0253164556962,Abu Dhabi Grand Prix,United Arab Emirates,24,2024
23,ALB,Williams,16.0,11.0,84.321,83.517,83.433,,26.474683544303797,31.649367088607598,66.10126582278481,1.2189873417721517,269.0253164556962,Abu Dhabi Grand Prix,United Arab Emirates,24,2024
24,ZHO,Kick Sauber,17.0,13.0,84.321,83.517,83.433,,26.474683544303797,31.649367088607598,66.10126582278481,1.2189873417721517,269.0253164556962,Abu Dhabi Grand Prix,United Arab Emirates,24,2024
44,HAM,Mercedes,18.0,4.0,84.321,83.517,83.433,,26.474683544303797,31.649367088607598,66.10126582278481,1.2189873417721517,269.0253164556962,Abu Dhabi Grand Prix,United Arab Emirates,24,2024
43,COL,Williams,19.0,19.0,84.321,83.517,83.433,,26.474683544303797,31.649367088607598,66.10126582278481,1.2189873417721517,269.0253164556962,Abu Dhabi Grand Prix,United Arab Emirates,24,2024
61,DOO,Alpine,20.0,15.0,84.321,83.517,83.433,,26.474683544303797,31.649367088607598,66.10126582278481,1.2189873417721517,269.0253164556962,Abu Dhabi Grand Prix,United Arab Emirates,24,2024
4,NOR,McLaren,1.0,1.0,77.252,76.439,75.921,,23.760493827160495,41.1320987654321,65.09876543209876,1.2271604938271603,121.1358024691358,Australian Grand Prix,Australia,1,2025
81,PIA,McLaren,2.0,9.0,77.252,76.439,75.921,,23.760493827160495,41.1320987654321,65.09876543209876,1.2271604938271603,121.1358024691358,Australian Grand Prix,Australia,1,2025
1,VER,Red Bull Racing,3.0,2.0,77.252,76.439,75.921,,23.760493827160495,41.1320987654321,65.09876543209876,1.2271604938271603,121.1358024691358,Australian Grand Prix,Australia,1,2025
63,RUS,Mercedes,4.0,3.0,77.252,76.439,75.921,,23.760493827160495,41.1320987654321,65.09876543209876,1.2271604938271603,121.1358024691358,Australian Grand Prix,Australia,1,2025
22,TSU,Racing Bulls,5.0,12.0,77.252,76.439,75.921,,23.760493827160495,41.1320987654321,65.09876543209876,1.2271604938271603,121.1358024691358,Australian Grand Prix,Australia,1,2025
23,ALB,Williams,6.0,5.0,77.252,76.439,75.921,,23.760493827160495,41.1320987654321,65.09876543209876,1.2271604938271603,121.1358024691358,Australian Grand Prix,Australia,1,2025
16,LEC,Ferrari,7.0,8.0,77.252,76.439,75.921,,23.760493827160495,41.1320987654321,65.09876543209876,1.2271604938271603,121.1358024691358,Australian Grand Prix,Australia,1,2025
44,HAM,Ferrari,8.0,10.0,77.252,76.439,75.921,,23.760493827160495,41.1320987654321,65.09876543209876,1.2271604938271603,121.1358024691358,Australian Grand Prix,Australia,1,2025
10,GAS,Alpine,9.0,11.0,77.252,76.439,75.921,,23.760493827160495,41.1320987654321,65.09876543209876,1.2271604938271603,121.1358024691358,Australian Grand Prix,Australia,1,2025
55,SAI,Williams,10.0,18.0,77.252,76.439,75.921,,23.760493827160495,41.1320987654321,65.09876543209876,1.2271604938271603,121.1358024691358,Australian Grand Prix,Australia,1,2025
6,HAD,Racing Bulls,11.0,20.0,77.252,76.439,75.921,,23.760493827160495,41.1320987654321,65.09876543209876,1.2271604938271603,121.1358024691358,Australian Grand Prix,Australia,1,2025
14,ALO,Aston Martin,12.0,17.0,77.252,76.439,75.921,,23.760493827160495,41.1320987654321,65.09876543209876,1.2271604938271603,121.1358024691358,Australian Grand Prix,Australia,1,2025
18,STR,Aston Martin,13.0,6.0,77.252,76.439,75.921,,23.760493827160495,41.1320987654321,65.09876543209876,1.2271604938271603,121.1358024691358,Australian Grand Prix,Australia,1,2025
7,DOO,Alpine,14.0,19.0,77.252,76.439,75.921,,23.760493827160495,41.1320987654321,65.09876543209876,1.2271604938271603,121.1358024691358,Australian Grand Prix,Australia,1,2025
5,BOR,Kick Sauber,15.0,16.0,77.252,76.439,75.921,,23.760493827160495,41.1320987654321,65.09876543209876,1.2271604938271603,121.1358024691358,Australian Grand Prix,Australia,1,2025
12,ANT,Mercedes,16.0,4.0,77.252,76.439,75.921,,23.760493827160495,41.1320987654321,65.09876543209876,1.2271604938271603,121.1358024691358,Australian Grand Prix,Australia,1,2025
27,HUL,Kick Sauber,17.0,7.0,77.252,76.439,75.921,,23.760493827160495,41.1320987654321,65.09876543209876,1.2271604938271603,121.1358024691358,Australian Grand Prix,Australia,1,2025
30,LAW,Red Bull Racing,18.0,15.0,77.252,76.439,75.921,,23.760493827160495,41.1320987654321,65.09876543209876,1.2271604938271603,121.1358024691358,Australian Grand Prix,Australia,1,2025
31,OCO,Haas F1 Team,19.0,13.0,77.252,76.439,75.921,,23.760493827160495,41.1320987654321,65.09876543209876,1.2271604938271603,121.1358024691358,Australian Grand Prix,Australia,1,2025
87,BEA,Haas F1 Team,20.0,14.0,77.252,76.439,75.921,,23.760493827160495,41.1320987654321,65.09876543209876,1.2271604938271603,121.1358024691358,Australian Grand Prix,Australia,1,2025
81,PIA,McLaren,1.0,1.0,91.504,,,,22.764634146341464,36.15243902439025,19.76829268292683,2.7512195121951217,227.6951219512195,Chinese Grand Prix,China,2,2025
63,RUS,Mercedes,2.0,3.0,91.504,,,,22.764634146341464,36.15243902439025,19.76829268292683,2.7512195121951217,227.6951219512195,Chinese Grand Prix,China,2,2025
4,NOR,McLaren,3.0,2.0,91.504,,,,22.764634146341464,36.15243902439025,19.76829268292683,2.7512195121951217,227.6951219512195,Chinese Grand Prix,China,2,2025
1,VER,Red Bull Racing,4.0,4.0,91.504,,,,22.764634146341464,36.15243902439025,19.76829268292683,2.7512195121951217,227.6951219512195,Chinese Grand Prix,China,2,2025
44,HAM,Ferrari,5.0,19.0,91.504,,,,22.764634146341464,36.15243902439025,19.76829268292683,2.7512195121951217,227.6951219512195,Chinese Grand Prix,China,2,2025
16,LEC,Ferrari,6.0,18.0,91.504,,,,22.764634146341464,36.15243902439025,19.76829268292683,2.7512195121951217,227.6951219512195,Chinese Grand Prix,China,2,2025
6,HAD,Racing Bulls,7.0,11.0,91.504,,,,22.764634146341464,36.15243902439025,19.76829268292683,2.7512195121951217,227.6951219512195,Chinese Grand Prix,China,2,2025
12,ANT,Mercedes,8.0,6.0,91.504,,,,22.764634146341464,36.15243902439025,19.76829268292683,2.7512195121951217,227.6951219512195,Chinese Grand Prix,China,2,2025
22,TSU,Racing Bulls,9.0,16.0,91.504,,,,22.764634146341464,36.15243902439025,19.76829268292683,2.7512195121951217,227.6951219512195,Chinese Grand Prix,China,2,2025
23,ALB,Williams,10.0,7.0,91.504,,,,22.764634146341464,36.15243902439025,19.76829268292683,2.7512195121951217,227.6951219512195,Chinese Grand Prix,China,2,2025
31,OCO,Haas F1 Team,11.0,5.0,91.504,,,,22.764634146341464,36.15243902439025,19.76829268292683,2.7512195121951217,227.6951219512195,Chinese Grand Prix,China,2,2025
27,HUL,Kick Sauber,12.0,15.0,91.504,,,,22.764634146341464,36.15243902439025,19.76829268292683,2.7512195121951217,227.6951219512195,Chinese Grand Prix,China,2,2025
14,ALO,Aston Martin,13.0,17.0,91.504,,,,22.764634146341464,36.15243902439025,19.76829268292683,2.7512195121951217,227.6951219512195,Chinese Grand Prix,China,2,2025
18,STR,Aston Martin,14.0,9.0,91.504,,,,22.764634146341464,36.15243902439025,19.76829268292683,2.7512195121951217,227.6951219512195,Chinese Grand Prix,China,2,2025
55,SAI,Williams,15.0,10.0,91.504,,,,22.764634146341464,36.15243902439025,19.76829268292683,2.7512195121951217,227.6951219512195,Chinese Grand Prix,China,2,2025
10,GAS,Alpine,16.0,20.0,91.504,,,,22.764634146341464,36.15243902439025,19.76829268292683,2.7512195121951217,227.6951219512195,Chinese Grand Prix,China,2,2025
87,BEA,Haas F1 Team,17.0,8.0,91.504,,,,22.764634146341464,36.15243902439025,19.76829268292683,2.7512195121951217,227.6951219512195,Chinese Grand Prix,China,2,2025
7,DOO,Alpine,18.0,13.0,91.504,,,,22.764634146341464,36.15243902439025,19.76829268292683,2.7512195121951217,227.6951219512195,Chinese Grand Prix,China,2,2025
5,BOR,Kick Sauber,19.0,14.0,91.504,,,,22.764634146341464,36.15243902439025,19.76829268292683,2.7512195121951217,227.6951219512195,Chinese Grand Prix,China,2,2025
30,LAW,Red Bull Racing,20.0,12.0,91.504,,,,22.764634146341464,36.15243902439025,19.76829268292683,2.7512195121951217,227.6951219512195,Chinese Grand Prix,China,2,2025
1,VER,Red Bull Racing,1.0,1.0,88.549,88.114,87.965,,13.586666666666666,32.65733333333333,42.13333333333333,5.221333333333335,285.74666666666667,Japanese Grand Prix,Japan,3,2025
4,NOR,McLaren,2.0,2.0,88.549,88.114,87.965,,13.586666666666666,32.65733333333333,42.13333333333333,5.221333333333335,285.74666666666667,Japanese Grand Prix,Japan,3,2025
81,PIA,McLaren,3.0,3.0,88.549,88.114,87.965,,13.586666666666666,32.65733333333333,42.13333333333333,5.221333333333335,285.74666666666667,Japanese Grand Prix,Japan,3,2025
16,LEC,Ferrari,4.0,4.0,88.549,88.114,87.965,,13.586666666666666,32.65733333333333,42.13333333333333,5.221333333333335,285.74666666666667,Japanese Grand Prix,Japan,3,2025
63,RUS,Mercedes,5.0,5.0,88.549,88.114,87.965,,13.586666666666666,32.65733333333333,42.13333333333333,5.221333333333335,285.74666666666667,Japanese Grand Prix,Japan,3,2025
12,ANT,Mercedes,6.0,6.0,88.549,88.114,87.965,,13.586666666666666,32.65733333333333,42.13333333333333,5.221333333333335,285.74666666666667,Japanese Grand Prix,Japan,3,2025
6,HAD,Racing Bulls,7.0,8.0,88.549,88.114,87.965,,13.586666666666666,32.65733333333333,42.13333333333333,5.221333333333335,285.74666666666667,Japanese Grand Prix,Japan,3,2025
44,HAM,Ferrari,8.0,7.0,88.549,88.114,87.965,,13.586666666666666,32.65733333333333,42.13333333333333,5.221333333333335,285.74666666666667,Japanese Grand Prix,Japan,3,2025
23,ALB,Williams,9.0,9.0,88.549,88.114,87.965,,13.586666666666666,32.65733333333333,42.13333333333333,5.221333333333335,285.74666666666667,Japanese Grand Prix,Japan,3,2025
87,BEA,Haas F1 Team,10.0,10.0,88.549,88.114,87.965,,13.586666666666666,32.65733333333333,42.13333333333333,5.221333333333335,285.74666666666667,Japanese Grand Prix,Japan,3,2025
10,GAS,Alpine,11.0,13.0,88.549,88.114,87.965,,13.586666666666666,32.65733333333333,42.13333333333333,5.221333333333335,285.74666666666667,Japanese Grand Prix,Japan,3,2025
55,SAI,Williams,12.0,14.0,88.549,88.114,87.965,,13.586666666666666,32.65733333333333,42.13333333333333,5.221333333333335,285.74666666666667,Japanese Grand Prix,Japan,3,2025
14,ALO,Aston Martin,13.0,11.0,88.549,88.114,87.965,,13.586666666666666,32.65733333333333,42.13333333333333,5.221333333333335,285.74666666666667,Japanese Grand Prix,Japan,3,2025
30,LAW,Racing Bulls,14.0,17.0,88.549,88.114,87.965,,13.586666666666666,32.65733333333333,42.13333333333333,5.221333333333335,285.74666666666667,Japanese Grand Prix,Japan,3,2025
22,TSU,Red Bull Racing,15.0,12.0,88.549,88.114,87.965,,13.586666666666666,32.65733333333333,42.13333333333333,5.221333333333335,285.74666666666667,Japanese Grand Prix,Japan,3,2025
27,HUL,Kick Sauber,16.0,16.0,88.549,88.114,87.965,,13.586666666666666,32.65733333333333,42.13333333333333,5.221333333333335,285.74666666666667,Japanese Grand Prix,Japan,3,2025
5,BOR,Kick Sauber,17.0,19.0,88.549,88.114,87.965,,13.586666666666666,32.65733333333333,42.13333333333333,5.221333333333335,285.74666666666667,Japanese Grand Prix,Japan,3,2025
31,OCO,Haas F1 Team,18.0,18.0,88.549,88.114,87.965,,13.586666666666666,32.65733333333333,42.13333333333333,5.221333333333335,285.74666666666667,Japanese Grand Prix,Japan,3,2025
7,DOO,Alpine,19.0,15.0,88.549,88.114,87.965,,13.586666666666666,32.65733333333333,42.13333333333333,5.221333333333335,285.74666666666667,Japanese Grand Prix,Japan,3,2025
18,STR,Aston Martin,20.0,20.0,88.549,88.114,87.965,,13.586666666666666,32.65733333333333,42.13333333333333,5.221333333333335,285.74666666666667,Japanese Grand Prix,Japan,3,2025
81,PIA,McLaren,1.0,1.0,93.204,90.505,91.646,,29.839240506329105,34.80759493670886,47.40506329113924,1.1063291139240505,54.21518987341772,Bahrain Grand Prix,Bahrain,4,2025
63,RUS,Mercedes,2.0,2.0,93.204,90.505,91.646,,29.839240506329105,34.80759493670886,47.40506329113924,1.1063291139240505,54.21518987341772,Bahrain Grand Prix,Bahrain,4,2025
16,LEC,Ferrari,3.0,4.0,93.204,90.505,91.646,,29.839240506329105,34.80759493670886,47.40506329113924,1.1063291139240505,54.21518987341772,Bahrain Grand Prix,Bahrain,4,2025
12,ANT,Mercedes,4.0,11.0,93.204,90.505,91.646,,29.839240506329105,34.80759493670886,47.40506329113924,1.1063291139240505,54.21518987341772,Bahrain Grand Prix,Bahrain,4,2025
10,GAS,Alpine,5.0,7.0,93.204,90.505,91.646,,29.839240506329105,34.80759493670886,47.40506329113924,1.1063291139240505,54.21518987341772,Bahrain Grand Prix,Bahrain,4,2025
4,NOR,McLaren,6.0,3.0,93.204,90.505,91.646,,29.839240506329105,34.80759493670886,47.40506329113924,1.1063291139240505,54.21518987341772,Bahrain Grand Prix,Bahrain,4,2025
1,VER,Red Bull Racing,7.0,6.0,93.204,90.505,91.646,,29.839240506329105,34.80759493670886,47.40506329113924,1.1063291139240505,54.21518987341772,Bahrain Grand Prix,Bahrain,4,2025
55,SAI,Williams,8.0,19.0,93.204,90.505,91.646,,29.839240506329105,34.80759493670886,47.40506329113924,1.1063291139240505,54.21518987341772,Bahrain Grand Prix,Bahrain,4,2025
44,HAM,Ferrari,9.0,5.0,93.204,90.505,91.646,,29.839240506329105,34.80759493670886,47.40506329113924,1.1063291139240505,54.21518987341772,Bahrain Grand Prix,Bahrain,4,2025
22,TSU,Red Bull Racing,10.0,9.0,93.204,90.505,91.646,,29.839240506329105,34.80759493670886,47.40506329113924,1.1063291139240505,54.21518987341772,Bahrain Grand Prix,Bahrain,4,2025
7,DOO,Alpine,11.0,14.0,93.204,90.505,91.646,,29.839240506329105,34.80759493670886,47.40506329113924,1.1063291139240505,54.21518987341772,Bahrain Grand Prix,Bahrain,4,2025
6,HAD,Racing Bulls,12.0,13.0,93.204,90.505,91.646,,29.839240506329105,34.80759493670886,47.40506329113924,1.1063291139240505,54.21518987341772,Bahrain Grand Prix,Bahrain,4,2025
14,ALO,Aston Martin,13.0,15.0,93.204,90.505,91.646,,29.839240506329105,34.80759493670886,47.40506329113924,1.1063291139240505,54.21518987341772,Bahrain Grand Prix,Bahrain,4,2025
31,OCO,Haas F1 Team,14.0,8.0,93.204,90.505,91.646,,29.839240506329105,34.80759493670886,47.40506329113924,1.1063291139240505,54.21518987341772,Bahrain Grand Prix,Bahrain,4,2025
23,ALB,Williams,15.0,12.0,93.204,90.505,91.646,,29.839240506329105,34.80759493670886,47.40506329113924,1.1063291139240505,54.21518987341772,Bahrain Grand Prix,Bahrain,4,2025
27,HUL,Kick Sauber,16.0,20.0,93.204,90.505,91.646,,29.839240506329105,34.80759493670886,47.40506329113924,1.1063291139240505,54.21518987341772,Bahrain Grand Prix,Bahrain,4,2025
30,LAW,Racing Bulls,17.0,16.0,93.204,90.505,91.646,,29.839240506329105,34.80759493670886,47.40506329113924,1.1063291139240505,54.21518987341772,Bahrain Grand Prix,Bahrain,4,2025
5,BOR,Kick Sauber,18.0,18.0,93.204,90.505,91.646,,29.839240506329105,34.80759493670886,47.40506329113924,1.1063291139240505,54.21518987341772,Bahrain Grand Prix,Bahrain,4,2025
18,STR,Aston Martin,19.0,17.0,93.204,90.505,91.646,,29.839240506329105,34.80759493670886,47.40506329113924,1.1063291139240505,54.21518987341772,Bahrain Grand Prix,Bahrain,4,2025
87,BEA,Haas F1 Team,20.0,10.0,93.204,90.505,91.646,,29.839240506329105,34.80759493670886,47.40506329113924,1.1063291139240505,54.21518987341772,Bahrain Grand Prix,Bahrain,4,2025
1,VER,Red Bull Racing,1.0,2.0,89.239,88.267,87.489,,29.717283950617283,37.00987654320988,46.666666666666664,0.8962962962962964,145.4814814814815,Saudi Arabian Grand Prix,Saudi Arabia,5,2025
81,PIA,McLaren,2.0,1.0,89.239,88.267,87.489,,29.717283950617283,37.00987654320988,46.666666666666664,0.8962962962962964,145.4814814814815,Saudi Arabian Grand Prix,Saudi Arabia,5,2025
63,RUS,Mercedes,3.0,5.0,89.239,88.267,87.489,,29.717283950617283,37.00987654320988,46.666666666666664,0.8962962962962964,145.4814814814815,Saudi Arabian Grand Prix,Saudi Arabia,5,2025
16,LEC,Ferrari,4.0,3.0,89.239,88.267,87.489,,29.717283950617283,37.00987654320988,46.666666666666664,0.8962962962962964,145.4814814814815,Saudi Arabian Grand Prix,Saudi Arabia,5,2025
12,ANT,Mercedes,5.0,6.0,89.239,88.267,87.489,,29.717283950617283,37.00987654320988,46.666666666666664,0.8962962962962964,145.4814814814815,Saudi Arabian Grand Prix,Saudi Arabia,5,2025
55,SAI,Williams,6.0,8.0,89.239,88.267,87.489,,29.717283950617283,37.00987654320988,46.666666666666664,0.8962962962962964,145.4814814814815,Saudi Arabian Grand Prix,Saudi Arabia,5,2025
44,HAM,Ferrari,7.0,7.0,89.239,88.267,87.489,,29.717283950617283,37.00987654320988,46.666666666666664,0.8962962962962964,145.4814814814815,Saudi Arabian Grand Prix,Saudi Arabia,5,2025
22,TSU,Red Bull Racing,8.0,19.0,89.239,88.267,87.489,,29.717283950617283,37.00987654320988,46.666666666666664,0.8962962962962964,145.4814814814815,Saudi Arabian Grand Prix,Saudi Arabia,5,2025
10,GAS,Alpine,9.0,20.0,89.239,88.267,87.489,,29.717283950617283,37.00987654320988,46.666666666666664,0.8962962962962964,145.4814814814815,Saudi Arabian Grand Prix,Saudi Arabia,5,2025
4,NOR,McLaren,10.0,4.0,89.239,88.267,87.489,,29.717283950617283,37.00987654320988,46.666666666666664,0.8962962962962964,145.4814814814815,Saudi Arabian Grand Prix,Saudi Arabia,5,2025
23,ALB,Williams,11.0,9.0,89.239,88.267,87.489,,29.717283950617283,37.00987654320988,46.666666666666664,0.8962962962962964,145.4814814814815,Saudi Arabian Grand Prix,Saudi Arabia,5,2025
30,LAW,Racing Bulls,12.0,12.0,89.239,88.267,87.489,,29.717283950617283,37.00987654320988,46.666666666666664,0.8962962962962964,145.4814814814815,Saudi Arabian Grand Prix,Saudi Arabia,5,2025
14,ALO,Aston Martin,13.0,11.0,89.239,88.267,87.489,,29.717283950617283,37.00987654320988,46.666666666666664,0.8962962962962964,145.4814814814815,Saudi Arabian Grand Prix,Saudi Arabia,5,2025
6,HAD,Racing Bulls,14.0,10.0,89.239,88.267,87.489,,29.717283950617283,37.00987654320988,46.666666666666664,0.8962962962962964,145.4814814814815,Saudi Arabian Grand Prix,Saudi Arabia,5,2025
87,BEA,Haas F1 Team,15.0,13.0,89.239,88.267,87.489,,29.717283950617283,37.00987654320988,46.666666666666664,0.8962962962962964,145.4814814814815,Saudi Arabian Grand Prix,Saudi Arabia,5,2025
18,STR,Aston Martin,16.0,16.0,89.239,88.267,87.489,,29.717283950617283,37.00987654320988,46.666666666666664,0.8962962962962964,145.4814814814815,Saudi Arabian Grand Prix,Saudi Arabia,5,2025
7,DOO,Alpine,17.0,17.0,89.239,88.267,87.489,,29.717283950617283,37.00987654320988,46.666666666666664,0.8962962962962964,145.4814814814815,Saudi Arabian Grand Prix,Saudi Arabia,5,2025
27,HUL,Kick Sauber,18.0,15.0,89.239,88.267,87.489,,29.717283950617283,37.00987654320988,46.666666666666664,0.8962962962962964,145.4814814814815,Saudi Arabian Grand Prix,Saudi Arabia,5,2025
31,OCO,Haas F1 Team,19.0,14.0,89.239,88.267,87.489,,29.717283950617283,37.00987654320988,46.666666666666664,0.8962962962962964,145.4814814814815,Saudi Arabian Grand Prix,Saudi Arabia,5,2025
5,BOR,Kick Sauber,20.0,18.0,89.239,88.267,87.489,,29.717283950617283,37.00987654320988,46.666666666666664,0.8962962962962964,145.4814814814815,Saudi Arabian Grand Prix,Saudi Arabia,5,2025
1,VER,Red Bull Racing,1.0,4.0,87.128,,,,27.873076923076926,41.64358974358975,50.217948717948715,1.8525641025641026,143.83333333333334,Miami Grand Prix,United States,6,2025
4,NOR,McLaren,2.0,2.0,87.128,,,,27.873076923076926,41.64358974358975,50.217948717948715,1.8525641025641026,143.83333333333334,Miami Grand Prix,United States,6,2025
12,ANT,Mercedes,3.0,6.0,87.128,,,,27.873076923076926,41.64358974358975,50.217948717948715,1.8525641025641026,143.83333333333334,Miami Grand Prix,United States,6,2025
81,PIA,McLaren,4.0,1.0,87.128,,,,27.873076923076926,41.64358974358975,50.217948717948715,1.8525641025641026,143.83333333333334,Miami Grand Prix,United States,6,2025
63,RUS,Mercedes,5.0,3.0,87.128,,,,27.873076923076926,41.64358974358975,50.217948717948715,1.8525641025641026,143.83333333333334,Miami Grand Prix,United States,6,2025
55,SAI,Williams,6.0,9.0,87.128,,,,27.873076923076926,41.64358974358975,50.217948717948715,1.8525641025641026,143.83333333333334,Miami Grand Prix,United States,6,2025
23,ALB,Williams,7.0,5.0,87.128,,,,27.873076923076926,41.64358974358975,50.217948717948715,1.8525641025641026,143.83333333333334,Miami Grand Prix,United States,6,2025
16,LEC,Ferrari,8.0,7.0,87.128,,,,27.873076923076926,41.64358974358975,50.217948717948715,1.8525641025641026,143.83333333333334,Miami Grand Prix,United States,6,2025
31,OCO,Haas F1 Team,9.0,12.0,87.128,,,,27.873076923076926,41.64358974358975,50.217948717948715,1.8525641025641026,143.83333333333334,Miami Grand Prix,United States,6,2025
22,TSU,Red Bull Racing,10.0,10.0,87.128,,,,27.873076923076926,41.64358974358975,50.217948717948715,1.8525641025641026,143.83333333333334,Miami Grand Prix,United States,6,2025
6,HAD,Racing Bulls,11.0,11.0,87.128,,,,27.873076923076926,41.64358974358975,50.217948717948715,1.8525641025641026,143.83333333333334,Miami Grand Prix,United States,6,2025
44,HAM,Ferrari,12.0,8.0,87.128,,,,27.873076923076926,41.64358974358975,50.217948717948715,1.8525641025641026,143.83333333333334,Miami Grand Prix,United States,6,2025
5,BOR,Kick Sauber,13.0,18.0,87.128,,,,27.873076923076926,41.64358974358975,50.217948717948715,1.8525641025641026,143.83333333333334,Miami Grand Prix,United States,6,2025
7,DOO,Alpine,14.0,20.0,87.128,,,,27.873076923076926,41.64358974358975,50.217948717948715,1.8525641025641026,143.83333333333334,Miami Grand Prix,United States,6,2025
30,LAW,Racing Bulls,15.0,17.0,87.128,,,,27.873076923076926,41.64358974358975,50.217948717948715,1.8525641025641026,143.83333333333334,Miami Grand Prix,United States,6,2025
27,HUL,Kick Sauber,16.0,14.0,87.128,,,,27.873076923076926,41.64358974358975,50.217948717948715,1.8525641025641026,143.83333333333334,Miami Grand Prix,United States,6,2025
14,ALO,Aston Martin,17.0,15.0,87.128,,,,27.873076923076926,41.64358974358975,50.217948717948715,1.8525641025641026,143.83333333333334,Miami Grand Prix,United States,6,2025
10,GAS,Alpine,18.0,13.0,87.128,,,,27.873076923076926,41.64358974358975,50.217948717948715,1.8525641025641026,143.83333333333334,Miami Grand Prix,United States,6,2025
18,STR,Aston Martin,19.0,16.0,87.128,,,,27.873076923076926,41.64358974358975,50.217948717948715,1.8525641025641026,143.83333333333334,Miami Grand Prix,United States,6,2025
87,BEA,Haas F1 Team,20.0,19.0,87.128,,,,27.873076923076926,41.64358974358975,50.217948717948715,1.8525641025641026,143.83333333333334,Miami Grand Prix,United States,6,2025
81,PIA,McLaren,1.0,3.0,76.545,75.293,74.897,,19.67654320987654,34.91234567901235,31.555555555555557,2.328395061728395,128.01234567901236,Emilia Romagna Grand Prix,Italy,7,2025
1,VER,Red Bull Racing,2.0,1.0,76.545,75.293,74.897,,19.67654320987654,34.91234567901235,31.555555555555557,2.328395061728395,128.01234567901236,Emilia Romagna Grand Prix,Italy,7,2025
63,RUS,Mercedes,3.0,7.0,76.545,75.293,74.897,,19.67654320987654,34.91234567901235,31.555555555555557,2.328395061728395,128.01234567901236,Emilia Romagna Grand Prix,Italy,7,2025
4,NOR,McLaren,4.0,2.0,76.545,75.293,74.897,,19.67654320987654,34.91234567901235,31.555555555555557,2.328395061728395,128.01234567901236,Emilia Romagna Grand Prix,Italy,7,2025
14,ALO,Aston Martin,5.0,11.0,76.545,75.293,74.897,,19.67654320987654,34.91234567901235,31.555555555555557,2.328395061728395,128.01234567901236,Emilia Romagna Grand Prix,Italy,7,2025
55,SAI,Williams,6.0,8.0,76.545,75.293,74.897,,19.67654320987654,34.91234567901235,31.555555555555557,2.328395061728395,128.01234567901236,Emilia Romagna Grand Prix,Italy,7,2025
23,ALB,Williams,7.0,5.0,76.545,75.293,74.897,,19.67654320987654,34.91234567901235,31.555555555555557,2.328395061728395,128.01234567901236,Emilia Romagna Grand Prix,Italy,7,2025
18,STR,Aston Martin,8.0,15.0,76.545,75.293,74.897,,19.67654320987654,34.91234567901235,31.555555555555557,2.328395061728395,128.01234567901236,Emilia Romagna Grand Prix,Italy,7,2025
6,HAD,Racing Bulls,9.0,9.0,76.545,75.293,74.897,,19.67654320987654,34.91234567901235,31.555555555555557,2.328395061728395,128.01234567901236,Emilia Romagna Grand Prix,Italy,7,2025
10,GAS,Alpine,10.0,13.0,76.545,75.293,74.897,,19.67654320987654,34.91234567901235,31.555555555555557,2.328395061728395,128.01234567901236,Emilia Romagna Grand Prix,Italy,7,2025
16,LEC,Ferrari,11.0,6.0,76.545,75.293,74.897,,19.67654320987654,34.91234567901235,31.555555555555557,2.328395061728395,128.01234567901236,Emilia Romagna Grand Prix,Italy,7,2025
44,HAM,Ferrari,12.0,4.0,76.545,75.293,74.897,,19.67654320987654,34.91234567901235,31.555555555555557,2.328395061728395,128.01234567901236,Emilia Romagna Grand Prix,Italy,7,2025
12,ANT,Mercedes,13.0,19.0,76.545,75.293,74.897,,19.67654320987654,34.91234567901235,31.555555555555557,2.328395061728395,128.01234567901236,Emilia Romagna Grand Prix,Italy,7,2025
5,BOR,Kick Sauber,14.0,18.0,76.545,75.293,74.897,,19.67654320987654,34.91234567901235,31.555555555555557,2.328395061728395,128.01234567901236,Emilia Romagna Grand Prix,Italy,7,2025
43,COL,Alpine,15.0,16.0,76.545,75.293,74.897,,19.67654320987654,34.91234567901235,31.555555555555557,2.328395061728395,128.01234567901236,Emilia Romagna Grand Prix,Italy,7,2025
30,LAW,Racing Bulls,16.0,14.0,76.545,75.293,74.897,,19.67654320987654,34.91234567901235,31.555555555555557,2.328395061728395,128.01234567901236,Emilia Romagna Grand Prix,Italy,7,2025
27,HUL,Kick Sauber,17.0,12.0,76.545,75.293,74.897,,19.67654320987654,34.91234567901235,31.555555555555557,2.328395061728395,128.01234567901236,Emilia Romagna Grand Prix,Italy,7,2025
31,OCO,Haas F1 Team,18.0,20.0,76.545,75.293,74.897,,19.67654320987654,34.91234567901235,31.555555555555557,2.328395061728395,128.01234567901236,Emilia Romagna Grand Prix,Italy,7,2025
87,BEA,Haas F1 Team,19.0,17.0,76.545,75.293,74.897,,19.67654320987654,34.91234567901235,31.555555555555557,2.328395061728395,128.01234567901236,Emilia Romagna Grand Prix,Italy,7,2025
22,TSU,Red Bull Racing,20.0,10.0,76.545,75.293,74.897,,19.67654320987654,34.91234567901235,31.555555555555557,2.328395061728395,128.01234567901236,Emilia Romagna Grand Prix,Italy,7,2025
4,NOR,McLaren,1.0,1.0,71.964,71.355,70.953,,22.889999999999997,38.18875,38.1625,0.9800000000000001,192.9,Monaco Grand Prix,Monaco,8,2025
16,LEC,Ferrari,2.0,2.0,71.964,71.355,70.953,,22.889999999999997,38.18875,38.1625,0.9800000000000001,192.9,Monaco Grand Prix,Monaco,8,2025
81,PIA,McLaren,3.0,3.0,71.964,71.355,70.953,,22.889999999999997,38.18875,38.1625,0.9800000000000001,192.9,Monaco Grand Prix,Monaco,8,2025
44,HAM,Ferrari,4.0,5.0,71.964,71.355,70.953,,22.889999999999997,38.18875,38.1625,0.9800000000000001,192.9,Monaco Grand Prix,Monaco,8,2025
1,VER,Red Bull Racing,5.0,4.0,71.964,71.355,70.953,,22.889999999999997,38.18875,38.1625,0.9800000000000001,192.9,Monaco Grand Prix,Monaco,8,2025
6,HAD,Racing Bulls,6.0,6.0,71.964,71.355,70.953,,22.889999999999997,38.18875,38.1625,0.9800000000000001,192.9,Monaco Grand Prix,Monaco,8,2025
14,ALO,Aston Martin,7.0,19.0,71.964,71.355,70.953,,22.889999999999997,38.18875,38.1625,0.9800000000000001,192.9,Monaco Grand Prix,Monaco,8,2025
31,OCO,Haas F1 Team,8.0,7.0,71.964,71.355,70.953,,22.889999999999997,38.18875,38.1625,0.9800000000000001,192.9,Monaco Grand Prix,Monaco,8,2025
30,LAW,Racing Bulls,9.0,8.0,71.964,71.355,70.953,,22.889999999999997,38.18875,38.1625,0.9800000000000001,192.9,Monaco Grand Prix,Monaco,8,2025
23,ALB,Williams,10.0,9.0,71.964,71.355,70.953,,22.889999999999997,38.18875,38.1625,0.9800000000000001,192.9,Monaco Grand Prix,Monaco,8,2025
55,SAI,Williams,11.0,10.0,71.964,71.355,70.953,,22.889999999999997,38.18875,38.1625,0.9800000000000001,192.9,Monaco Grand Prix,Monaco,8,2025
22,TSU,Red Bull Racing,12.0,17.0,71.964,71.355,70.953,,22.889999999999997,38.18875,38.1625,0.9800000000000001,192.9,Monaco Grand Prix,Monaco,8,2025
27,HUL,Kick Sauber,13.0,16.0,71.964,71.355,70.953,,22.889999999999997,38.18875,38.1625,0.9800000000000001,192.9,Monaco Grand Prix,Monaco,8,2025
63,RUS,Mercedes,14.0,11.0,71.964,71.355,70.953,,22.889999999999997,38.18875,38.1625,0.9800000000000001,192.9,Monaco Grand Prix,Monaco,8,2025
12,ANT,Mercedes,15.0,18.0,71.964,71.355,70.953,,22.889999999999997,38.18875,38.1625,0.9800000000000001,192.9,Monaco Grand Prix,Monaco,8,2025
5,BOR,Kick Sauber,16.0,14.0,71.964,71.355,70.953,,22.889999999999997,38.18875,38.1625,0.9800000000000001,192.9,Monaco Grand Prix,Monaco,8,2025
87,BEA,Haas F1 Team,17.0,12.0,71.964,71.355,70.953,,22.889999999999997,38.18875,38.1625,0.9800000000000001,192.9,Monaco Grand Prix,Monaco,8,2025
10,GAS,Alpine,18.0,20.0,71.964,71.355,70.953,,22.889999999999997,38.18875,38.1625,0.9800000000000001,192.9,Monaco Grand Prix,Monaco,8,2025
18,STR,Aston Martin,19.0,15.0,71.964,71.355,70.953,,22.889999999999997,38.18875,38.1625,0.9800000000000001,192.9,Monaco Grand Prix,Monaco,8,2025
43,COL,Alpine,20.0,13.0,71.964,71.355,70.953,,22.889999999999997,38.18875,38.1625,0.9800000000000001,192.9,Monaco Grand Prix,Monaco,8,2025
81,PIA,McLaren,1.0,1.0,73.718,72.76,72.387,,30.128048780487806,45.76951219512195,34.74390243902439,1.49390243902439,158.29268292682926,Spanish Grand Prix,Spain,9,2025
4,NOR,McLaren,2.0,2.0,73.718,72.76,72.387,,30.128048780487806,45.76951219512195,34.74390243902439,1.49390243902439,158.29268292682926,Spanish Grand Prix,Spain,9,2025
1,VER,Red Bull Racing,3.0,10.0,73.718,72.76,72.387,,30.128048780487806,45.76951219512195,34.74390243902439,1.49390243902439,158.29268292682926,Spanish Grand Prix,Spain,9,2025
63,RUS,Mercedes,4.0,4.0,73.718,72.76,72.387,,30.128048780487806,45.76951219512195,34.74390243902439,1.49390243902439,158.29268292682926,Spanish Grand Prix,Spain,9,2025
44,HAM,Ferrari,5.0,6.0,73.718,72.76,72.387,,30.128048780487806,45.76951219512195,34.74390243902439,1.49390243902439,158.29268292682926,Spanish Grand Prix,Spain,9,2025
12,ANT,Mercedes,6.0,18.0,73.718,72.76,72.387,,30.128048780487806,45.76951219512195,34.74390243902439,1.49390243902439,158.29268292682926,Spanish Grand Prix,Spain,9,2025
16,LEC,Ferrari,7.0,3.0,73.718,72.76,72.387,,30.128048780487806,45.76951219512195,34.74390243902439,1.49390243902439,158.29268292682926,Spanish Grand Prix,Spain,9,2025
10,GAS,Alpine,8.0,8.0,73.718,72.76,72.387,,30.128048780487806,45.76951219512195,34.74390243902439,1.49390243902439,158.29268292682926,Spanish Grand Prix,Spain,9,2025
6,HAD,Racing Bulls,9.0,7.0,73.718,72.76,72.387,,30.128048780487806,45.76951219512195,34.74390243902439,1.49390243902439,158.29268292682926,Spanish Grand Prix,Spain,9,2025
14,ALO,Aston Martin,10.0,9.0,73.718,72.76,72.387,,30.128048780487806,45.76951219512195,34.74390243902439,1.49390243902439,158.29268292682926,Spanish Grand Prix,Spain,9,2025
23,ALB,Williams,11.0,19.0,73.718,72.76,72.387,,30.128048780487806,45.76951219512195,34.74390243902439,1.49390243902439,158.29268292682926,Spanish Grand Prix,Spain,9,2025
5,BOR,Kick Sauber,12.0,12.0,73.718,72.76,72.387,,30.128048780487806,45.76951219512195,34.74390243902439,1.49390243902439,158.29268292682926,Spanish Grand Prix,Spain,9,2025
30,LAW,Racing Bulls,13.0,11.0,73.718,72.76,72.387,,30.128048780487806,45.76951219512195,34.74390243902439,1.49390243902439,158.29268292682926,Spanish Grand Prix,Spain,9,2025
87,BEA,Haas F1 Team,15.0,17.0,73.718,72.76,72.387,,30.128048780487806,45.76951219512195,34.74390243902439,1.49390243902439,158.29268292682926,Spanish Grand Prix,Spain,9,2025
27,HUL,Kick Sauber,16.0,5.0,73.718,72.76,72.387,,30.128048780487806,45.76951219512195,34.74390243902439,1.49390243902439,158.29268292682926,Spanish Grand Prix,Spain,9,2025
31,OCO,Haas F1 Team,17.0,16.0,73.718,72.76,72.387,,30.128048780487806,45.76951219512195,34.74390243902439,1.49390243902439,158.29268292682926,Spanish Grand Prix,Spain,9,2025
55,SAI,Williams,18.0,14.0,73.718,72.76,72.387,,30.128048780487806,45.76951219512195,34.74390243902439,1.49390243902439,158.29268292682926,Spanish Grand Prix,Spain,9,2025
43,COL,Alpine,19.0,15.0,73.718,72.76,72.387,,30.128048780487806,45.76951219512195,34.74390243902439,1.49390243902439,158.29268292682926,Spanish Grand Prix,Spain,9,2025
22,TSU,Red Bull Racing,20.0,13.0,73.718,72.76,72.387,,30.128048780487806,45.76951219512195,34.74390243902439,1.49390243902439,158.29268292682926,Spanish Grand Prix,Spain,9,2025
63,RUS,Mercedes,1.0,1.0,73.193,72.123,71.799,,19.08375,38.541250000000005,37.9875,0.9537500000000001,153.4,Canadian Grand Prix,Canada,10,2025
1,VER,Red Bull Racing,2.0,2.0,73.193,72.123,71.799,,19.08375,38.541250000000005,37.9875,0.9537500000000001,153.4,Canadian Grand Prix,Canada,10,2025
81,PIA,McLaren,3.0,4.0,73.193,72.123,71.799,,19.08375,38.541250000000005,37.9875,0.9537500000000001,153.4,Canadian Grand Prix,Canada,10,2025
12,ANT,Mercedes,4.0,3.0,73.193,72.123,71.799,,19.08375,38.541250000000005,37.9875,0.9537500000000001,153.4,Canadian Grand Prix,Canada,10,2025
44,HAM,Ferrari,5.0,6.0,73.193,72.123,71.799,,19.08375,38.541250000000005,37.9875,0.9537500000000001,153.4,Canadian Grand Prix,Canada,10,2025
14,ALO,Aston Martin,6.0,7.0,73.193,72.123,71.799,,19.08375,38.541250000000005,37.9875,0.9537500000000001,153.4,Canadian Grand Prix,Canada,10,2025
4,NOR,McLaren,7.0,18.0,73.193,72.123,71.799,,19.08375,38.541250000000005,37.9875,0.9537500000000001,153.4,Canadian Grand Prix,Canada,10,2025
16,LEC,Ferrari,8.0,5.0,73.193,72.123,71.799,,19.08375,38.541250000000005,37.9875,0.9537500000000001,153.4,Canadian Grand Prix,Canada,10,2025
6,HAD,Racing Bulls,9.0,16.0,73.193,72.123,71.799,,19.08375,38.541250000000005,37.9875,0.9537500000000001,153.4,Canadian Grand Prix,Canada,10,2025
23,ALB,Williams,10.0,20.0,73.193,72.123,71.799,,19.08375,38.541250000000005,37.9875,0.9537500000000001,153.4,Canadian Grand Prix,Canada,10,2025
22,TSU,Red Bull Racing,11.0,12.0,73.193,72.123,71.799,,19.08375,38.541250000000005,37.9875,0.9537500000000001,153.4,Canadian Grand Prix,Canada,10,2025
43,COL,Alpine,12.0,13.0,73.193,72.123,71.799,,19.08375,38.541250000000005,37.9875,0.9537500000000001,153.4,Canadian Grand Prix,Canada,10,2025
27,HUL,Kick Sauber,13.0,8.0,73.193,72.123,71.799,,19.08375,38.541250000000005,37.9875,0.9537500000000001,153.4,Canadian Grand Prix,Canada,10,2025
87,BEA,Haas F1 Team,14.0,11.0,73.193,72.123,71.799,,19.08375,38.541250000000005,37.9875,0.9537500000000001,153.4,Canadian Grand Prix,Canada,10,2025
31,OCO,Haas F1 Team,15.0,9.0,73.193,72.123,71.799,,19.08375,38.541250000000005,37.9875,0.9537500000000001,153.4,Canadian Grand Prix,Canada,10,2025
5,BOR,Kick Sauber,16.0,14.0,73.193,72.123,71.799,,19.08375,38.541250000000005,37.9875,0.9537500000000001,153.4,Canadian Grand Prix,Canada,10,2025
55,SAI,Williams,17.0,10.0,73.193,72.123,71.799,,19.08375,38.541250000000005,37.9875,0.9537500000000001,153.4,Canadian Grand Prix,Canada,10,2025
18,STR,Aston Martin,18.0,17.0,73.193,72.123,71.799,,19.08375,38.541250000000005,37.9875,0.9537500000000001,153.4,Canadian Grand Prix,Canada,10,2025
30,LAW,Racing Bulls,19.0,19.0,73.193,72.123,71.799,,19.08375,38.541250000000005,37.9875,0.9537500000000001,153.4,Canadian Grand Prix,Canada,10,2025
10,GAS,Alpine,20.0,15.0,73.193,72.123,71.799,,19.08375,38.541250000000005,37.9875,0.9537500000000001,153.4,Canadian Grand Prix,Canada,10,2025
4,NOR,McLaren,1.0,1.0,65.542,64.58,64.324,,25.46708860759494,36.3367088607595,38.11392405063291,1.1772151898734178,176.9493670886076,Austrian Grand Prix,Austria,11,2025
16,LEC,Ferrari,2.0,3.0,65.542,64.58,64.324,,25.46708860759494,36.3367088607595,38.11392405063291,1.1772151898734178,176.9493670886076,Austrian Grand Prix,Austria,11,2025
81,PIA,McLaren,3.0,2.0,65.542,64.58,64.324,,25.46708860759494,36.3367088607595,38.11392405063291,1.1772151898734178,176.9493670886076,Austrian Grand Prix,Austria,11,2025
44,HAM,Ferrari,4.0,4.0,65.542,64.58,64.324,,25.46708860759494,36.3367088607595,38.11392405063291,1.1772151898734178,176.9493670886076,Austrian Grand Prix,Austria,11,2025
63,RUS,Mercedes,5.0,5.0,65.542,64.58,64.324,,25.46708860759494,36.3367088607595,38.11392405063291,1.1772151898734178,176.9493670886076,Austrian Grand Prix,Austria,11,2025
30,LAW,Racing Bulls,6.0,6.0,65.542,64.58,64.324,,25.46708860759494,36.3367088607595,38.11392405063291,1.1772151898734178,176.9493670886076,Austrian Grand Prix,Austria,11,2025
1,VER,Red Bull Racing,7.0,18.0,65.542,64.58,64.324,,25.46708860759494,36.3367088607595,38.11392405063291,1.1772151898734178,176.9493670886076,Austrian Grand Prix,Austria,11,2025
5,BOR,Kick Sauber,8.0,8.0,65.542,64.58,64.324,,25.46708860759494,36.3367088607595,38.11392405063291,1.1772151898734178,176.9493670886076,Austrian Grand Prix,Austria,11,2025
12,ANT,Mercedes,9.0,19.0,65.542,64.58,64.324,,25.46708860759494,36.3367088607595,38.11392405063291,1.1772151898734178,176.9493670886076,Austrian Grand Prix,Austria,11,2025
10,GAS,Alpine,10.0,13.0,65.542,64.58,64.324,,25.46708860759494,36.3367088607595,38.11392405063291,1.1772151898734178,176.9493670886076,Austrian Grand Prix,Austria,11,2025
14,ALO,Aston Martin,11.0,7.0,65.542,64.58,64.324,,25.46708860759494,36.3367088607595,38.11392405063291,1.1772151898734178,176.9493670886076,Austrian Grand Prix,Austria,11,2025
23,ALB,Williams,12.0,17.0,65.542,64.58,64.324,,25.46708860759494,36.3367088607595,38.11392405063291,1.1772151898734178,176.9493670886076,Austrian Grand Prix,Austria,11,2025
6,HAD,Racing Bulls,13.0,12.0,65.542,64.58,64.324,,25.46708860759494,36.3367088607595,38.11392405063291,1.1772151898734178,176.9493670886076,Austrian Grand Prix,Austria,11,2025
43,COL,Alpine,14.0,15.0,65.542,64.58,64.324,,25.46708860759494,36.3367088607595,38.11392405063291,1.1772151898734178,176.9493670886076,Austrian Grand Prix,Austria,11,2025
87,BEA,Haas F1 Team,15.0,11.0,65.542,64.58,64.324,,25.46708860759494,36.3367088607595,38.11392405063291,1.1772151898734178,176.9493670886076,Austrian Grand Prix,Austria,11,2025
18,STR,Aston Martin,16.0,14.0,65.542,64.58,64.324,,25.46708860759494,36.3367088607595,38.11392405063291,1.1772151898734178,176.9493670886076,Austrian Grand Prix,Austria,11,2025
31,OCO,Haas F1 Team,17.0,10.0,65.542,64.58,64.324,,25.46708860759494,36.3367088607595,38.11392405063291,1.1772151898734178,176.9493670886076,Austrian Grand Prix,Austria,11,2025
22,TSU,Red Bull Racing,18.0,16.0,65.542,64.58,64.324,,25.46708860759494,36.3367088607595,38.11392405063291,1.1772151898734178,176.9493670886076,Austrian Grand Prix,Austria,11,2025
55,SAI,Williams,19.0,20.0,65.542,64.58,64.324,,25.46708860759494,36.3367088607595,38.11392405063291,1.1772151898734178,176.9493670886076,Austrian Grand Prix,Austria,11,2025
27,HUL,Kick Sauber,20.0,9.0,65.542,64.58,64.324,,25.46708860759494,36.3367088607595,38.11392405063291,1.1772151898734178,176.9493670886076,Austrian Grand Prix,Austria,11,2025
1,VER,Red Bull Racing,1.0,5.0,86.892,85.816,85.498,,24.15925925925926,39.83209876543209,35.06172839506173,3.691358024691358,231.97530864197532,British Grand Prix,United Kingdom,12,2025
81,PIA,McLaren,2.0,2.0,86.892,85.816,85.498,,24.15925925925926,39.83209876543209,35.06172839506173,3.691358024691358,231.97530864197532,British Grand Prix,United Kingdom,12,2025
4,NOR,McLaren,3.0,1.0,86.892,85.816,85.498,,24.15925925925926,39.83209876543209,35.06172839506173,3.691358024691358,231.97530864197532,British Grand Prix,United Kingdom,12,2025
63,RUS,Mercedes,4.0,10.0,86.892,85.816,85.498,,24.15925925925926,39.83209876543209,35.06172839506173,3.691358024691358,231.97530864197532,British Grand Prix,United Kingdom,12,2025
44,HAM,Ferrari,5.0,4.0,86.892,85.816,85.498,,24.15925925925926,39.83209876543209,35.06172839506173,3.691358024691358,231.97530864197532,British Grand Prix,United Kingdom,12,2025
16,LEC,Ferrari,6.0,14.0,86.892,85.816,85.498,,24.15925925925926,39.83209876543209,35.06172839506173,3.691358024691358,231.97530864197532,British Grand Prix,United Kingdom,12,2025
12,ANT,Mercedes,7.0,16.0,86.892,85.816,85.498,,24.15925925925926,39.83209876543209,35.06172839506173,3.691358024691358,231.97530864197532,British Grand Prix,United Kingdom,12,2025
87,BEA,Haas F1 Team,8.0,11.0,86.892,85.816,85.498,,24.15925925925926,39.83209876543209,35.06172839506173,3.691358024691358,231.97530864197532,British Grand Prix,United Kingdom,12,2025
14,ALO,Aston Martin,9.0,9.0,86.892,85.816,85.498,,24.15925925925926,39.83209876543209,35.06172839506173,3.691358024691358,231.97530864197532,British Grand Prix,United Kingdom,12,2025
10,GAS,Alpine,10.0,6.0,86.892,85.816,85.498,,24.15925925925926,39.83209876543209,35.06172839506173,3.691358024691358,231.97530864197532,British Grand Prix,United Kingdom,12,2025
55,SAI,Williams,11.0,12.0,86.892,85.816,85.498,,24.15925925925926,39.83209876543209,35.06172839506173,3.691358024691358,231.97530864197532,British Grand Prix,United Kingdom,12,2025
22,TSU,Red Bull Racing,12.0,15.0,86.892,85.816,85.498,,24.15925925925926,39.83209876543209,35.06172839506173,3.691358024691358,231.97530864197532,British Grand Prix,United Kingdom,12,2025
6,HAD,Racing Bulls,13.0,17.0,86.892,85.816,85.498,,24.15925925925926,39.83209876543209,35.06172839506173,3.691358024691358,231.97530864197532,British Grand Prix,United Kingdom,12,2025
23,ALB,Williams,14.0,8.0,86.892,85.816,85.498,,24.15925925925926,39.83209876543209,35.06172839506173,3.691358024691358,231.97530864197532,British Grand Prix,United Kingdom,12,2025
31,OCO,Haas F1 Team,15.0,13.0,86.892,85.816,85.498,,24.15925925925926,39.83209876543209,35.06172839506173,3.691358024691358,231.97530864197532,British Grand Prix,United Kingdom,12,2025
30,LAW,Racing Bulls,16.0,19.0,86.892,85.816,85.498,,24.15925925925926,39.83209876543209,35.06172839506173,3.691358024691358,231.97530864197532,British Grand Prix,United Kingdom,12,2025
5,BOR,Kick Sauber,17.0,18.0,86.892,85.816,85.498,,24.15925925925926,39.83209876543209,35.06172839506173,3.691358024691358,231.97530864197532,British Grand Prix,United Kingdom,12,2025
18,STR,Aston Martin,18.0,7.0,86.892,85.816,85.498,,24.15925925925926,39.83209876543209,35.06172839506173,3.691358024691358,231.97530864197532,British Grand Prix,United Kingdom,12,2025
27,HUL,Kick Sauber,19.0,3.0,86.892,85.816,85.498,,24.15925925925926,39.83209876543209,35.06172839506173,3.691358024691358,231.97530864197532,British Grand Prix,United Kingdom,12,2025
43,COL,Alpine,20.0,20.0,86.892,85.816,85.498,,24.15925925925926,39.83209876543209,35.06172839506173,3.691358024691358,231.97530864197532,British Grand Prix,United Kingdom,12,2025
4,NOR,McLaren,1.0,2.0,102.022,,,,20.919753086419753,35.938271604938265,67.51851851851852,1.5432098765432098,295.55555555555554,Belgian Grand Prix,Belgium,13,2025
81,PIA,McLaren,2.0,1.0,102.022,,,,20.919753086419753,35.938271604938265,67.51851851851852,1.5432098765432098,295.55555555555554,Belgian Grand Prix,Belgium,13,2025
16,LEC,Ferrari,3.0,3.0,102.022,,,,20.919753086419753,35.938271604938265,67.51851851851852,1.5432098765432098,295.55555555555554,Belgian Grand Prix,Belgium,13,2025
1,VER,Red Bull Racing,4.0,4.0,102.022,,,,20.919753086419753,35.938271604938265,67.51851851851852,1.5432098765432098,295.55555555555554,Belgian Grand Prix,Belgium,13,2025
23,ALB,Williams,5.0,6.0,102.022,,,,20.919753086419753,35.938271604938265,67.51851851851852,1.5432098765432098,295.55555555555554,Belgian Grand Prix,Belgium,13,2025
63,RUS,Mercedes,6.0,5.0,102.022,,,,20.919753086419753,35.938271604938265,67.51851851851852,1.5432098765432098,295.55555555555554,Belgian Grand Prix,Belgium,13,2025
22,TSU,Red Bull Racing,7.0,13.0,102.022,,,,20.919753086419753,35.938271604938265,67.51851851851852,1.5432098765432098,295.55555555555554,Belgian Grand Prix,Belgium,13,2025
6,HAD,Racing Bulls,8.0,20.0,102.022,,,,20.919753086419753,35.938271604938265,67.51851851851852,1.5432098765432098,295.55555555555554,Belgian Grand Prix,Belgium,13,2025
30,LAW,Racing Bulls,9.0,8.0,102.022,,,,20.919753086419753,35.938271604938265,67.51851851851852,1.5432098765432098,295.55555555555554,Belgian Grand Prix,Belgium,13,2025
5,BOR,Kick Sauber,10.0,9.0,102.022,,,,20.919753086419753,35.938271604938265,67.51851851851852,1.5432098765432098,295.55555555555554,Belgian Grand Prix,Belgium,13,2025
31,OCO,Haas F1 Team,11.0,15.0,102.022,,,,20.919753086419753,35.938271604938265,67.51851851851852,1.5432098765432098,295.55555555555554,Belgian Grand Prix,Belgium,13,2025
87,BEA,Haas F1 Team,12.0,11.0,102.022,,,,20.919753086419753,35.938271604938265,67.51851851851852,1.5432098765432098,295.55555555555554,Belgian Grand Prix,Belgium,13,2025
10,GAS,Alpine,13.0,10.0,102.022,,,,20.919753086419753,35.938271604938265,67.51851851851852,1.5432098765432098,295.55555555555554,Belgian Grand Prix,Belgium,13,2025
27,HUL,Kick Sauber,14.0,12.0,102.022,,,,20.919753086419753,35.938271604938265,67.51851851851852,1.5432098765432098,295.55555555555554,Belgian Grand Prix,Belgium,13,2025
55,SAI,Williams,15.0,18.0,102.022,,,,20.919753086419753,35.938271604938265,67.51851851851852,1.5432098765432098,295.55555555555554,Belgian Grand Prix,Belgium,13,2025
44,HAM,Ferrari,16.0,7.0,102.022,,,,20.919753086419753,35.938271604938265,67.51851851851852,1.5432098765432098,295.55555555555554,Belgian Grand Prix,Belgium,13,2025
43,COL,Alpine,17.0,19.0,102.022,,,,20.919753086419753,35.938271604938265,67.51851851851852,1.5432098765432098,295.55555555555554,Belgian Grand Prix,Belgium,13,2025
12,ANT,Mercedes,18.0,16.0,102.022,,,,20.919753086419753,35.938271604938265,67.51851851851852,1.5432098765432098,295.55555555555554,Belgian Grand Prix,Belgium,13,2025
14,ALO,Aston Martin,19.0,17.0,102.022,,,,20.919753086419753,35.938271604938265,67.51851851851852,1.5432098765432098,295.55555555555554,Belgian Grand Prix,Belgium,13,2025
18,STR,Aston Martin,20.0,14.0,102.022,,,,20.919753086419753,35.938271604938265,67.51851851851852,1.5432098765432098,295.55555555555554,Belgian Grand Prix,Belgium,13,2025
16,LEC,Ferrari,1.0,4.0,76.052,75.624,74.916,,27.108641975308643,38.32716049382716,37.074074074074076,1.362962962962963,156.44444444444446,Hungarian Grand Prix,Hungary,14,2025
81,PIA,McLaren,2.0,2.0,76.052,75.624,74.916,,27.108641975308643,38.32716049382716,37.074074074074076,1.362962962962963,156.44444444444446,Hungarian Grand Prix,Hungary,14,2025
4,NOR,McLaren,3.0,1.0,76.052,75.624,74.916,,27.108641975308643,38.32716049382716,37.074074074074076,1.362962962962963,156.44444444444446,Hungarian Grand Prix,Hungary,14,2025
63,RUS,Mercedes,4.0,3.0,76.052,75.624,74.916,,27.108641975308643,38.32716049382716,37.074074074074076,1.362962962962963,156.44444444444446,Hungarian Grand Prix,Hungary,14,2025
14,ALO,Aston Martin,5.0,5.0,76.052,75.624,74.916,,27.108641975308643,38.32716049382716,37.074074074074076,1.362962962962963,156.44444444444446,Hungarian Grand Prix,Hungary,14,2025
18,STR,Aston Martin,6.0,7.0,76.052,75.624,74.916,,27.108641975308643,38.32716049382716,37.074074074074076,1.362962962962963,156.44444444444446,Hungarian Grand Prix,Hungary,14,2025
5,BOR,Kick Sauber,7.0,6.0,76.052,75.624,74.916,,27.108641975308643,38.32716049382716,37.074074074074076,1.362962962962963,156.44444444444446,Hungarian Grand Prix,Hungary,14,2025
1,VER,Red Bull Racing,8.0,9.0,76.052,75.624,74.916,,27.108641975308643,38.32716049382716,37.074074074074076,1.362962962962963,156.44444444444446,Hungarian Grand Prix,Hungary,14,2025
30,LAW,Racing Bulls,9.0,8.0,76.052,75.624,74.916,,27.108641975308643,38.32716049382716,37.074074074074076,1.362962962962963,156.44444444444446,Hungarian Grand Prix,Hungary,14,2025
6,HAD,Racing Bulls,10.0,11.0,76.052,75.624,74.916,,27.108641975308643,38.32716049382716,37.074074074074076,1.362962962962963,156.44444444444446,Hungarian Grand Prix,Hungary,14,2025
87,BEA,Haas F1 Team,11.0,20.0,76.052,75.624,74.916,,27.108641975308643,38.32716049382716,37.074074074074076,1.362962962962963,156.44444444444446,Hungarian Grand Prix,Hungary,14,2025
44,HAM,Ferrari,12.0,12.0,76.052,75.624,74.916,,27.108641975308643,38.32716049382716,37.074074074074076,1.362962962962963,156.44444444444446,Hungarian Grand Prix,Hungary,14,2025
55,SAI,Williams,13.0,14.0,76.052,75.624,74.916,,27.108641975308643,38.32716049382716,37.074074074074076,1.362962962962963,156.44444444444446,Hungarian Grand Prix,Hungary,14,2025
43,COL,Alpine,14.0,18.0,76.052,75.624,74.916,,27.108641975308643,38.32716049382716,37.074074074074076,1.362962962962963,156.44444444444446,Hungarian Grand Prix,Hungary,14,2025
12,ANT,Mercedes,15.0,10.0,76.052,75.624,74.916,,27.108641975308643,38.32716049382716,37.074074074074076,1.362962962962963,156.44444444444446,Hungarian Grand Prix,Hungary,14,2025
22,TSU,Red Bull Racing,16.0,17.0,76.052,75.624,74.916,,27.108641975308643,38.32716049382716,37.074074074074076,1.362962962962963,156.44444444444446,Hungarian Grand Prix,Hungary,14,2025
10,GAS,Alpine,17.0,19.0,76.052,75.624,74.916,,27.108641975308643,38.32716049382716,37.074074074074076,1.362962962962963,156.44444444444446,Hungarian Grand Prix,Hungary,14,2025
31,OCO,Haas F1 Team,18.0,16.0,76.052,75.624,74.916,,27.108641975308643,38.32716049382716,37.074074074074076,1.362962962962963,156.44444444444446,Hungarian Grand Prix,Hungary,14,2025
27,HUL,Kick Sauber,19.0,13.0,76.052,75.624,74.916,,27.108641975308643,38.32716049382716,37.074074074074076,1.362962962962963,156.44444444444446,Hungarian Grand Prix,Hungary,14,2025
23,ALB,Williams,20.0,15.0,76.052,75.624,74.916,,27.108641975308643,38.32716049382716,37.074074074074076,1.362962962962963,156.44444444444446,Hungarian Grand Prix,Hungary,14,2025
81,PIA,McLaren,1.0,1.0,70.278,69.89,68.972,,19.71851851851852,27.179012345679013,60.370370370370374,3.1604938271604937,209.8148148148148,Dutch Grand Prix,Netherlands,15,2025
4,NOR,McLaren,2.0,18.0,70.278,69.89,68.972,,19.71851851851852,27.179012345679013,60.370370370370374,3.1604938271604937,209.8148148148148,Dutch Grand Prix,Netherlands,15,2025
1,VER,Red Bull Racing,3.0,2.0,70.278,69.89,68.972,,19.71851851851852,27.179012345679013,60.370370370370374,3.1604938271604937,209.8148148148148,Dutch Grand Prix,Netherlands,15,2025
6,HAD,Racing Bulls,4.0,3.0,70.278,69.89,68.972,,19.71851851851852,27.179012345679013,60.370370370370374,3.1604938271604937,209.8148148148148,Dutch Grand Prix,Netherlands,15,2025
63,RUS,Mercedes,5.0,4.0,70.278,69.89,68.972,,19.71851851851852,27.179012345679013,60.370370370370374,3.1604938271604937,209.8148148148148,Dutch Grand Prix,Netherlands,15,2025
16,LEC,Ferrari,6.0,19.0,70.278,69.89,68.972,,19.71851851851852,27.179012345679013,60.370370370370374,3.1604938271604937,209.8148148148148,Dutch Grand Prix,Netherlands,15,2025
44,HAM,Ferrari,7.0,20.0,70.278,69.89,68.972,,19.71851851851852,27.179012345679013,60.370370370370374,3.1604938271604937,209.8148148148148,Dutch Grand Prix,Netherlands,15,2025
30,LAW,Racing Bulls,8.0,12.0,70.278,69.89,68.972,,19.71851851851852,27.179012345679013,60.370370370370374,3.1604938271604937,209.8148148148148,Dutch Grand Prix,Netherlands,15,2025
55,SAI,Williams,9.0,13.0,70.278,69.89,68.972,,19.71851851851852,27.179012345679013,60.370370370370374,3.1604938271604937,209.8148148148148,Dutch Grand Prix,Netherlands,15,2025
14,ALO,Aston Martin,10.0,8.0,70.278,69.89,68.972,,19.71851851851852,27.179012345679013,60.370370370370374,3.1604938271604937,209.8148148148148,Dutch Grand Prix,Netherlands,15,2025
12,ANT,Mercedes,11.0,16.0,70.278,69.89,68.972,,19.71851851851852,27.179012345679013,60.370370370370374,3.1604938271604937,209.8148148148148,Dutch Grand Prix,Netherlands,15,2025
22,TSU,Red Bull Racing,12.0,9.0,70.278,69.89,68.972,,19.71851851851852,27.179012345679013,60.370370370370374,3.1604938271604937,209.8148148148148,Dutch Grand Prix,Netherlands,15,2025
5,BOR,Kick Sauber,13.0,15.0,70.278,69.89,68.972,,19.71851851851852,27.179012345679013,60.370370370370374,3.1604938271604937,209.8148148148148,Dutch Grand Prix,Netherlands,15,2025
10,GAS,Alpine,14.0,17.0,70.278,69.89,68.972,,19.71851851851852,27.179012345679013,60.370370370370374,3.1604938271604937,209.8148148148148,Dutch Grand Prix,Netherlands,15,2025
23,ALB,Williams,15.0,5.0,70.278,69.89,68.972,,19.71851851851852,27.179012345679013,60.370370370370374,3.1604938271604937,209.8148148148148,Dutch Grand Prix,Netherlands,15,2025
43,COL,Alpine,16.0,11.0,70.278,69.89,68.972,,19.71851851851852,27.179012345679013,60.370370370370374,3.1604938271604937,209.8148148148148,Dutch Grand Prix,Netherlands,15,2025
27,HUL,Kick Sauber,17.0,14.0,70.278,69.89,68.972,,19.71851851851852,27.179012345679013,60.370370370370374,3.1604938271604937,209.8148148148148,Dutch Grand Prix,Netherlands,15,2025
31,OCO,Haas F1 Team,18.0,10.0,70.278,69.89,68.972,,19.71851851851852,27.179012345679013,60.370370370370374,3.1604938271604937,209.8148148148148,Dutch Grand Prix,Netherlands,15,2025
87,BEA,Haas F1 Team,19.0,6.0,70.278,69.89,68.972,,19.71851851851852,27.179012345679013,60.370370370370374,3.1604938271604937,209.8148148148148,Dutch Grand Prix,Netherlands,15,2025
18,STR,Aston Martin,20.0,7.0,70.278,69.89,68.972,,19.71851851851852,27.179012345679013,60.370370370370374,3.1604938271604937,209.8148148148148,Dutch Grand Prix,Netherlands,15,2025
1,VER,Red Bull Racing,1.0,1.0,80.117,79.878,79.331,,26.53456790123457,38.781481481481485,31.419753086419753,1.7641975308641973,226.50617283950618,Italian Grand Prix,Italy,16,2025
4,NOR,McLaren,2.0,2.0,80.117,79.878,79.331,,26.53456790123457,38.781481481481485,31.419753086419753,1.7641975308641973,226.50617283950618,Italian Grand Prix,Italy,16,2025
81,PIA,McLaren,3.0,3.0,80.117,79.878,79.331,,26.53456790123457,38.781481481481485,31.419753086419753,1.7641975308641973,226.50617283950618,Italian Grand Prix,Italy,16,2025
16,LEC,Ferrari,4.0,4.0,80.117,79.878,79.331,,26.53456790123457,38.781481481481485,31.419753086419753,1.7641975308641973,226.50617283950618,Italian Grand Prix,Italy,16,2025
44,HAM,Ferrari,5.0,6.0,80.117,79.878,79.331,,26.53456790123457,38.781481481481485,31.419753086419753,1.7641975308641973,226.50617283950618,Italian Grand Prix,Italy,16,2025
63,RUS,Mercedes,6.0,5.0,80.117,79.878,79.331,,26.53456790123457,38.781481481481485,31.419753086419753,1.7641975308641973,226.50617283950618,Italian Grand Prix,Italy,16,2025
12,ANT,Mercedes,7.0,9.0,80.117,79.878,79.331,,26.53456790123457,38.781481481481485,31.419753086419753,1.7641975308641973,226.50617283950618,Italian Grand Prix,Italy,16,2025
5,BOR,Kick Sauber,8.0,8.0,80.117,79.878,79.331,,26.53456790123457,38.781481481481485,31.419753086419753,1.7641975308641973,226.50617283950618,Italian Grand Prix,Italy,16,2025
14,ALO,Aston Martin,9.0,19.0,80.117,79.878,79.331,,26.53456790123457,38.781481481481485,31.419753086419753,1.7641975308641973,226.50617283950618,Italian Grand Prix,Italy,16,2025
22,TSU,Red Bull Racing,10.0,13.0,80.117,79.878,79.331,,26.53456790123457,38.781481481481485,31.419753086419753,1.7641975308641973,226.50617283950618,Italian Grand Prix,Italy,16,2025
87,BEA,Haas F1 Team,11.0,12.0,80.117,79.878,79.331,,26.53456790123457,38.781481481481485,31.419753086419753,1.7641975308641973,226.50617283950618,Italian Grand Prix,Italy,16,2025
27,HUL,Kick Sauber,12.0,20.0,80.117,79.878,79.331,,26.53456790123457,38.781481481481485,31.419753086419753,1.7641975308641973,226.50617283950618,Italian Grand Prix,Italy,16,2025
55,SAI,Williams,13.0,11.0,80.117,79.878,79.331,,26.53456790123457,38.781481481481485,31.419753086419753,1.7641975308641973,226.50617283950618,Italian Grand Prix,Italy,16,2025
23,ALB,Williams,14.0,7.0,80.117,79.878,79.331,,26.53456790123457,38.781481481481485,31.419753086419753,1.7641975308641973,226.50617283950618,Italian Grand Prix,Italy,16,2025
31,OCO,Haas F1 Team,15.0,15.0,80.117,79.878,79.331,,26.53456790123457,38.781481481481485,31.419753086419753,1.7641975308641973,226.50617283950618,Italian Grand Prix,Italy,16,2025
6,HAD,Racing Bulls,16.0,10.0,80.117,79.878,79.331,,26.53456790123457,38.781481481481485,31.419753086419753,1.7641975308641973,226.50617283950618,Italian Grand Prix,Italy,16,2025
18,STR,Aston Martin,17.0,18.0,80.117,79.878,79.331,,26.53456790123457,38.781481481481485,31.419753086419753,1.7641975308641973,226.50617283950618,Italian Grand Prix,Italy,16,2025
43,COL,Alpine,18.0,17.0,80.117,79.878,79.331,,26.53456790123457,38.781481481481485,31.419753086419753,1.7641975308641973,226.50617283950618,Italian Grand Prix,Italy,16,2025
10,GAS,Alpine,19.0,16.0,80.117,79.878,79.331,,26.53456790123457,38.781481481481485,31.419753086419753,1.7641975308641973,226.50617283950618,Italian Grand Prix,Italy,16,2025
30,LAW,Racing Bulls,20.0,14.0,80.117,79.878,79.331,,26.53456790123457,38.781481481481485,31.419753086419753,1.7641975308641973,226.50617283950618,Italian Grand Prix,Italy,16,2025
1,VER,Red Bull Racing,1.0,1.0,102.704,101.293,101.223,,24.904819277108437,32.05903614457831,67.39759036144578,0.7795180722891567,176.13253012048193,Azerbaijan Grand Prix,Azerbaijan,17,2025
55,SAI,Williams,2.0,3.0,102.704,101.293,101.223,,24.904819277108437,32.05903614457831,67.39759036144578,0.7795180722891567,176.13253012048193,Azerbaijan Grand Prix,Azerbaijan,17,2025
30,LAW,Racing Bulls,3.0,5.0,102.704,101.293,101.223,,24.904819277108437,32.05903614457831,67.39759036144578,0.7795180722891567,176.13253012048193,Azerbaijan Grand Prix,Azerbaijan,17,2025
12,ANT,Mercedes,4.0,4.0,102.704,101.293,101.223,,24.904819277108437,32.05903614457831,67.39759036144578,0.7795180722891567,176.13253012048193,Azerbaijan Grand Prix,Azerbaijan,17,2025
63,RUS,Mercedes,5.0,2.0,102.704,101.293,101.223,,24.904819277108437,32.05903614457831,67.39759036144578,0.7795180722891567,176.13253012048193,Azerbaijan Grand Prix,Azerbaijan,17,2025
22,TSU,Red Bull Racing,6.0,6.0,102.704,101.293,101.223,,24.904819277108437,32.05903614457831,67.39759036144578,0.7795180722891567,176.13253012048193,Azerbaijan Grand Prix,Azerbaijan,17,2025
4,NOR,McLaren,7.0,7.0,102.704,101.293,101.223,,24.904819277108437,32.05903614457831,67.39759036144578,0.7795180722891567,176.13253012048193,Azerbaijan Grand Prix,Azerbaijan,17,2025
6,HAD,Racing Bulls,8.0,10.0,102.704,101.293,101.223,,24.904819277108437,32.05903614457831,67.39759036144578,0.7795180722891567,176.13253012048193,Azerbaijan Grand Prix,Azerbaijan,17,2025
81,PIA,McLaren,9.0,20.0,102.704,101.293,101.223,,24.904819277108437,32.05903614457831,67.39759036144578,0.7795180722891567,176.13253012048193,Azerbaijan Grand Prix,Azerbaijan,17,2025
16,LEC,Ferrari,10.0,9.0,102.704,101.293,101.223,,24.904819277108437,32.05903614457831,67.39759036144578,0.7795180722891567,176.13253012048193,Azerbaijan Grand Prix,Azerbaijan,17,2025
14,ALO,Aston Martin,11.0,15.0,102.704,101.293,101.223,,24.904819277108437,32.05903614457831,67.39759036144578,0.7795180722891567,176.13253012048193,Azerbaijan Grand Prix,Azerbaijan,17,2025
44,HAM,Ferrari,12.0,8.0,102.704,101.293,101.223,,24.904819277108437,32.05903614457831,67.39759036144578,0.7795180722891567,176.13253012048193,Azerbaijan Grand Prix,Azerbaijan,17,2025
5,BOR,Kick Sauber,13.0,11.0,102.704,101.293,101.223,,24.904819277108437,32.05903614457831,67.39759036144578,0.7795180722891567,176.13253012048193,Azerbaijan Grand Prix,Azerbaijan,17,2025
18,STR,Aston Martin,14.0,17.0,102.704,101.293,101.223,,24.904819277108437,32.05903614457831,67.39759036144578,0.7795180722891567,176.13253012048193,Azerbaijan Grand Prix,Azerbaijan,17,2025
87,BEA,Haas F1 Team,15.0,12.0,102.704,101.293,101.223,,24.904819277108437,32.05903614457831,67.39759036144578,0.7795180722891567,176.13253012048193,Azerbaijan Grand Prix,Azerbaijan,17,2025
43,COL,Alpine,16.0,19.0,102.704,101.293,101.223,,24.904819277108437,32.05903614457831,67.39759036144578,0.7795180722891567,176.13253012048193,Azerbaijan Grand Prix,Azerbaijan,17,2025
27,HUL,Kick Sauber,17.0,16.0,102.704,101.293,101.223,,24.904819277108437,32.05903614457831,67.39759036144578,0.7795180722891567,176.13253012048193,Azerbaijan Grand Prix,Azerbaijan,17,2025
10,GAS,Alpine,18.0,18.0,102.704,101.293,101.223,,24.904819277108437,32.05903614457831,67.39759036144578,0.7795180722891567,176.13253012048193,Azerbaijan Grand Prix,Azerbaijan,17,2025
23,ALB,Williams,19.0,13.0,102.704,101.293,101.223,,24.904819277108437,32.05903614457831,67.39759036144578,0.7795180722891567,176.13253012048193,Azerbaijan Grand Prix,Azerbaijan,17,2025
31,OCO,Haas F1 Team,20.0,14.0,102.704,101.293,101.223,,24.904819277108437,32.05903614457831,67.39759036144578,0.7795180722891567,176.13253012048193,Azerbaijan Grand Prix,Azerbaijan,17,2025
63,RUS,Mercedes,1.0,1.0,91.116,90.714,90.148,,28.201234567901235,32.18395061728395,76.70370370370371,1.6703703703703703,152.54320987654322,Singapore Grand Prix,Singapore,18,2025
1,VER,Red Bull Racing,2.0,2.0,91.116,90.714,90.148,,28.201234567901235,32.18395061728395,76.70370370370371,1.6703703703703703,152.54320987654322,Singapore Grand Prix,Singapore,18,2025
81,PIA,McLaren,3.0,4.0,91.116,90.714,90.148,,28.201234567901235,32.18395061728395,76.70370370370371,1.6703703703703703,152.54320987654322,Singapore Grand Prix,Singapore,18,2025
12,ANT,Mercedes,4.0,5.0,91.116,90.714,90.148,,28.201234567901235,32.18395061728395,76.70370370370371,1.6703703703703703,152.54320987654322,Singapore Grand Prix,Singapore,18,2025
4,NOR,McLaren,5.0,3.0,91.116,90.714,90.148,,28.201234567901235,32.18395061728395,76.70370370370371,1.6703703703703703,152.54320987654322,Singapore Grand Prix,Singapore,18,2025
44,HAM,Ferrari,6.0,8.0,91.116,90.714,90.148,,28.201234567901235,32.18395061728395,76.70370370370371,1.6703703703703703,152.54320987654322,Singapore Grand Prix,Singapore,18,2025
16,LEC,Ferrari,7.0,6.0,91.116,90.714,90.148,,28.201234567901235,32.18395061728395,76.70370370370371,1.6703703703703703,152.54320987654322,Singapore Grand Prix,Singapore,18,2025
6,HAD,Racing Bulls,8.0,11.0,91.116,90.714,90.148,,28.201234567901235,32.18395061728395,76.70370370370371,1.6703703703703703,152.54320987654322,Singapore Grand Prix,Singapore,18,2025
87,BEA,Haas F1 Team,9.0,9.0,91.116,90.714,90.148,,28.201234567901235,32.18395061728395,76.70370370370371,1.6703703703703703,152.54320987654322,Singapore Grand Prix,Singapore,18,2025
14,ALO,Aston Martin,10.0,7.0,91.116,90.714,90.148,,28.201234567901235,32.18395061728395,76.70370370370371,1.6703703703703703,152.54320987654322,Singapore Grand Prix,Singapore,18,2025
27,HUL,Kick Sauber,11.0,20.0,91.116,90.714,90.148,,28.201234567901235,32.18395061728395,76.70370370370371,1.6703703703703703,152.54320987654322,Singapore Grand Prix,Singapore,18,2025
30,LAW,Racing Bulls,12.0,15.0,91.116,90.714,90.148,,28.201234567901235,32.18395061728395,76.70370370370371,1.6703703703703703,152.54320987654322,Singapore Grand Prix,Singapore,18,2025
22,TSU,Red Bull Racing,13.0,12.0,91.116,90.714,90.148,,28.201234567901235,32.18395061728395,76.70370370370371,1.6703703703703703,152.54320987654322,Singapore Grand Prix,Singapore,18,2025
5,BOR,Kick Sauber,14.0,17.0,91.116,90.714,90.148,,28.201234567901235,32.18395061728395,76.70370370370371,1.6703703703703703,152.54320987654322,Singapore Grand Prix,Singapore,18,2025
18,STR,Aston Martin,15.0,13.0,91.116,90.714,90.148,,28.201234567901235,32.18395061728395,76.70370370370371,1.6703703703703703,152.54320987654322,Singapore Grand Prix,Singapore,18,2025
43,COL,Alpine,16.0,16.0,91.116,90.714,90.148,,28.201234567901235,32.18395061728395,76.70370370370371,1.6703703703703703,152.54320987654322,Singapore Grand Prix,Singapore,18,2025
31,OCO,Haas F1 Team,17.0,18.0,91.116,90.714,90.148,,28.201234567901235,32.18395061728395,76.70370370370371,1.6703703703703703,152.54320987654322,Singapore Grand Prix,Singapore,18,2025
10,GAS,Alpine,18.0,19.0,91.116,90.714,90.148,,28.201234567901235,32.18395061728395,76.70370370370371,1.6703703703703703,152.54320987654322,Singapore Grand Prix,Singapore,18,2025
23,ALB,Williams,19.0,14.0,91.116,90.714,90.148,,28.201234567901235,32.18395061728395,76.70370370370371,1.6703703703703703,152.54320987654322,Singapore Grand Prix,Singapore,18,2025
55,SAI,Williams,20.0,10.0,91.116,90.714,90.148,,28.201234567901235,32.18395061728395,76.70370370370371,1.6703703703703703,152.54320987654322,Singapore Grand Prix,Singapore,18,2025
1,VER,Red Bull Racing,1.0,1.0,93.294,,,,29.952439024390248,42.21829268292684,50.03658536585366,2.3341463414634145,135.9390243902439,United States Grand Prix,United States,19,2025
4,NOR,McLaren,2.0,2.0,93.294,,,,29.952439024390248,42.21829268292684,50.03658536585366,2.3341463414634145,135.9390243902439,United States Grand Prix,United States,19,2025
16,LEC,Ferrari,3.0,3.0,93.294,,,,29.952439024390248,42.21829268292684,50.03658536585366,2.3341463414634145,135.9390243902439,United States Grand Prix,United States,19,2025
63,RUS,Mercedes,4.0,6.0,93.294,,,,29.952439024390248,42.21829268292684,50.03658536585366,2.3341463414634145,135.9390243902439,United States Grand Prix,United States,19,2025
44,HAM,Ferrari,5.0,4.0,93.294,,,,29.952439024390248,42.21829268292684,50.03658536585366,2.3341463414634145,135.9390243902439,United States Grand Prix,United States,19,2025
81,PIA,McLaren,6.0,5.0,93.294,,,,29.952439024390248,42.21829268292684,50.03658536585366,2.3341463414634145,135.9390243902439,United States Grand Prix,United States,19,2025
12,ANT,Mercedes,7.0,13.0,93.294,,,,29.952439024390248,42.21829268292684,50.03658536585366,2.3341463414634145,135.9390243902439,United States Grand Prix,United States,19,2025
87,BEA,Haas F1 Team,8.0,9.0,93.294,,,,29.952439024390248,42.21829268292684,50.03658536585366,2.3341463414634145,135.9390243902439,United States Grand Prix,United States,19,2025
55,SAI,Williams,9.0,20.0,93.294,,,,29.952439024390248,42.21829268292684,50.03658536585366,2.3341463414634145,135.9390243902439,United States Grand Prix,United States,19,2025
14,ALO,Aston Martin,10.0,10.0,93.294,,,,29.952439024390248,42.21829268292684,50.03658536585366,2.3341463414634145,135.9390243902439,United States Grand Prix,United States,19,2025
27,HUL,Kick Sauber,11.0,8.0,93.294,,,,29.952439024390248,42.21829268292684,50.03658536585366,2.3341463414634145,135.9390243902439,United States Grand Prix,United States,19,2025
30,LAW,Racing Bulls,12.0,11.0,93.294,,,,29.952439024390248,42.21829268292684,50.03658536585366,2.3341463414634145,135.9390243902439,United States Grand Prix,United States,19,2025
22,TSU,Red Bull Racing,13.0,7.0,93.294,,,,29.952439024390248,42.21829268292684,50.03658536585366,2.3341463414634145,135.9390243902439,United States Grand Prix,United States,19,2025
10,GAS,Alpine,14.0,19.0,93.294,,,,29.952439024390248,42.21829268292684,50.03658536585366,2.3341463414634145,135.9390243902439,United States Grand Prix,United States,19,2025
43,COL,Alpine,15.0,17.0,93.294,,,,29.952439024390248,42.21829268292684,50.03658536585366,2.3341463414634145,135.9390243902439,United States Grand Prix,United States,19,2025
5,BOR,Kick Sauber,16.0,18.0,93.294,,,,29.952439024390248,42.21829268292684,50.03658536585366,2.3341463414634145,135.9390243902439,United States Grand Prix,United States,19,2025
31,OCO,Haas F1 Team,17.0,15.0,93.294,,,,29.952439024390248,42.21829268292684,50.03658536585366,2.3341463414634145,135.9390243902439,United States Grand Prix,United States,19,2025
18,STR,Aston Martin,18.0,12.0,93.294,,,,29.952439024390248,42.21829268292684,50.03658536585366,2.3341463414634145,135.9390243902439,United States Grand Prix,United States,19,2025
23,ALB,Williams,19.0,14.0,93.294,,,,29.952439024390248,42.21829268292684,50.03658536585366,2.3341463414634145,135.9390243902439,United States Grand Prix,United States,19,2025
6,HAD,Racing Bulls,20.0,16.0,93.294,,,,29.952439024390248,42.21829268292684,50.03658536585366,2.3341463414634145,135.9390243902439,United States Grand Prix,United States,19,2025
4,NOR,McLaren,1.0,1.0,78.38,77.392,76.633,,25.379761904761907,39.280952380952385,26.238095238095237,1.1416666666666666,175.45238095238096,Mexico City Grand Prix,Mexico,20,2025
16,LEC,Ferrari,2.0,2.0,78.38,77.392,76.633,,25.379761904761907,39.280952380952385,26.238095238095237,1.1416666666666666,175.45238095238096,Mexico City Grand Prix,Mexico,20,2025
44,HAM,Ferrari,3.0,8.0,78.38,77.392,76.633,,25.379761904761907,39.280952380952385,26.238095238095237,1.1416666666666666,175.45238095238096,Mexico City Grand Prix,Mexico,20,2025
63,RUS,Mercedes,4.0,7.0,78.38,77.392,76.633,,25.379761904761907,39.280952380952385,26.238095238095237,1.1416666666666666,175.45238095238096,Mexico City Grand Prix,Mexico,20,2025
1,VER,Red Bull Racing,5.0,3.0,78.38,77.392,76.633,,25.379761904761907,39.280952380952385,26.238095238095237,1.1416666666666666,175.45238095238096,Mexico City Grand Prix,Mexico,20,2025
12,ANT,Mercedes,6.0,6.0,78.38,77.392,76.633,,25.379761904761907,39.280952380952385,26.238095238095237,1.1416666666666666,175.45238095238096,Mexico City Grand Prix,Mexico,20,2025
55,SAI,Williams,7.0,17.0,78.38,77.392,76.633,,25.379761904761907,39.280952380952385,26.238095238095237,1.1416666666666666,175.45238095238096,Mexico City Grand Prix,Mexico,20,2025
81,PIA,McLaren,8.0,5.0,78.38,77.392,76.633,,25.379761904761907,39.280952380952385,26.238095238095237,1.1416666666666666,175.45238095238096,Mexico City Grand Prix,Mexico,20,2025
6,HAD,Racing Bulls,9.0,13.0,78.38,77.392,76.633,,25.379761904761907,39.280952380952385,26.238095238095237,1.1416666666666666,175.45238095238096,Mexico City Grand Prix,Mexico,20,2025
87,BEA,Haas F1 Team,10.0,4.0,78.38,77.392,76.633,,25.379761904761907,39.280952380952385,26.238095238095237,1.1416666666666666,175.45238095238096,Mexico City Grand Prix,Mexico,20,2025
22,TSU,Red Bull Racing,11.0,11.0,78.38,77.392,76.633,,25.379761904761907,39.280952380952385,26.238095238095237,1.1416666666666666,175.45238095238096,Mexico City Grand Prix,Mexico,20,2025
31,OCO,Haas F1 Team,12.0,9.0,78.38,77.392,76.633,,25.379761904761907,39.280952380952385,26.238095238095237,1.1416666666666666,175.45238095238096,Mexico City Grand Prix,Mexico,20,2025
27,HUL,Kick Sauber,13.0,19.0,78.38,77.392,76.633,,25.379761904761907,39.280952380952385,26.238095238095237,1.1416666666666666,175.45238095238096,Mexico City Grand Prix,Mexico,20,2025
14,ALO,Aston Martin,14.0,18.0,78.38,77.392,76.633,,25.379761904761907,39.280952380952385,26.238095238095237,1.1416666666666666,175.45238095238096,Mexico City Grand Prix,Mexico,20,2025
30,LAW,Racing Bulls,15.0,20.0,78.38,77.392,76.633,,25.379761904761907,39.280952380952385,26.238095238095237,1.1416666666666666,175.45238095238096,Mexico City Grand Prix,Mexico,20,2025
5,BOR,Kick Sauber,16.0,10.0,78.38,77.392,76.633,,25.379761904761907,39.280952380952385,26.238095238095237,1.1416666666666666,175.45238095238096,Mexico City Grand Prix,Mexico,20,2025
23,ALB,Williams,17.0,12.0,78.38,77.392,76.633,,25.379761904761907,39.280952380952385,26.238095238095237,1.1416666666666666,175.45238095238096,Mexico City Grand Prix,Mexico,20,2025
10,GAS,Alpine,18.0,15.0,78.38,77.392,76.633,,25.379761904761907,39.280952380952385,26.238095238095237,1.1416666666666666,175.45238095238096,Mexico City Grand Prix,Mexico,20,2025
18,STR,Aston Martin,19.0,14.0,78.38,77.392,76.633,,25.379761904761907,39.280952380952385,26.238095238095237,1.1416666666666666,175.45238095238096,Mexico City Grand Prix,Mexico,20,2025
43,COL,Alpine,20.0,16.0,78.38,77.392,76.633,,25.379761904761907,39.280952380952385,26.238095238095237,1.1416666666666666,175.45238095238096,Mexico City Grand Prix,Mexico,20,2025
4,NOR,McLaren,1.0,1.0,69.975,,,,20.310344827586203,41.99770114942528,67.59770114942529,1.1517241379310343,165.4022988505747,São Paulo Grand Prix,Brazil,21,2025
12,ANT,Mercedes,2.0,2.0,69.975,,,,20.310344827586203,41.99770114942528,67.59770114942529,1.1517241379310343,165.4022988505747,São Paulo Grand Prix,Brazil,21,2025
16,LEC,Ferrari,3.0,19.0,69.975,,,,20.310344827586203,41.99770114942528,67.59770114942529,1.1517241379310343,165.4022988505747,São Paulo Grand Prix,Brazil,21,2025
81,PIA,McLaren,4.0,5.0,69.975,,,,20.310344827586203,41.99770114942528,67.59770114942529,1.1517241379310343,165.4022988505747,São Paulo Grand Prix,Brazil,21,2025
6,HAD,Racing Bulls,5.0,8.0,69.975,,,,20.310344827586203,41.99770114942528,67.59770114942529,1.1517241379310343,165.4022988505747,São Paulo Grand Prix,Brazil,21,2025
63,RUS,Mercedes,6.0,4.0,69.975,,,,20.310344827586203,41.99770114942528,67.59770114942529,1.1517241379310343,165.4022988505747,São Paulo Grand Prix,Brazil,21,2025
30,LAW,Racing Bulls,7.0,7.0,69.975,,,,20.310344827586203,41.99770114942528,67.59770114942529,1.1517241379310343,165.4022988505747,São Paulo Grand Prix,Brazil,21,2025
87,BEA,Haas F1 Team,8.0,6.0,69.975,,,,20.310344827586203,41.99770114942528,67.59770114942529,1.1517241379310343,165.4022988505747,São Paulo Grand Prix,Brazil,21,2025
10,GAS,Alpine,9.0,10.0,69.975,,,,20.310344827586203,41.99770114942528,67.59770114942529,1.1517241379310343,165.4022988505747,São Paulo Grand Prix,Brazil,21,2025
27,HUL,Kick Sauber,10.0,9.0,69.975,,,,20.310344827586203,41.99770114942528,67.59770114942529,1.1517241379310343,165.4022988505747,São Paulo Grand Prix,Brazil,21,2025
14,ALO,Aston Martin,11.0,14.0,69.975,,,,20.310344827586203,41.99770114942528,67.59770114942529,1.1517241379310343,165.4022988505747,São Paulo Grand Prix,Brazil,21,2025
23,ALB,Williams,12.0,11.0,69.975,,,,20.310344827586203,41.99770114942528,67.59770114942529,1.1517241379310343,165.4022988505747,São Paulo Grand Prix,Brazil,21,2025
44,HAM,Ferrari,13.0,18.0,69.975,,,,20.310344827586203,41.99770114942528,67.59770114942529,1.1517241379310343,165.4022988505747,São Paulo Grand Prix,Brazil,21,2025
18,STR,Aston Martin,14.0,16.0,69.975,,,,20.310344827586203,41.99770114942528,67.59770114942529,1.1517241379310343,165.4022988505747,São Paulo Grand Prix,Brazil,21,2025
55,SAI,Williams,15.0,13.0,69.975,,,,20.310344827586203,41.99770114942528,67.59770114942529,1.1517241379310343,165.4022988505747,São Paulo Grand Prix,Brazil,21,2025
1,VER,Red Bull Racing,16.0,3.0,69.975,,,,20.310344827586203,41.99770114942528,67.59770114942529,1.1517241379310343,165.4022988505747,São Paulo Grand Prix,Brazil,21,2025
31,OCO,Haas F1 Team,17.0,12.0,69.975,,,,20.310344827586203,41.99770114942528,67.59770114942529,1.1517241379310343,165.4022988505747,São Paulo Grand Prix,Brazil,21,2025
43,COL,Alpine,18.0,15.0,69.975,,,,20.310344827586203,41.99770114942528,67.59770114942529,1.1517241379310343,165.4022988505747,São Paulo Grand Prix,Brazil,21,2025
22,TSU,Red Bull Racing,19.0,17.0,69.975,,,,20.310344827586203,41.99770114942528,67.59770114942529,1.1517241379310343,165.4022988505747,São Paulo Grand Prix,Brazil,21,2025
5,BOR,Kick Sauber,,20.0,69.975,,,,20.310344827586203,41.99770114942528,67.59770114942529,1.1517241379310343,165.4022988505747,São Paulo Grand Prix,Brazil,21,2025
4,NOR,McLaren,1.0,19.0,94.802,93.602,94.054,,13.902702702702703,16.712162162162166,57.21621621621622,1.4283783783783786,166.6081081081081,Las Vegas Grand Prix,United States,22,2025
1,VER,Red Bull Racing,2.0,1.0,94.802,93.602,94.054,,13.902702702702703,16.712162162162166,57.21621621621622,1.4283783783783786,166.6081081081081,Las Vegas Grand Prix,United States,22,2025
55,SAI,Williams,3.0,5.0,94.802,93.602,94.054,,13.902702702702703,16.712162162162166,57.21621621621622,1.4283783783783786,166.6081081081081,Las Vegas Grand Prix,United States,22,2025
63,RUS,Mercedes,4.0,2.0,94.802,93.602,94.054,,13.902702702702703,16.712162162162166,57.21621621621622,1.4283783783783786,166.6081081081081,Las Vegas Grand Prix,United States,22,2025
81,PIA,McLaren,5.0,20.0,94.802,93.602,94.054,,13.902702702702703,16.712162162162166,57.21621621621622,1.4283783783783786,166.6081081081081,Las Vegas Grand Prix,United States,22,2025
30,LAW,Racing Bulls,6.0,14.0,94.802,93.602,94.054,,13.902702702702703,16.712162162162166,57.21621621621622,1.4283783783783786,166.6081081081081,Las Vegas Grand Prix,United States,22,2025
14,ALO,Aston Martin,7.0,11.0,94.802,93.602,94.054,,13.902702702702703,16.712162162162166,57.21621621621622,1.4283783783783786,166.6081081081081,Las Vegas Grand Prix,United States,22,2025
6,HAD,Racing Bulls,8.0,6.0,94.802,93.602,94.054,,13.902702702702703,16.712162162162166,57.21621621621622,1.4283783783783786,166.6081081081081,Las Vegas Grand Prix,United States,22,2025
16,LEC,Ferrari,9.0,4.0,94.802,93.602,94.054,,13.902702702702703,16.712162162162166,57.21621621621622,1.4283783783783786,166.6081081081081,Las Vegas Grand Prix,United States,22,2025
10,GAS,Alpine,10.0,13.0,94.802,93.602,94.054,,13.902702702702703,16.712162162162166,57.21621621621622,1.4283783783783786,166.6081081081081,Las Vegas Grand Prix,United States,22,2025
27,HUL,Kick Sauber,11.0,7.0,94.802,93.602,94.054,,13.902702702702703,16.712162162162166,57.21621621621622,1.4283783783783786,166.6081081081081,Las Vegas Grand Prix,United States,22,2025
18,STR,Aston Martin,12.0,18.0,94.802,93.602,94.054,,13.902702702702703,16.712162162162166,57.21621621621622,1.4283783783783786,166.6081081081081,Las Vegas Grand Prix,United States,22,2025
31,OCO,Haas F1 Team,13.0,9.0,94.802,93.602,94.054,,13.902702702702703,16.712162162162166,57.21621621621622,1.4283783783783786,166.6081081081081,Las Vegas Grand Prix,United States,22,2025
87,BEA,Haas F1 Team,14.0,10.0,94.802,93.602,94.054,,13.902702702702703,16.712162162162166,57.21621621621622,1.4283783783783786,166.6081081081081,Las Vegas Grand Prix,United States,22,2025
43,COL,Alpine,15.0,15.0,94.802,93.602,94.054,,13.902702702702703,16.712162162162166,57.21621621621622,1.4283783783783786,166.6081081081081,Las Vegas Grand Prix,United States,22,2025
23,ALB,Williams,16.0,16.0,94.802,93.602,94.054,,13.902702702702703,16.712162162162166,57.21621621621622,1.4283783783783786,166.6081081081081,Las Vegas Grand Prix,United States,22,2025
12,ANT,Mercedes,17.0,3.0,94.802,93.602,94.054,,13.902702702702703,16.712162162162166,57.21621621621622,1.4283783783783786,166.6081081081081,Las Vegas Grand Prix,United States,22,2025
5,BOR,Kick Sauber,18.0,17.0,94.802,93.602,94.054,,13.902702702702703,16.712162162162166,57.21621621621622,1.4283783783783786,166.6081081081081,Las Vegas Grand Prix,United States,22,2025
22,TSU,Red Bull Racing,19.0,12.0,94.802,93.602,94.054,,13.902702702702703,16.712162162162166,57.21621621621622,1.4283783783783786,166.6081081081081,Las Vegas Grand Prix,United States,22,2025
44,HAM,Ferrari,20.0,8.0,94.802,93.602,94.054,,13.902702702702703,16.712162162162166,57.21621621621622,1.4283783783783786,166.6081081081081,Las Vegas Grand Prix,United States,22,2025
81,PIA,McLaren,1.0,2.0,80.924,,,,25.818181818181817,32.350649350649356,50.81818181818182,1.296103896103896,280.7922077922078,Qatar Grand Prix,Qatar,23,2025
4,NOR,McLaren,2.0,4.0,80.924,,,,25.818181818181817,32.350649350649356,50.81818181818182,1.296103896103896,280.7922077922078,Qatar Grand Prix,Qatar,23,2025
1,VER,Red Bull Racing,3.0,1.0,80.924,,,,25.818181818181817,32.350649350649356,50.81818181818182,1.296103896103896,280.7922077922078,Qatar Grand Prix,Qatar,23,2025
63,RUS,Mercedes,4.0,6.0,80.924,,,,25.818181818181817,32.350649350649356,50.81818181818182,1.296103896103896,280.7922077922078,Qatar Grand Prix,Qatar,23,2025
12,ANT,Mercedes,5.0,5.0,80.924,,,,25.818181818181817,32.350649350649356,50.81818181818182,1.296103896103896,280.7922077922078,Qatar Grand Prix,Qatar,23,2025
6,HAD,Racing Bulls,6.0,18.0,80.924,,,,25.818181818181817,32.350649350649356,50.81818181818182,1.296103896103896,280.7922077922078,Qatar Grand Prix,Qatar,23,2025
55,SAI,Williams,7.0,3.0,80.924,,,,25.818181818181817,32.350649350649356,50.81818181818182,1.296103896103896,280.7922077922078,Qatar Grand Prix,Qatar,23,2025
14,ALO,Aston Martin,8.0,7.0,80.924,,,,25.818181818181817,32.350649350649356,50.81818181818182,1.296103896103896,280.7922077922078,Qatar Grand Prix,Qatar,23,2025
10,GAS,Alpine,9.0,16.0,80.924,,,,25.818181818181817,32.350649350649356,50.81818181818182,1.296103896103896,280.7922077922078,Qatar Grand Prix,Qatar,23,2025
16,LEC,Ferrari,10.0,8.0,80.924,,,,25.818181818181817,32.350649350649356,50.81818181818182,1.296103896103896,280.7922077922078,Qatar Grand Prix,Qatar,23,2025
27,HUL,Kick Sauber,11.0,20.0,80.924,,,,25.818181818181817,32.350649350649356,50.81818181818182,1.296103896103896,280.7922077922078,Qatar Grand Prix,Qatar,23,2025
30,LAW,Racing Bulls,12.0,9.0,80.924,,,,25.818181818181817,32.350649350649356,50.81818181818182,1.296103896103896,280.7922077922078,Qatar Grand Prix,Qatar,23,2025
87,BEA,Haas F1 Team,13.0,19.0,80.924,,,,25.818181818181817,32.350649350649356,50.81818181818182,1.296103896103896,280.7922077922078,Qatar Grand Prix,Qatar,23,2025
5,BOR,Kick Sauber,14.0,13.0,80.924,,,,25.818181818181817,32.350649350649356,50.81818181818182,1.296103896103896,280.7922077922078,Qatar Grand Prix,Qatar,23,2025
23,ALB,Williams,15.0,11.0,80.924,,,,25.818181818181817,32.350649350649356,50.81818181818182,1.296103896103896,280.7922077922078,Qatar Grand Prix,Qatar,23,2025
22,TSU,Red Bull Racing,16.0,10.0,80.924,,,,25.818181818181817,32.350649350649356,50.81818181818182,1.296103896103896,280.7922077922078,Qatar Grand Prix,Qatar,23,2025
31,OCO,Haas F1 Team,17.0,15.0,80.924,,,,25.818181818181817,32.350649350649356,50.81818181818182,1.296103896103896,280.7922077922078,Qatar Grand Prix,Qatar,23,2025
44,HAM,Ferrari,18.0,12.0,80.924,,,,25.818181818181817,32.350649350649356,50.81818181818182,1.296103896103896,280.7922077922078,Qatar Grand Prix,Qatar,23,2025
18,STR,Aston Martin,19.0,17.0,80.924,,,,25.818181818181817,32.350649350649356,50.81818181818182,1.296103896103896,280.7922077922078,Qatar Grand Prix,Qatar,23,2025
43,COL,Alpine,20.0,14.0,80.924,,,,25.818181818181817,32.350649350649356,50.81818181818182,1.296103896103896,280.7922077922078,Qatar Grand Prix,Qatar,23,2025
1,VER,Red Bull Racing,1.0,1.0,84.485,83.083,83.334,,25.552500000000002,29.6975,55.7,1.63125,272.2,Abu Dhabi Grand Prix,United Arab Emirates,24,2025
4,NOR,McLaren,2.0,3.0,84.485,83.083,83.334,,25.552500000000002,29.6975,55.7,1.63125,272.2,Abu Dhabi Grand Prix,United Arab Emirates,24,2025
81,PIA,McLaren,3.0,2.0,84.485,83.083,83.334,,25.552500000000002,29.6975,55.7,1.63125,272.2,Abu Dhabi Grand Prix,United Arab Emirates,24,2025
63,RUS,Mercedes,4.0,5.0,84.485,83.083,83.334,,25.552500000000002,29.6975,55.7,1.63125,272.2,Abu Dhabi Grand Prix,United Arab Emirates,24,2025
16,LEC,Ferrari,5.0,4.0,84.485,83.083,83.334,,25.552500000000002,29.6975,55.7,1.63125,272.2,Abu Dhabi Grand Prix,United Arab Emirates,24,2025
14,ALO,Aston Martin,6.0,6.0,84.485,83.083,83.334,,25.552500000000002,29.6975,55.7,1.63125,272.2,Abu Dhabi Grand Prix,United Arab Emirates,24,2025
5,BOR,Kick Sauber,7.0,11.0,84.485,83.083,83.334,,25.552500000000002,29.6975,55.7,1.63125,272.2,Abu Dhabi Grand Prix,United Arab Emirates,24,2025
31,OCO,Haas F1 Team,8.0,7.0,84.485,83.083,83.334,,25.552500000000002,29.6975,55.7,1.63125,272.2,Abu Dhabi Grand Prix,United Arab Emirates,24,2025
6,HAD,Racing Bulls,9.0,17.0,84.485,83.083,83.334,,25.552500000000002,29.6975,55.7,1.63125,272.2,Abu Dhabi Grand Prix,United Arab Emirates,24,2025
22,TSU,Red Bull Racing,10.0,14.0,84.485,83.083,83.334,,25.552500000000002,29.6975,55.7,1.63125,272.2,Abu Dhabi Grand Prix,United Arab Emirates,24,2025
87,BEA,Haas F1 Team,11.0,12.0,84.485,83.083,83.334,,25.552500000000002,29.6975,55.7,1.63125,272.2,Abu Dhabi Grand Prix,United Arab Emirates,24,2025
55,SAI,Williams,12.0,13.0,84.485,83.083,83.334,,25.552500000000002,29.6975,55.7,1.63125,272.2,Abu Dhabi Grand Prix,United Arab Emirates,24,2025
30,LAW,Racing Bulls,13.0,18.0,84.485,83.083,83.334,,25.552500000000002,29.6975,55.7,1.63125,272.2,Abu Dhabi Grand Prix,United Arab Emirates,24,2025
12,ANT,Mercedes,14.0,15.0,84.485,83.083,83.334,,25.552500000000002,29.6975,55.7,1.63125,272.2,Abu Dhabi Grand Prix,United Arab Emirates,24,2025
18,STR,Aston Martin,15.0,10.0,84.485,83.083,83.334,,25.552500000000002,29.6975,55.7,1.63125,272.2,Abu Dhabi Grand Prix,United Arab Emirates,24,2025
44,HAM,Ferrari,16.0,8.0,84.485,83.083,83.334,,25.552500000000002,29.6975,55.7,1.63125,272.2,Abu Dhabi Grand Prix,United Arab Emirates,24,2025
23,ALB,Williams,17.0,16.0,84.485,83.083,83.334,,25.552500000000002,29.6975,55.7,1.63125,272.2,Abu Dhabi Grand Prix,United Arab Emirates,24,2025
27,HUL,Kick Sauber,18.0,9.0,84.485,83.083,83.334,,25.552500000000002,29.6975,55.7,1.63125,272.2,Abu Dhabi Grand Prix,United Arab Emirates,24,2025
10,GAS,Alpine,19.0,19.0,84.485,83.083,83.334,,25.552500000000002,29.6975,55.7,1.63125,272.2,Abu Dhabi Grand Prix,United Arab Emirates,24,2025
43,COL,Alpine,20.0,20.0,84.485,83.083,83.334,,25.552500000000002,29.6975,55.7,1.63125,272.2,Abu Dhabi Grand Prix,United Arab Emirates,24,2025
63,RUS,Mercedes,1.0,1.0,80.267,79.729,79.053,,22.45063291139241,33.284810126582286,63.817721518987334,2.1974683544303795,101.0126582278481,Pre-Season Testing,Bahrain,1,2026
12,ANT,Mercedes,2.0,2.0,80.267,79.729,79.053,,22.45063291139241,33.284810126582286,63.817721518987334,2.1974683544303795,101.0126582278481,Pre-Season Testing,Bahrain,1,2026
6,HAD,Red Bull Racing,3.0,20.0,80.267,79.729,79.053,,22.45063291139241,33.284810126582286,63.817721518987334,2.1974683544303795,101.0126582278481,Pre-Season Testing,Bahrain,1,2026
16,LEC,Ferrari,4.0,3.0,80.267,79.729,79.053,,22.45063291139241,33.284810126582286,63.817721518987334,2.1974683544303795,101.0126582278481,Pre-Season Testing,Bahrain,1,2026
81,PIA,McLaren,5.0,21.0,80.267,79.729,79.053,,22.45063291139241,33.284810126582286,63.817721518987334,2.1974683544303795,101.0126582278481,Pre-Season Testing,Bahrain,1,2026
1,NOR,McLaren,6.0,5.0,80.267,79.729,79.053,,22.45063291139241,33.284810126582286,63.817721518987334,2.1974683544303795,101.0126582278481,Pre-Season Testing,Bahrain,1,2026
44,HAM,Ferrari,7.0,4.0,80.267,79.729,79.053,,22.45063291139241,33.284810126582286,63.817721518987334,2.1974683544303795,101.0126582278481,Pre-Season Testing,Bahrain,1,2026
30,LAW,Racing Bulls,8.0,13.0,80.267,79.729,79.053,,22.45063291139241,33.284810126582286,63.817721518987334,2.1974683544303795,101.0126582278481,Pre-Season Testing,Bahrain,1,2026
41,LIN,Racing Bulls,9.0,8.0,80.267,79.729,79.053,,22.45063291139241,33.284810126582286,63.817721518987334,2.1974683544303795,101.0126582278481,Pre-Season Testing,Bahrain,1,2026
5,BOR,Audi,10.0,9.0,80.267,79.729,79.053,,22.45063291139241,33.284810126582286,63.817721518987334,2.1974683544303795,101.0126582278481,Pre-Season Testing,Bahrain,1,2026
27,HUL,Audi,11.0,22.0,80.267,79.729,79.053,,22.45063291139241,33.284810126582286,63.817721518987334,2.1974683544303795,101.0126582278481,Pre-Season Testing,Bahrain,1,2026
87,BEA,Haas F1 Team,12.0,7.0,80.267,79.729,79.053,,22.45063291139241,33.284810126582286,63.817721518987334,2.1974683544303795,101.0126582278481,Pre-Season Testing,Bahrain,1,2026
31,OCO,Haas F1 Team,13.0,11.0,80.267,79.729,79.053,,22.45063291139241,33.284810126582286,63.817721518987334,2.1974683544303795,101.0126582278481,Pre-Season Testing,Bahrain,1,2026
10,GAS,Alpine,14.0,10.0,80.267,79.729,79.053,,22.45063291139241,33.284810126582286,63.817721518987334,2.1974683544303795,101.0126582278481,Pre-Season Testing,Bahrain,1,2026
23,ALB,Williams,15.0,12.0,80.267,79.729,79.053,,22.45063291139241,33.284810126582286,63.817721518987334,2.1974683544303795,101.0126582278481,Pre-Season Testing,Bahrain,1,2026
43,COL,Alpine,16.0,14.0,80.267,79.729,79.053,,22.45063291139241,33.284810126582286,63.817721518987334,2.1974683544303795,101.0126582278481,Pre-Season Testing,Bahrain,1,2026
14,ALO,Aston Martin,17.0,18.0,80.267,79.729,79.053,,22.45063291139241,33.284810126582286,63.817721518987334,2.1974683544303795,101.0126582278481,Pre-Season Testing,Bahrain,1,2026
11,PER,Cadillac,18.0,16.0,80.267,79.729,79.053,,22.45063291139241,33.284810126582286,63.817721518987334,2.1974683544303795,101.0126582278481,Pre-Season Testing,Bahrain,1,2026
77,BOT,Cadillac,19.0,19.0,80.267,79.729,79.053,,22.45063291139241,33.284810126582286,63.817721518987334,2.1974683544303795,101.0126582278481,Pre-Season Testing,Bahrain,1,2026
18,STR,Aston Martin,,17.0,80.267,79.729,79.053,,22.45063291139241,33.284810126582286,63.817721518987334,2.1974683544303795,101.0126582278481,Pre-Season Testing,Bahrain,1,2026
3,VER,Red Bull Racing,,6.0,80.267,79.729,79.053,,22.45063291139241,33.284810126582286,63.817721518987334,2.1974683544303795,101.0126582278481,Pre-Season Testing,Bahrain,1,2026
55,SAI,Williams,,15.0,80.267,79.729,79.053,,22.45063291139241,33.284810126582286,63.817721518987334,2.1974683544303795,101.0126582278481,Pre-Season Testing,Bahrain,1,2026
12,ANT,Mercedes,1.0,1.0,92.741,,,,12.984523809523811,21.254761904761903,36.660714285714285,1.5499999999999998,103.64285714285714,Australian Grand Prix,Australia,2,2026
63,RUS,Mercedes,2.0,2.0,92.741,,,,12.984523809523811,21.254761904761903,36.660714285714285,1.5499999999999998,103.64285714285714,Australian Grand Prix,Australia,2,2026
44,HAM,Ferrari,3.0,3.0,92.741,,,,12.984523809523811,21.254761904761903,36.660714285714285,1.5499999999999998,103.64285714285714,Australian Grand Prix,Australia,2,2026
16,LEC,Ferrari,4.0,4.0,92.741,,,,12.984523809523811,21.254761904761903,36.660714285714285,1.5499999999999998,103.64285714285714,Australian Grand Prix,Australia,2,2026
81,PIA,McLaren,5.0,19.0,92.741,,,,12.984523809523811,21.254761904761903,36.660714285714285,1.5499999999999998,103.64285714285714,Australian Grand Prix,Australia,2,2026
1,NOR,McLaren,6.0,20.0,92.741,,,,12.984523809523811,21.254761904761903,36.660714285714285,1.5499999999999998,103.64285714285714,Australian Grand Prix,Australia,2,2026
10,GAS,Alpine,7.0,6.0,92.741,,,,12.984523809523811,21.254761904761903,36.660714285714285,1.5499999999999998,103.64285714285714,Australian Grand Prix,Australia,2,2026
3,VER,Red Bull Racing,8.0,16.0,92.741,,,,12.984523809523811,21.254761904761903,36.660714285714285,1.5499999999999998,103.64285714285714,Australian Grand Prix,Australia,2,2026
6,HAD,Red Bull Racing,9.0,8.0,92.741,,,,12.984523809523811,21.254761904761903,36.660714285714285,1.5499999999999998,103.64285714285714,Australian Grand Prix,Australia,2,2026
87,BEA,Haas F1 Team,10.0,5.0,92.741,,,,12.984523809523811,21.254761904761903,36.660714285714285,1.5499999999999998,103.64285714285714,Australian Grand Prix,Australia,2,2026
27,HUL,Audi,11.0,11.0,92.741,,,,12.984523809523811,21.254761904761903,36.660714285714285,1.5499999999999998,103.64285714285714,Australian Grand Prix,Australia,2,2026
43,COL,Alpine,12.0,10.0,92.741,,,,12.984523809523811,21.254761904761903,36.660714285714285,1.5499999999999998,103.64285714285714,Australian Grand Prix,Australia,2,2026
31,OCO,Haas F1 Team,13.0,14.0,92.741,,,,12.984523809523811,21.254761904761903,36.660714285714285,1.5499999999999998,103.64285714285714,Australian Grand Prix,Australia,2,2026
30,LAW,Racing Bulls,14.0,7.0,92.741,,,,12.984523809523811,21.254761904761903,36.660714285714285,1.5499999999999998,103.64285714285714,Australian Grand Prix,Australia,2,2026
41,LIN,Racing Bulls,15.0,12.0,92.741,,,,12.984523809523811,21.254761904761903,36.660714285714285,1.5499999999999998,103.64285714285714,Australian Grand Prix,Australia,2,2026
5,BOR,Audi,16.0,21.0,92.741,,,,12.984523809523811,21.254761904761903,36.660714285714285,1.5499999999999998,103.64285714285714,Australian Grand Prix,Australia,2,2026
55,SAI,Williams,17.0,9.0,92.741,,,,12.984523809523811,21.254761904761903,36.660714285714285,1.5499999999999998,103.64285714285714,Australian Grand Prix,Australia,2,2026
23,ALB,Williams,18.0,22.0,92.741,,,,12.984523809523811,21.254761904761903,36.660714285714285,1.5499999999999998,103.64285714285714,Australian Grand Prix,Australia,2,2026
14,ALO,Aston Martin,19.0,17.0,92.741,,,,12.984523809523811,21.254761904761903,36.660714285714285,1.5499999999999998,103.64285714285714,Australian Grand Prix,Australia,2,2026
77,BOT,Cadillac,20.0,13.0,92.741,,,,12.984523809523811,21.254761904761903,36.660714285714285,1.5499999999999998,103.64285714285714,Australian Grand Prix,Australia,2,2026
18,STR,Aston Martin,21.0,18.0,92.741,,,,12.984523809523811,21.254761904761903,36.660714285714285,1.5499999999999998,103.64285714285714,Australian Grand Prix,Australia,2,2026
11,PER,Cadillac,22.0,15.0,92.741,,,,12.984523809523811,21.254761904761903,36.660714285714285,1.5499999999999998,103.64285714285714,Australian Grand Prix,Australia,2,2026
12,ANT,Mercedes,1.0,1.0,91.666,90.133,89.362,,17.171764705882353,28.64588235294117,46.41411764705882,1.8152941176470596,126.85882352941177,Chinese Grand Prix,China,3,2026
63,RUS,Mercedes,2.0,4.0,91.666,90.133,89.362,,17.171764705882353,28.64588235294117,46.41411764705882,1.8152941176470596,126.85882352941177,Chinese Grand Prix,China,3,2026
81,PIA,McLaren,3.0,2.0,91.666,90.133,89.362,,17.171764705882353,28.64588235294117,46.41411764705882,1.8152941176470596,126.85882352941177,Chinese Grand Prix,China,3,2026
16,LEC,Ferrari,4.0,3.0,91.666,90.133,89.362,,17.171764705882353,28.64588235294117,46.41411764705882,1.8152941176470596,126.85882352941177,Chinese Grand Prix,China,3,2026
1,NOR,McLaren,5.0,5.0,91.666,90.133,89.362,,17.171764705882353,28.64588235294117,46.41411764705882,1.8152941176470596,126.85882352941177,Chinese Grand Prix,China,3,2026
44,HAM,Ferrari,6.0,6.0,91.666,90.133,89.362,,17.171764705882353,28.64588235294117,46.41411764705882,1.8152941176470596,126.85882352941177,Chinese Grand Prix,China,3,2026
10,GAS,Alpine,7.0,7.0,91.666,90.133,89.362,,17.171764705882353,28.64588235294117,46.41411764705882,1.8152941176470596,126.85882352941177,Chinese Grand Prix,China,3,2026
6,HAD,Red Bull Racing,8.0,12.0,91.666,90.133,89.362,,17.171764705882353,28.64588235294117,46.41411764705882,1.8152941176470596,126.85882352941177,Chinese Grand Prix,China,3,2026
5,BOR,Audi,9.0,13.0,91.666,90.133,89.362,,17.171764705882353,28.64588235294117,46.41411764705882,1.8152941176470596,126.85882352941177,Chinese Grand Prix,China,3,2026
41,LIN,Racing Bulls,10.0,14.0,91.666,90.133,89.362,,17.171764705882353,28.64588235294117,46.41411764705882,1.8152941176470596,126.85882352941177,Chinese Grand Prix,China,3,2026
3,VER,Red Bull Racing,11.0,8.0,91.666,90.133,89.362,,17.171764705882353,28.64588235294117,46.41411764705882,1.8152941176470596,126.85882352941177,Chinese Grand Prix,China,3,2026
31,OCO,Haas F1 Team,12.0,10.0,91.666,90.133,89.362,,17.171764705882353,28.64588235294117,46.41411764705882,1.8152941176470596,126.85882352941177,Chinese Grand Prix,China,3,2026
27,HUL,Audi,13.0,11.0,91.666,90.133,89.362,,17.171764705882353,28.64588235294117,46.41411764705882,1.8152941176470596,126.85882352941177,Chinese Grand Prix,China,3,2026
30,LAW,Racing Bulls,14.0,9.0,91.666,90.133,89.362,,17.171764705882353,28.64588235294117,46.41411764705882,1.8152941176470596,126.85882352941177,Chinese Grand Prix,China,3,2026
43,COL,Alpine,15.0,16.0,91.666,90.133,89.362,,17.171764705882353,28.64588235294117,46.41411764705882,1.8152941176470596,126.85882352941177,Chinese Grand Prix,China,3,2026
55,SAI,Williams,16.0,15.0,91.666,90.133,89.362,,17.171764705882353,28.64588235294117,46.41411764705882,1.8152941176470596,126.85882352941177,Chinese Grand Prix,China,3,2026
23,ALB,Williams,17.0,20.0,91.666,90.133,89.362,,17.171764705882353,28.64588235294117,46.41411764705882,1.8152941176470596,126.85882352941177,Chinese Grand Prix,China,3,2026
87,BEA,Haas F1 Team,18.0,22.0,91.666,90.133,89.362,,17.171764705882353,28.64588235294117,46.41411764705882,1.8152941176470596,126.85882352941177,Chinese Grand Prix,China,3,2026
11,PER,Cadillac,19.0,17.0,91.666,90.133,89.362,,17.171764705882353,28.64588235294117,46.41411764705882,1.8152941176470596,126.85882352941177,Chinese Grand Prix,China,3,2026
77,BOT,Cadillac,20.0,19.0,91.666,90.133,89.362,,17.171764705882353,28.64588235294117,46.41411764705882,1.8152941176470596,126.85882352941177,Chinese Grand Prix,China,3,2026
14,ALO,Aston Martin,21.0,18.0,91.666,90.133,89.362,,17.171764705882353,28.64588235294117,46.41411764705882,1.8152941176470596,126.85882352941177,Chinese Grand Prix,China,3,2026
18,STR,Aston Martin,22.0,21.0,91.666,90.133,89.362,,17.171764705882353,28.64588235294117,46.41411764705882,1.8152941176470596,126.85882352941177,Chinese Grand Prix,China,3,2026
12,ANT,Mercedes,1.0,1.0,89.31,,,,30.998999999999995,53.04,44.93499999999999,2.5610000000000004,284.58,Japanese Grand Prix,Japan,4,2026
3,VER,Red Bull Racing,2.0,5.0,89.31,,,,30.998999999999995,53.04,44.93499999999999,2.5610000000000004,284.58,Japanese Grand Prix,Japan,4,2026
16,LEC,Ferrari,3.0,8.0,89.31,,,,30.998999999999995,53.04,44.93499999999999,2.5610000000000004,284.58,Japanese Grand Prix,Japan,4,2026
1,NOR,McLaren,4.0,2.0,89.31,,,,30.998999999999995,53.04,44.93499999999999,2.5610000000000004,284.58,Japanese Grand Prix,Japan,4,2026
63,RUS,Mercedes,5.0,4.0,89.31,,,,30.998999999999995,53.04,44.93499999999999,2.5610000000000004,284.58,Japanese Grand Prix,Japan,4,2026
44,HAM,Ferrari,6.0,6.0,89.31,,,,30.998999999999995,53.04,44.93499999999999,2.5610000000000004,284.58,Japanese Grand Prix,Japan,4,2026
81,PIA,McLaren,7.0,3.0,89.31,,,,30.998999999999995,53.04,44.93499999999999,2.5610000000000004,284.58,Japanese Grand Prix,Japan,4,2026
43,COL,Alpine,8.0,7.0,89.31,,,,30.998999999999995,53.04,44.93499999999999,2.5610000000000004,284.58,Japanese Grand Prix,Japan,4,2026
10,GAS,Alpine,9.0,21.0,89.31,,,,30.998999999999995,53.04,44.93499999999999,2.5610000000000004,284.58,Japanese Grand Prix,Japan,4,2026
27,HUL,Audi,10.0,19.0,89.31,,,,30.998999999999995,53.04,44.93499999999999,2.5610000000000004,284.58,Japanese Grand Prix,Japan,4,2026
30,LAW,Racing Bulls,11.0,20.0,89.31,,,,30.998999999999995,53.04,44.93499999999999,2.5610000000000004,284.58,Japanese Grand Prix,Japan,4,2026
87,BEA,Haas F1 Team,12.0,11.0,89.31,,,,30.998999999999995,53.04,44.93499999999999,2.5610000000000004,284.58,Japanese Grand Prix,Japan,4,2026
55,SAI,Williams,13.0,9.0,89.31,,,,30.998999999999995,53.04,44.93499999999999,2.5610000000000004,284.58,Japanese Grand Prix,Japan,4,2026
31,OCO,Haas F1 Team,14.0,13.0,89.31,,,,30.998999999999995,53.04,44.93499999999999,2.5610000000000004,284.58,Japanese Grand Prix,Japan,4,2026
23,ALB,Williams,15.0,10.0,89.31,,,,30.998999999999995,53.04,44.93499999999999,2.5610000000000004,284.58,Japanese Grand Prix,Japan,4,2026
41,LIN,Racing Bulls,16.0,14.0,89.31,,,,30.998999999999995,53.04,44.93499999999999,2.5610000000000004,284.58,Japanese Grand Prix,Japan,4,2026
14,ALO,Aston Martin,17.0,15.0,89.31,,,,30.998999999999995,53.04,44.93499999999999,2.5610000000000004,284.58,Japanese Grand Prix,Japan,4,2026
18,STR,Aston Martin,18.0,17.0,89.31,,,,30.998999999999995,53.04,44.93499999999999,2.5610000000000004,284.58,Japanese Grand Prix,Japan,4,2026
77,BOT,Cadillac,19.0,18.0,89.31,,,,30.998999999999995,53.04,44.93499999999999,2.5610000000000004,284.58,Japanese Grand Prix,Japan,4,2026
11,PER,Cadillac,20.0,16.0,89.31,,,,30.998999999999995,53.04,44.93499999999999,2.5610000000000004,284.58,Japanese Grand Prix,Japan,4,2026
5,BOR,Audi,21.0,12.0,89.31,,,,30.998999999999995,53.04,44.93499999999999,2.5610000000000004,284.58,Japanese Grand Prix,Japan,4,2026
6,HAD,Red Bull Racing,22.0,22.0,89.31,,,,30.998999999999995,53.04,44.93499999999999,2.5610000000000004,284.58,Japanese Grand Prix,Japan,4,2026
